{
  "agents": [
    {
      "active": true,
      "agent_id": "vol-breakout-v0",
      "expectancy_r": 0.7468523826905408,
      "gross_loss_r": 280.5097065200042,
      "gross_win_r": 831.6867649456243,
      "last_r": -1.102480568928,
      "losses": 271,
      "max_drawdown_r": 11.191848331651471,
      "peak_cum_r": 554.3620217750735,
      "profit_factor": 2.964912605925505,
      "rolling_sharpe": 0.5345163515548407,
      "sum_downside_r_squared": 305.4929714351008,
      "sum_r_squared": 1850.496301453796,
      "total_decisions": 738,
      "total_pnl_usd": 5511.770584256195,
      "total_r": 551.1770584256191,
      "win_rate": 0.6327913279132791,
      "wins": 467
    },
    {
      "active": true,
      "agent_id": "gen97-mut1525-vol-breakout-v0",
      "expectancy_r": 0.7116662244783806,
      "gross_loss_r": 158.9197570703159,
      "gross_win_r": 467.7828984939327,
      "last_r": 0.7436906990876522,
      "losses": 157,
      "max_drawdown_r": 8.2621766248148,
      "peak_cum_r": 310.3244994719557,
      "profit_factor": 2.9435163199183387,
      "rolling_sharpe": 0.5205765887285174,
      "sum_downside_r_squared": 171.57901664256391,
      "sum_r_squared": 1029.0362822597729,
      "total_decisions": 434,
      "total_pnl_usd": 3088.9200384993223,
      "total_r": 308.86314142361715,
      "win_rate": 0.6382488479262672,
      "wins": 277
    },
    {
      "active": true,
      "agent_id": "gen93-mut1477-vol-breakout-v0",
      "expectancy_r": 0.7510509834029276,
      "gross_loss_r": 147.61189016286454,
      "gross_win_r": 440.5217736900065,
      "last_r": 1.9057573832459287,
      "losses": 138,
      "max_drawdown_r": 7.522007197085685,
      "peak_cum_r": 296.13176032449655,
      "profit_factor": 2.9843244551910137,
      "rolling_sharpe": 0.5382032023668084,
      "sum_downside_r_squared": 161.03543685115724,
      "sum_r_squared": 977.5133624670594,
      "total_decisions": 390,
      "total_pnl_usd": 2928.7885734875117,
      "total_r": 292.9098835271418,
      "win_rate": 0.6461538461538462,
      "wins": 252
    },
    {
      "active": true,
      "agent_id": "gen131-mut1959-vol-breakout-v0",
      "expectancy_r": 0.6836461308742526,
      "gross_loss_r": 32.89335915893032,
      "gross_win_r": 91.00328028324179,
      "last_r": 0.7436906990876522,
      "losses": 33,
      "max_drawdown_r": 4.414566862209327,
      "peak_cum_r": 58.77401741647805,
      "profit_factor": 2.7666155908109804,
      "rolling_sharpe": 0.49051883218046594,
      "sum_downside_r_squared": 35.988298610093835,
      "sum_r_squared": 202.89298653400084,
      "total_decisions": 85,
      "total_pnl_usd": 581.0992112431146,
      "total_r": 58.10992112431147,
      "win_rate": 0.611764705882353,
      "wins": 52
    },
    {
      "active": true,
      "agent_id": "gen131-mut1967-vol-breakout-v0",
      "expectancy_r": 0.6764053894368894,
      "gross_loss_r": 31.0311052093677,
      "gross_win_r": 84.46713097488197,
      "last_r": 1.9057573832459287,
      "losses": 30,
      "max_drawdown_r": 4.685743549736912,
      "peak_cum_r": 54.536026057811206,
      "profit_factor": 2.722014907460755,
      "rolling_sharpe": 0.48570465703746696,
      "sum_downside_r_squared": 33.76352237434784,
      "sum_r_squared": 187.41837937659938,
      "total_decisions": 79,
      "total_pnl_usd": 534.3602576551426,
      "total_r": 53.436025765514266,
      "win_rate": 0.620253164556962,
      "wins": 49
    },
    {
      "active": true,
      "agent_id": "gen132-mut1981-vol-breakout-v0",
      "expectancy_r": 0.5919735512770301,
      "gross_loss_r": 31.978278533678008,
      "gross_win_r": 81.11208328967153,
      "last_r": 0.6460482885491481,
      "losses": 29,
      "max_drawdown_r": 4.41444011290109,
      "peak_cum_r": 50.684311127957834,
      "profit_factor": 2.5364743509957277,
      "rolling_sharpe": 0.43676953219996,
      "sum_downside_r_squared": 35.28183897926681,
      "sum_r_squared": 179.71671471147073,
      "total_decisions": 83,
      "total_pnl_usd": 491.33804755993503,
      "total_r": 49.133804755993495,
      "win_rate": 0.6506024096385542,
      "wins": 54
    },
    {
      "active": true,
      "agent_id": "gen131-mut1957-vol-breakout-v0",
      "expectancy_r": 0.6228343156489596,
      "gross_loss_r": 27.75280479217366,
      "gross_win_r": 70.10553825630292,
      "last_r": -1.0940740915854863,
      "losses": 27,
      "max_drawdown_r": 6.276780130700544,
      "peak_cum_r": 44.32891948452769,
      "profit_factor": 2.526070383922882,
      "rolling_sharpe": 0.44571522443360645,
      "sum_downside_r_squared": 30.010074564027196,
      "sum_r_squared": 157.20800940097706,
      "total_decisions": 68,
      "total_pnl_usd": 423.5273346412926,
      "total_r": 42.35273346412926,
      "win_rate": 0.6029411764705882,
      "wins": 41
    },
    {
      "active": true,
      "agent_id": "gen136-mut2027-vol-breakout-v0",
      "expectancy_r": 0.2842735560751446,
      "gross_loss_r": 14.469852115199036,
      "gross_win_r": 22.145238129227934,
      "last_r": 0.7436906990876522,
      "losses": 13,
      "max_drawdown_r": 4.4144401129010795,
      "peak_cum_r": 9.136744062367415,
      "profit_factor": 1.5304398381491906,
      "rolling_sharpe": 0.19876582667059595,
      "sum_downside_r_squared": 16.11732487019395,
      "sum_r_squared": 55.363684972052184,
      "total_decisions": 27,
      "total_pnl_usd": 76.75386014028906,
      "total_r": 7.675386014028904,
      "win_rate": 0.5185185185185185,
      "wins": 14
    },
    {
      "active": true,
      "agent_id": "gen137-mut2044-vol-breakout-v0",
      "expectancy_r": 0.1982570067768332,
      "gross_loss_r": 7.713631885305475,
      "gross_win_r": 10.48922998018114,
      "last_r": 1.9057573832459287,
      "losses": 7,
      "max_drawdown_r": 4.4145090462938255,
      "peak_cum_r": 3.4252728515537334,
      "profit_factor": 1.3598302506713082,
      "rolling_sharpe": 0.13778247471020433,
      "sum_downside_r_squared": 8.501045845946592,
      "sum_r_squared": 27.4664033110902,
      "total_decisions": 14,
      "total_pnl_usd": 27.75598094875665,
      "total_r": 2.7755980948756647,
      "win_rate": 0.5,
      "wins": 7
    },
    {
      "active": true,
      "agent_id": "gen138-mut2046-vol-breakout-v0",
      "expectancy_r": 0,
      "gross_loss_r": 0,
      "gross_win_r": 0,
      "last_r": 0,
      "losses": 0,
      "max_drawdown_r": 0,
      "peak_cum_r": 0,
      "profit_factor": 0,
      "rolling_sharpe": 0,
      "sum_downside_r_squared": 0,
      "sum_r_squared": 0,
      "total_decisions": 0,
      "total_pnl_usd": 0,
      "total_r": 0,
      "win_rate": 0,
      "wins": 0
    },
    {
      "active": true,
      "agent_id": "gen138-mut2047-vol-breakout-v0",
      "expectancy_r": 0,
      "gross_loss_r": 0,
      "gross_win_r": 0,
      "last_r": 0,
      "losses": 0,
      "max_drawdown_r": 0,
      "peak_cum_r": 0,
      "profit_factor": 0,
      "rolling_sharpe": 0,
      "sum_downside_r_squared": 0,
      "sum_r_squared": 0,
      "total_decisions": 0,
      "total_pnl_usd": 0,
      "total_r": 0,
      "win_rate": 0,
      "wins": 0
    },
    {
      "active": true,
      "agent_id": "gen138-mut2048-vol-breakout-v0",
      "expectancy_r": 0,
      "gross_loss_r": 0,
      "gross_win_r": 0,
      "last_r": 0,
      "losses": 0,
      "max_drawdown_r": 0,
      "peak_cum_r": 0,
      "profit_factor": 0,
      "rolling_sharpe": 0,
      "sum_downside_r_squared": 0,
      "sum_r_squared": 0,
      "total_decisions": 0,
      "total_pnl_usd": 0,
      "total_r": 0,
      "win_rate": 0,
      "wins": 0
    },
    {
      "active": true,
      "agent_id": "gen138-mut2049-vol-breakout-v0",
      "expectancy_r": 0,
      "gross_loss_r": 0,
      "gross_win_r": 0,
      "last_r": 0,
      "losses": 0,
      "max_drawdown_r": 0,
      "peak_cum_r": 0,
      "profit_factor": 0,
      "rolling_sharpe": 0,
      "sum_downside_r_squared": 0,
      "sum_r_squared": 0,