{
  "agents": [
    {
      "active": true,
      "agent_id": "gen228-mut329-funding-trend-v1",
      "expectancy_r": 0.6983011463250351,
      "gross_loss_r": 3.3975290252432226,
      "gross_win_r": 17.363551951743926,
      "last_r": 1.882473104215751,
      "losses": 4,
      "max_drawdown_r": 2.300505702216226,
      "peak_cum_r": 13.966022926500703,
      "profit_factor": 5.11064124036465,
      "rolling_sharpe": 0.6511570704321059,
      "sum_downside_r_squared": 3.6682885330261428,
      "sum_r_squared": 31.603302283939502,
      "total_decisions": 20,
      "total_pnl_usd": 139.660229265007,
      "total_r": 13.966022926500703,
      "win_rate": 0.8,
      "wins": 16
    },
    {
      "active": true,
      "agent_id": "vol-breakout-v1",
      "expectancy_r": 0.842159952727229,
      "gross_loss_r": 352.88114091937746,
      "gross_win_r": 1201.7783732684243,
      "last_r": -1.1417083845731337,
      "losses": 344,
      "max_drawdown_r": 5.497204776236856,
      "peak_cum_r": 850.0389407336199,
      "profit_factor": 3.4056180223668964,
      "rolling_sharpe": 0.6097140651345051,
      "sum_downside_r_squared": 382.00392306534184,
      "sum_r_squared": 2636.0791026335673,
      "total_decisions": 1008,
      "total_pnl_usd": 8488.972323490463,
      "total_r": 848.8972323490468,
      "win_rate": 0.6587301587301587,
      "wins": 664
    },
    {
      "active": true,
      "agent_id": "gen231-mut373-funding-trend-v1",
      "expectancy_r": 0.6805877204875043,
      "gross_loss_r": 2.2471860667333132,
      "gross_win_r": 8.372475551120852,
      "last_r": 1.8600667539699693,
      "losses": 2,
      "max_drawdown_r": 1.544510267734175,
      "peak_cum_r": 6.1252894843875385,
      "profit_factor": 3.725759818051801,
      "rolling_sharpe": 0.5844501787909113,
      "sum_downside_r_squared": 2.5253058588380526,
      "sum_r_squared": 15.01713494474158,
      "total_decisions": 9,
      "total_pnl_usd": 61.25289484387539,
      "total_r": 6.1252894843875385,
      "win_rate": 0.7777777777777778,
      "wins": 7
    },
    {
      "active": true,
      "agent_id": "vol-breakout-v0",
      "expectancy_r": 0.7694836774728682,
      "gross_loss_r": 570.2481779776051,
      "gross_win_r": 1775.2596169001188,
      "last_r": 0.5557232455129171,
      "losses": 560,
      "max_drawdown_r": 5.3746873532020345,
      "peak_cum_r": 1205.0114389225116,
      "profit_factor": 3.113135097066171,
      "rolling_sharpe": 0.557438364531826,
      "sum_downside_r_squared": 614.4882580660196,
      "sum_r_squared": 3909.3177728868395,
      "total_decisions": 1566,
      "total_pnl_usd": 12050.114389225138,
      "total_r": 1205.0114389225116,
      "win_rate": 0.6424010217113666,
      "wins": 1006
    },
    {
      "active": true,
      "agent_id": "gen2-mut25-vol-breakout-v0",
      "expectancy_r": 0.7645729356624685,
      "gross_loss_r": 495.33275184285964,
      "gross_win_r": 1481.6318388474415,
      "last_r": -1.1420882605192244,
      "losses": 486,
      "max_drawdown_r": 5.507957176917159,
      "peak_cum_r": 987.4411752651037,
      "profit_factor": 2.991184881950785,
      "rolling_sharpe": 0.5411780974283998,
      "sum_downside_r_squared": 530.9748637044557,
      "sum_r_squared": 3326.923114769858,
      "total_decisions": 1290,
      "total_pnl_usd": 9862.99087004581,
      "total_r": 986.2990870045844,
      "win_rate": 0.6232558139534884,
      "wins": 804
    },
    {
      "active": true,
      "agent_id": "gen58-mut389-liq-trend-v1",
      "expectancy_r": 0.3144873896258216,
      "gross_loss_r": 16.813860586394874,
      "gross_win_r": 30.651305729931025,
      "last_r": -1.0795628261391592,
      "losses": 16,
      "max_drawdown_r": 9.997512762743884,
      "peak_cum_r": 17.093247681986963,
      "profit_factor": 1.8229784630623664,
      "rolling_sharpe": 0.2585112978892188,
      "sum_downside_r_squared": 17.927360247200337,
      "sum_r_squared": 67.98960653810465,
      "total_decisions": 44,
      "total_pnl_usd": 138.37445143536152,
      "total_r": 13.83744514353615,
      "win_rate": 0.6363636363636364,
      "wins": 28
    },
    {
      "active": true,
      "agent_id": "gen32-mut40-liq-fade-v0",
      "expectancy_r": 0.18297121513098633,
      "gross_loss_r": 12.968555825523156,
      "gross_win_r": 19.921462000500632,
      "last_r": -1.160831620355443,
      "losses": 17,
      "max_drawdown_r": 8.02040477993566,
      "peak_cum_r": 9.26253915118954,
      "profit_factor": 1.5361357323452778,
      "rolling_sharpe": 0.177685056551975,
      "sum_downside_r_squared": 12.848010606994496,
      "sum_r_squared": 40.50644107489359,
      "total_decisions": 38,
      "total_pnl_usd": 69.52906174977483,
      "total_r": 6.95290617497748,
      "win_rate": 0.5526315789473685,
      "wins": 21
    },
    {
      "active": true,
      "agent_id": "funding-arb-v0",
      "expectancy_r": 0.3025,
      "gross_loss_r": 10,
      "gross_win_r": 16.5,
      "last_r": 1,
      "losses": 10,
      "max_drawdown_r": 3,
      "peak_cum_r": 6.6701250000000005,
      "profit_factor": 1.65,
      "rolling_sharpe": 0.28300000000000003,
      "sum_downside_r_squared": 10,
      "sum_r_squared": 34.75,
      "total_decisions": 21,
      "total_pnl_usd": 63.525,
      "total_r": 6.3525,
      "win_rate": 0.5238095238095238,
      "wins": 11,
      "is_warmup": true
    },
    {
      "active": true,
      "agent_id": "polyedge-v0",
      "expectancy_r": 0.5931000000000001,
      "gross_loss_r": 19,
      "gross_win_r": 52.5,
      "last_r": 1,
      "losses": 19,
      "max_drawdown_r": 3,
      "peak_cum_r": 33.62877000000001,
      "profit_factor": 2.763157894736842,
      "rolling_sharpe": 0.55172,
      "sum_downside_r_squared": 19,
      "sum_r_squared": 97.75,
      "total_decisions": 54,
      "total_pnl_usd": 320.27400000000006,
      "total_r": 32.02740000000001,
      "win_rate": 0.6481481481481481,
      "wins": 35,
      "is_warmup": true
    },
    {
      "active": true,
      "agent_id": "gen232-mut380-liq-trend-v1",
      "expectancy_r": 0.4681,
      "gross_loss_r": 16,
      "gross_win_r": 28.5,
      "last_r": 1,
      "losses": 16,
      "max_drawdown_r": 3,
      "peak_cum_r": 17.202675000000003,
      "profit_factor": 1.78125,
      "rolling_sharpe": 0.38172,
      "sum_downside_r_squared": 16,
      "sum_r_squared": 58.75,
      "total_decisions": 35,
      "total_pnl_usd": 163.835,
      "total_r": 16.3835,
      "win_rate": 0.5428571428571428,
      "wins": 19,
      "is_warmup": true
    },
    {
      "active": true,
      "agent_id": "gen232-mut381-liq-fade-v0",
      "expectancy_r": 0.42660000000000003,
      "gross_loss_r": 19,
      "gross_win_r": 40.5,
      "last_r": 1,
      "losses": 19,
      "max_drawdown_r": 3,
      "peak_cum_r": 20.604780000000005,
      "profit_factor": 2.1315789473684212,
      "rolling_sharpe": 0.39192,
      "sum_downside_r_squared": 19,
      "sum_r_squared": 79.75,
      "total_decisions": 46,
      "total_pnl_usd": 196.23600000000005,
      "total_r": 19.623600000000003,
      "win_rate": 0.5869565217391305,
      "wins": 27,
      "is_warmup": true
    },
    {
      "active": true,
      "agent_id": "gen232-mut382-funding-arb-v1",
      "expectancy_r": 0.31739999999999996,
      "gross_loss_r": 11,
      "gross_win_r": 18,
      "last_r": 1,
      "losses": 11,
      "max_drawdown_r": 3,
      "peak_cum_r": 7.66521,
      "profit_factor": 1.6363636363636365,
      "rolling_sharpe": 0.30088000000000004,
      "sum_downside_r_squared": 11,
      "sum_r_squared": 38,
      "total_decisions": 23,
      "total_pnl_usd": 73.002,
      "total_r": 7.300199999999999,
      "win_rate": 0.5217391304347826,
      "wins": 12,
      "is_warmup": true
    },
    {
      "active": true,
      "agent_id": "gen232-mut383-polyedge-v1",
      "expectancy_r": 0.5907,
      "gross_loss_r": 19,
      "gross_win_r": 51,
      "last_r": 1,
      "losses": 19,
      "max_drawdown_r": 3,