{
  "agents": [
    {
      "active": true,
      "agent_id": "vol-breakout-v1",
      "expectancy_r": 0.8810858855366052,
      "gross_loss_r": 203.70241279053954,
      "gross_win_r": 745.5702323955521,
      "last_r": 0.6687530931966166,
      "losses": 200,
      "max_drawdown_r": 5.497204776236856,
      "peak_cum_r": 541.8678196050122,
      "profit_factor": 3.660095244734275,
      "rolling_sharpe": 0.6474614842525631,
      "sum_downside_r_squared": 219.8246981723213,
      "sum_r_squared": 1614.4753326583318,
      "total_decisions": 615,
      "total_pnl_usd": 5418.678196050117,
      "total_r": 541.8678196050122,
      "win_rate": 0.6747967479674797,
      "wins": 415
    },
    {
      "active": true,
      "agent_id": "vol-breakout-v0",
      "expectancy_r": 0.7677090056624297,
      "gross_loss_r": 350.70146313822346,
      "gross_win_r": 1091.540653602468,
      "last_r": 0.6687530931966166,
      "losses": 345,
      "max_drawdown_r": 5.374687353201978,
      "peak_cum_r": 740.8391904642447,
      "profit_factor": 3.1124496711103093,
      "rolling_sharpe": 0.5566360925832683,
      "sum_downside_r_squared": 377.5485938219104,
      "sum_r_squared": 2402.4459358180334,
      "total_decisions": 965,
      "total_pnl_usd": 7408.391904642445,
      "total_r": 740.8391904642447,
      "win_rate": 0.6424870466321243,
      "wins": 620
    },
    {
      "active": true,
      "agent_id": "gen2-mut25-vol-breakout-v0",
      "expectancy_r": 0.7648845537553659,
      "gross_loss_r": 303.09602336121924,
      "gross_win_r": 911.9441281504902,
      "last_r": 0.6687530931966166,
      "losses": 298,
      "max_drawdown_r": 5.507957176917159,
      "peak_cum_r": 608.8481047892712,
      "profit_factor": 3.0087630911068306,
      "rolling_sharpe": 0.5432602309748407,
      "sum_downside_r_squared": 324.53387364766985,
      "sum_r_squared": 2041.6508615183984,
      "total_decisions": 796,
      "total_pnl_usd": 6088.481047892696,
      "total_r": 608.8481047892712,
      "win_rate": 0.6256281407035176,
      "wins": 498
    },
    {
      "active": true,
      "agent_id": "gen31-mut40-liq-fade-v0",
      "expectancy_r": 0.18297121513098635,
      "gross_loss_r": 12.968555825523156,
      "gross_win_r": 19.921462000500632,
      "last_r": -1.160831620355443,
      "losses": 17,
      "max_drawdown_r": 8.02040477993566,
      "peak_cum_r": 9.26253915118954,
      "profit_factor": 1.5361357323452778,
      "rolling_sharpe": 0.17768505655197506,
      "sum_downside_r_squared": 12.848010606994494,
      "sum_r_squared": 40.50644107489358,
      "total_decisions": 38,
      "total_pnl_usd": 69.52906174977483,
      "total_r": 6.952906174977482,
      "win_rate": 0.5526315789473685,
      "wins": 21
    },
    {
      "active": true,
      "agent_id": "gen8-mut106-liq-trend-v1",
      "expectancy_r": 0.17913783133738218,
      "gross_loss_r": 17.13778818173334,
      "gross_win_r": 24.303301435228622,
      "last_r": -1.0578151640546016,
      "losses": 20,
      "max_drawdown_r": 8.459410640376621,
      "peak_cum_r": 11.481274172409924,
      "profit_factor": 1.418111904378232,
      "rolling_sharpe": 0.14884928550255452,
      "sum_downside_r_squared": 17.378123492642768,
      "sum_r_squared": 57.77025198908811,
      "total_decisions": 40,
      "total_pnl_usd": 71.65513253495286,
      "total_r": 7.165513253495287,
      "win_rate": 0.5,
      "wins": 20
    },
    {
      "active": true,
      "agent_id": "funding-trend-v0",
      "expectancy_r": 0.4297,
      "gross_loss_r": 13,
      "gross_win_r": 24,
      "last_r": 1,
      "losses": 13,
      "max_drawdown_r": 3,
      "peak_cum_r": 13.084365000000002,
      "profit_factor": 1.8461538461538463,
      "rolling_sharpe": 0.37564000000000003,
      "sum_downside_r_squared": 13,
      "sum_r_squared": 49,
      "total_decisions": 29,
      "total_pnl_usd": 124.61300000000001,
      "total_r": 12.461300000000001,
      "win_rate": 0.5517241379310345,
      "wins": 16,
      "is_warmup": true
    },
    {
      "active": true,
      "agent_id": "funding-arb-v0",
      "expectancy_r": 0.3025,
      "gross_loss_r": 10,
      "gross_win_r": 16.5,
      "last_r": 1,
      "losses": 10,
      "max_drawdown_r": 3,
      "peak_cum_r": 6.6701250000000005,
      "profit_factor": 1.65,
      "rolling_sharpe": 0.28300000000000003,
      "sum_downside_r_squared": 10,
      "sum_r_squared": 34.75,
      "total_decisions": 21,
      "total_pnl_usd": 63.525,
      "total_r": 6.3525,
      "win_rate": 0.5238095238095238,
      "wins": 11,
      "is_warmup": true
    },
    {
      "active": true,
      "agent_id": "polyedge-v0",
      "expectancy_r": 0.5931000000000001,
      "gross_loss_r": 19,
      "gross_win_r": 52.5,
      "last_r": 1,
      "losses": 19,
      "max_drawdown_r": 3,
      "peak_cum_r": 33.62877000000001,
      "profit_factor": 2.763157894736842,
      "rolling_sharpe": 0.55172,
      "sum_downside_r_squared": 19,
      "sum_r_squared": 97.75,
      "total_decisions": 54,
      "total_pnl_usd": 320.27400000000006,
      "total_r": 32.02740000000001,
      "win_rate": 0.6481481481481481,
      "wins": 35,
      "is_warmup": true
    },
    {
      "active": true,
      "agent_id": "gen140-mut378-liq-fade-v0",
      "expectancy_r": 0.38060000000000005,
      "gross_loss_r": 16,
      "gross_win_r": 27,
      "last_r": 1,
      "losses": 16,
      "max_drawdown_r": 3,
      "peak_cum_r": 13.587420000000003,
      "profit_factor": 1.6875,
      "rolling_sharpe": 0.33671999999999996,
      "sum_downside_r_squared": 16,
      "sum_r_squared": 56.5,
      "total_decisions": 34,
      "total_pnl_usd": 129.40400000000002,
      "total_r": 12.940400000000002,
      "win_rate": 0.5294117647058824,
      "wins": 18,
      "is_warmup": true
    },
    {
      "active": true,
      "agent_id": "gen140-mut379-funding-trend-v1",
      "expectancy_r": 0.4356,
      "gross_loss_r": 13,
      "gross_win_r": 25.5,
      "last_r": 1,
      "losses": 13,
      "max_drawdown_r": 3,
      "peak_cum_r": 13.721400000000001,
      "profit_factor": 1.9615384615384615,
      "rolling_sharpe": 0.38272,
      "sum_downside_r_squared": 13,
      "sum_r_squared": 51.25,
      "total_decisions": 30,
      "total_pnl_usd": 130.68,
      "total_r": 13.068,
      "win_rate": 0.5666666666666667,
      "wins": 17,
      "is_warmup": true
    },
    {
      "active": true,
      "agent_id": "gen140-mut380-funding-arb-v1",
      "expectancy_r": 0.34719999999999995,
      "gross_loss_r": 13,
      "gross_win_r": 24,
      "last_r": 1,
      "losses": 13,
      "max_drawdown_r": 3,
      "peak_cum_r": 10.57224,
      "profit_factor": 1.8461538461538463,
      "rolling_sharpe": 0.33664,
      "sum_downside_r_squared": 13,
      "sum_r_squared": 49,
      "total_decisions": 29,
      "total_pnl_usd": 100.68799999999999,
      "total_r": 10.0688,
      "win_rate": 0.5517241379310345,
      "wins": 16,
      "is_warmup": true
    },
    {
      "active": true,
      "agent_id": "gen140-mut381-polyedge-v1",
      "expectancy_r": 0.5361,
      "gross_loss_r": 15,
      "gross_win_r": 34.5,
      "last_r": 1,
      "losses": 15,
      "max_drawdown_r": 3,
      "peak_cum_r": 21.39039,
      "profit_factor": 2.3,
      "rolling_sharpe": 0.48331999999999997,
      "sum_downside_r_squared": 15,
      "sum_r_squared": 66.75,
      "total_decisions": 38,
      "total_pnl_usd": 203.71800000000002,
      "total_r": 20.3718,
      "win_rate": 0.6052631578947368,
      "wins": 23,
      "is_warmup": true
    },
    {
      "active": true,
      "agent_id": "gen140-mut383-liq-fade-v0",
      "expectancy_r": 0.37760000000000005,
      "gross_loss_r": 15,
      "gross_win_r": 27,
      "last_r": 1,
      "losses": 15,
      "max_drawdown_r": 3,
      "peak_cum_r": 13.083840000000002,
      "profit_factor": 1.8,
      "rolling_sharpe": 0.33311999999999997,
      "sum_downside_r_squared": 15,
      "sum_r_squared": 55.5,
      "total_decisions": 33,