{
  "agents": [
    {
      "active": true,
      "agent_id": "vol-breakout-v1",
      "expectancy_r": 0.8732864580155795,
      "gross_loss_r": 749.8726510578074,
      "gross_win_r": 2679.835723272238,
      "last_r": 1.8591339151130082,
      "losses": 731,
      "max_drawdown_r": 5.49720477623714,
      "peak_cum_r": 1929.9630722144307,
      "profit_factor": 3.5737211105004687,
      "rolling_sharpe": 0.6371374687661009,
      "sum_downside_r_squared": 811.7588539213589,
      "sum_r_squared": 5835.360723495215,
      "total_decisions": 2210,
      "total_pnl_usd": 19299.63072214434,
      "total_r": 1929.9630722144307,
      "win_rate": 0.6692307692307692,
      "wins": 1479
    },
    {
      "active": true,
      "agent_id": "vol-breakout-v0",
      "expectancy_r": 0.8021053602868805,
      "gross_loss_r": 1211.7776048065443,
      "gross_win_r": 3952.5716209068237,
      "last_r": 1.8377889238327885,
      "losses": 1190,
      "max_drawdown_r": 5.374687353202262,
      "peak_cum_r": 2740.7940161002707,
      "profit_factor": 3.2617962283086066,
      "rolling_sharpe": 0.5834466251582358,
      "sum_downside_r_squared": 1305.7880657978021,
      "sum_r_squared": 8654.627270688763,
      "total_decisions": 3417,
      "total_pnl_usd": 27407.94016100266,
      "total_r": 2740.7940161002707,
      "win_rate": 0.6517412935323383,
      "wins": 2227
    },
    {
      "active": true,
      "agent_id": "gen2-mut25-vol-breakout-v0",
      "expectancy_r": 0.7954581165380059,
      "gross_loss_r": 1058.825727302775,
      "gross_win_r": 3333.0404824849265,
      "last_r": 1.859115321326751,
      "losses": 1052,
      "max_drawdown_r": 5.507957176917216,
      "peak_cum_r": 2274.214755182159,
      "profit_factor": 3.1478650324972994,
      "rolling_sharpe": 0.5677639055243174,
      "sum_downside_r_squared": 1131.6572091220553,
      "sum_r_squared": 7419.0224219877055,
      "total_decisions": 2859,
      "total_pnl_usd": 22742.147551821687,
      "total_r": 2274.214755182159,
      "win_rate": 0.6320391745365512,
      "wins": 1807
    },
    {
      "active": true,
      "agent_id": "gen505-mut309-funding-trend-v1",
      "expectancy_r": 0.5269704696534985,
      "gross_loss_r": 5.0212947134652754,
      "gross_win_r": 19.24949739410973,
      "last_r": 0.23157305623840632,
      "losses": 7,
      "max_drawdown_r": 2.205160136739055,
      "peak_cum_r": 16.201789761145108,
      "profit_factor": 3.8335725131786473,
      "rolling_sharpe": 0.542871619985337,
      "sum_downside_r_squared": 5.088347552797547,
      "sum_r_squared": 31.99702718962191,
      "total_decisions": 27,
      "total_pnl_usd": 142.2820268064446,
      "total_r": 14.22820268064446,
      "win_rate": 0.7407407407407407,
      "wins": 20
    },
    {
      "active": true,
      "agent_id": "gen439-mut246-funding-trend-v1",
      "expectancy_r": 0.22195319913288905,
      "gross_loss_r": 31.40360030762108,
      "gross_win_r": 47.38423064518909,
      "last_r": -1.12029312954826,
      "losses": 34,
      "max_drawdown_r": 8.658177248371599,
      "peak_cum_r": 24.63880758593961,
      "profit_factor": 1.5088789241050748,
      "rolling_sharpe": 0.18043009260733717,
      "sum_downside_r_squared": 32.1945190823087,
      "sum_r_squared": 110.98626509387908,
      "total_decisions": 72,
      "total_pnl_usd": 159.80630337568022,
      "total_r": 15.98063033756801,
      "win_rate": 0.5277777777777778,
      "wins": 38
    },
    {
      "active": true,
      "agent_id": "gen33-mut40-liq-fade-v0",
      "expectancy_r": 0.18297121513098635,
      "gross_loss_r": 12.968555825523156,
      "gross_win_r": 19.921462000500632,
      "last_r": -1.160831620355443,
      "losses": 17,
      "max_drawdown_r": 8.02040477993566,
      "peak_cum_r": 9.26253915118954,
      "profit_factor": 1.5361357323452778,
      "rolling_sharpe": 0.17768505655197506,
      "sum_downside_r_squared": 12.848010606994494,
      "sum_r_squared": 40.50644107489357,
      "total_decisions": 38,
      "total_pnl_usd": 69.52906174977483,
      "total_r": 6.952906174977482,
      "win_rate": 0.5526315789473685,
      "wins": 21
    },
    {
      "active": true,
      "agent_id": "funding-arb-v0",
      "expectancy_r": 0.3025,
      "gross_loss_r": 10,
      "gross_win_r": 16.5,
      "last_r": 1,
      "losses": 10,
      "max_drawdown_r": 3,
      "peak_cum_r": 6.6701250000000005,
      "profit_factor": 1.65,
      "rolling_sharpe": 0.28300000000000003,
      "sum_downside_r_squared": 10,
      "sum_r_squared": 34.75,
      "total_decisions": 21,
      "total_pnl_usd": 63.525,
      "total_r": 6.3525,
      "win_rate": 0.5238095238095238,
      "wins": 11,
      "is_warmup": true
    },
    {
      "active": true,
      "agent_id": "polyedge-v0",
      "expectancy_r": 0.5931000000000001,
      "gross_loss_r": 19,
      "gross_win_r": 52.5,
      "last_r": 1,
      "losses": 19,
      "max_drawdown_r": 3,
      "peak_cum_r": 33.62877000000001,
      "profit_factor": 2.763157894736842,
      "rolling_sharpe": 0.55172,
      "sum_downside_r_squared": 19,
      "sum_r_squared": 97.75,
      "total_decisions": 54,
      "total_pnl_usd": 320.27400000000006,
      "total_r": 32.02740000000001,
      "win_rate": 0.6481481481481481,
      "wins": 35,
      "is_warmup": true
    },
    {
      "active": true,
      "agent_id": "gen510-mut366-liq-trend-v1",
      "expectancy_r": 0.5192,
      "gross_loss_r": 20,
      "gross_win_r": 46.5,
      "last_r": 1,
      "losses": 20,
      "max_drawdown_r": 3,
      "peak_cum_r": 27.80316,
      "profit_factor": 2.325,
      "rolling_sharpe": 0.44304,
      "sum_downside_r_squared": 20,
      "sum_r_squared": 89.75,
      "total_decisions": 51,
      "total_pnl_usd": 264.792,
      "total_r": 26.4792,
      "win_rate": 0.6078431372549019,
      "wins": 31,
      "is_warmup": true
    },
    {
      "active": true,
      "agent_id": "gen510-mut367-liq-fade-v0",
      "expectancy_r": 0.35450000000000004,
      "gross_loss_r": 13,
      "gross_win_r": 21,
      "last_r": 1,
      "losses": 13,
      "max_drawdown_r": 3,
      "peak_cum_r": 10.050075000000001,
      "profit_factor": 1.6153846153846154,
      "rolling_sharpe": 0.3054,
      "sum_downside_r_squared": 13,
      "sum_r_squared": 44.5,
      "total_decisions": 27,
      "total_pnl_usd": 95.715,
      "total_r": 9.5715,
      "win_rate": 0.5185185185185185,
      "wins": 14,
      "is_warmup": true
    },
    {
      "active": true,
      "agent_id": "gen510-mut368-funding-arb-v1",
      "expectancy_r": 0.3947,
      "gross_loss_r": 16,
      "gross_win_r": 34.5,
      "last_r": 1,
      "losses": 16,
      "max_drawdown_r": 3,
      "peak_cum_r": 16.162965,
      "profit_factor": 2.15625,
      "rolling_sharpe": 0.39364,
      "sum_downside_r_squared": 16,
      "sum_r_squared": 67.75,
      "total_decisions": 39,
      "total_pnl_usd": 153.933,
      "total_r": 15.3933,
      "win_rate": 0.5897435897435898,
      "wins": 23,
      "is_warmup": true
    },
    {
      "active": true,
      "agent_id": "gen510-mut369-polyedge-v1",
      "expectancy_r": 0.5776,
      "gross_loss_r": 18,
      "gross_win_r": 48,
      "last_r": 1,
      "losses": 18,
      "max_drawdown_r": 3,
      "peak_cum_r": 30.324,
      "profit_factor": 2.6666666666666665,
      "rolling_sharpe": 0.53312,
      "sum_downside_r_squared": 18,
      "sum_r_squared": 90,
      "total_decisions": 50,
      "total_pnl_usd": 288.8,
      "total_r": 28.88,
      "win_rate": 0.64,
      "wins": 32,
      "is_warmup": true
    },
    {
      "active": true,
      "agent_id": "gen510-mut370-liq-trend-v1",
      "expectancy_r": 0.5105,
      "gross_loss_r": 20,
      "gross_win_r": 42,
      "last_r": 1,
      "losses": 20,
      "max_drawdown_r": 3,
      "peak_cum_r": 25.7292,
      "profit_factor": 2.1,
      "rolling_sharpe": 0.4326,
      "sum_downside_r_squared": 20,
      "sum_r_squared": 83,
      "total_decisions": 48,