{
  "agents": [
    {
      "active": true,
      "agent_id": "vol-breakout-v1",
      "expectancy_r": 0.8541402135460954,
      "gross_loss_r": 172.21183795734294,
      "gross_win_r": 600.9902251574832,
      "last_r": -1.1410779686106463,
      "losses": 170,
      "max_drawdown_r": 5.497204776236856,
      "peak_cum_r": 429.91946516875055,
      "profit_factor": 3.489831084122969,
      "rolling_sharpe": 0.6211834972975732,
      "sum_downside_r_squared": 186.05457046660487,
      "sum_r_squared": 1313.4686104582204,
      "total_decisions": 502,
      "total_pnl_usd": 4287.783872001396,
      "total_r": 428.7783872001399,
      "win_rate": 0.6613545816733067,
      "wins": 332
    },
    {
      "active": true,
      "agent_id": "vol-breakout-v0",
      "expectancy_r": 0.7697511072106824,
      "gross_loss_r": 285.1187604162358,
      "gross_win_r": 887.0641262549892,
      "last_r": 1.8893717688772746,
      "losses": 280,
      "max_drawdown_r": 5.3746873532020345,
      "peak_cum_r": 601.9453658387537,
      "profit_factor": 3.111209255259081,
      "rolling_sharpe": 0.5570614279336182,
      "sum_downside_r_squared": 307.23187803202507,
      "sum_r_squared": 1954.5810998427792,
      "total_decisions": 782,
      "total_pnl_usd": 6019.453658387535,
      "total_r": 601.9453658387537,
      "win_rate": 0.6419437340153452,
      "wins": 502
    },
    {
      "active": true,
      "agent_id": "gen2-mut25-vol-breakout-v0",
      "expectancy_r": 0.757225568985357,
      "gross_loss_r": 246.61697613929363,
      "gross_win_r": 731.2413402899222,
      "last_r": -1.1410779686106463,
      "losses": 242,
      "max_drawdown_r": 5.507957176917159,
      "peak_cum_r": 485.76544211923914,
      "profit_factor": 2.965089231638718,
      "rolling_sharpe": 0.5359668362077865,
      "sum_downside_r_squared": 264.38422149640564,
      "sum_r_squared": 1642.4555686621225,
      "total_decisions": 640,
      "total_pnl_usd": 4846.24364150628,
      "total_r": 484.6243641506285,
      "win_rate": 0.621875,
      "wins": 398
    },
    {
      "active": true,
      "agent_id": "gen105-mut221-liq-fade-v0",
      "expectancy_r": 0.27251463787279745,
      "gross_loss_r": 3.2990484631882118,
      "gross_win_r": 9.02185585851696,
      "last_r": 0.5168787191065395,
      "losses": 7,
      "max_drawdown_r": 2.8576407978866785,
      "peak_cum_r": 8.063569474108885,
      "profit_factor": 2.7346842458319656,
      "rolling_sharpe": 0.3312314983715202,
      "sum_downside_r_squared": 2.68785357278837,
      "sum_r_squared": 15.097296211307937,
      "total_decisions": 21,
      "total_pnl_usd": 57.22807395328748,
      "total_r": 5.722807395328746,
      "win_rate": 0.6666666666666666,
      "wins": 14
    },
    {
      "active": true,
      "agent_id": "gen86-mut387-liq-trend-v1",
      "expectancy_r": 0.19846997667879124,
      "gross_loss_r": 35.42083840528784,
      "gross_win_r": 49.9091467028396,
      "last_r": -0.22147891631162242,
      "losses": 37,
      "max_drawdown_r": 11.206341048938825,
      "peak_cum_r": 20.21765243339295,
      "profit_factor": 1.4090334658873815,
      "rolling_sharpe": 0.15402055831546904,
      "sum_downside_r_squared": 36.792248340512394,
      "sum_r_squared": 122.42966925483776,
      "total_decisions": 73,
      "total_pnl_usd": 144.88308297551765,
      "total_r": 14.488308297551761,
      "win_rate": 0.4931506849315068,
      "wins": 36
    },
    {
      "active": true,
      "agent_id": "gen88-mut15-funding-arb-v1",
      "expectancy_r": 0.05024421589492062,
      "gross_loss_r": 35.936425762709746,
      "gross_win_r": 38.80034606872023,
      "last_r": -1.0993845946228382,
      "losses": 35,
      "max_drawdown_r": 10.435585817994502,
      "peak_cum_r": 13.299506124004978,
      "profit_factor": 1.079694077672641,
      "rolling_sharpe": 0.03558839209563672,
      "sum_downside_r_squared": 38.525599247196254,
      "sum_r_squared": 111.7642607573454,
      "total_decisions": 57,
      "total_pnl_usd": 28.63920306010482,
      "total_r": 2.8639203060104754,
      "win_rate": 0.38596491228070173,
      "wins": 22
    },
    {
      "active": true,
      "agent_id": "gen112-mut312-funding-trend-v1",
      "expectancy_r": 1.0305335627539647,
      "gross_loss_r": 0,
      "gross_win_r": 1.0305335627539647,
      "last_r": 1.0305335627539647,
      "losses": 0,
      "max_drawdown_r": 0,
      "peak_cum_r": 1.0305335627539647,
      "profit_factor": null,
      "rolling_sharpe": 0,
      "sum_downside_r_squared": 0,
      "sum_r_squared": 1.0619994239623796,
      "total_decisions": 1,
      "total_pnl_usd": 10.305335627539646,
      "total_r": 1.0305335627539647,
      "win_rate": 1,
      "wins": 1
    },
    {
      "active": true,
      "agent_id": "gen114-mut346-liq-fade-v0",
      "expectancy_r": 0.5168787191065395,
      "gross_loss_r": 0,
      "gross_win_r": 0.5168787191065395,
      "last_r": 0.5168787191065395,
      "losses": 0,
      "max_drawdown_r": 0,
      "peak_cum_r": 0.5168787191065395,
      "profit_factor": null,
      "rolling_sharpe": 0,
      "sum_downside_r_squared": 0,
      "sum_r_squared": 0.26716361026521696,
      "total_decisions": 1,
      "total_pnl_usd": 5.168787191065395,
      "total_r": 0.5168787191065395,
      "win_rate": 1,
      "wins": 1
    },
    {
      "active": true,
      "agent_id": "polyedge-v0",
      "expectancy_r": 0.5931000000000001,
      "gross_loss_r": 19,
      "gross_win_r": 52.5,
      "last_r": 1,
      "losses": 19,
      "max_drawdown_r": 3,
      "peak_cum_r": 33.62877000000001,
      "profit_factor": 2.763157894736842,
      "rolling_sharpe": 0.55172,
      "sum_downside_r_squared": 19,
      "sum_r_squared": 97.75,
      "total_decisions": 54,
      "total_pnl_usd": 320.27400000000006,
      "total_r": 32.02740000000001,
      "win_rate": 0.6481481481481481,
      "wins": 35,
      "is_warmup": true
    },
    {
      "active": true,
      "agent_id": "gen115-mut349-liq-trend-v1",
      "expectancy_r": 0.4902,
      "gross_loss_r": 18,
      "gross_win_r": 36,
      "last_r": 1,
      "losses": 18,
      "max_drawdown_r": 3,
      "peak_cum_r": 21.617820000000002,
      "profit_factor": 2,
      "rolling_sharpe": 0.40824,
      "sum_downside_r_squared": 18,
      "sum_r_squared": 72,
      "total_decisions": 42,
      "total_pnl_usd": 205.88400000000001,
      "total_r": 20.5884,
      "win_rate": 0.5714285714285714,
      "wins": 24,
      "is_warmup": true
    },
    {
      "active": true,
      "agent_id": "gen115-mut350-funding-trend-v0",
      "expectancy_r": 0.47100000000000003,
      "gross_loss_r": 16,
      "gross_win_r": 33,
      "last_r": 1,
      "losses": 16,
      "max_drawdown_r": 3,
      "peak_cum_r": 18.7929,
      "profit_factor": 2.0625,
      "rolling_sharpe": 0.4252,
      "sum_downside_r_squared": 16,
      "sum_r_squared": 65.5,
      "total_decisions": 38,
      "total_pnl_usd": 178.98,
      "total_r": 17.898,
      "win_rate": 0.5789473684210527,
      "wins": 22,
      "is_warmup": true
    },
    {
      "active": true,
      "agent_id": "gen115-mut351-funding-arb-v1",
      "expectancy_r": 0.3248,
      "gross_loss_r": 12,
      "gross_win_r": 19.5,
      "last_r": 1,
      "losses": 12,
      "max_drawdown_r": 3,
      "peak_cum_r": 8.526,
      "profit_factor": 1.625,
      "rolling_sharpe": 0.30976000000000004,
      "sum_downside_r_squared": 12,
      "sum_r_squared": 41.25,
      "total_decisions": 25,
      "total_pnl_usd": 81.19999999999999,
      "total_r": 8.12,
      "win_rate": 0.52,
      "wins": 13,
      "is_warmup": true
    },
    {
      "active": true,
      "agent_id": "gen115-mut352-polyedge-v1",
      "expectancy_r": 0.5091,
      "gross_loss_r": 13,
      "gross_win_r": 27,
      "last_r": 1,
      "losses": 13,
      "max_drawdown_r": 3,
      "peak_cum_r": 16.571205,
      "profit_factor": 2.076923076923077,
      "rolling_sharpe": 0.45092,
      "sum_downside_r_squared": 13,