{
  "agents": [
    {
      "active": true,
      "agent_id": "vol-breakout-v1",
      "expectancy_r": 0.8796827955062393,
      "gross_loss_r": 407.40482558107936,
      "gross_win_r": 1489.4146640537551,
      "last_r": 0.6067675987309167,
      "losses": 400,
      "max_drawdown_r": 5.49720477623714,
      "peak_cum_r": 1082.0098384726743,
      "profit_factor": 3.655859161534012,
      "rolling_sharpe": 0.6465196356849984,
      "sum_downside_r_squared": 439.64939634464184,
      "sum_r_squared": 3227.135779235928,
      "total_decisions": 1230,
      "total_pnl_usd": 10820.098384726765,
      "total_r": 1082.0098384726743,
      "win_rate": 0.6747967479674797,
      "wins": 830
    },
    {
      "active": true,
      "agent_id": "vol-breakout-v0",
      "expectancy_r": 0.7646171043797888,
      "gross_loss_r": 702.715927038034,
      "gross_win_r": 2181.4854069085513,
      "last_r": 0.6067675987309167,
      "losses": 693,
      "max_drawdown_r": 5.374687353202262,
      "peak_cum_r": 1478.8722852124417,
      "profit_factor": 3.10436311882608,
      "rolling_sharpe": 0.5546797531972292,
      "sum_downside_r_squared": 755.8168454332995,
      "sum_r_squared": 4803.8135174693725,
      "total_decisions": 1934,
      "total_pnl_usd": 14787.694798705172,
      "total_r": 1478.7694798705115,
      "win_rate": 0.6416752843846949,
      "wins": 1241
    },
    {
      "active": true,
      "agent_id": "gen2-mut25-vol-breakout-v0",
      "expectancy_r": 0.770146903214696,
      "gross_loss_r": 608.2768708171924,
      "gross_win_r": 1845.1327973799932,
      "last_r": 0.6067675987309167,
      "losses": 598,
      "max_drawdown_r": 5.507957176917216,
      "peak_cum_r": 1236.8559265628019,
      "profit_factor": 3.0333765525247425,
      "rolling_sharpe": 0.5475620711072968,
      "sum_downside_r_squared": 651.2420071348399,
      "sum_r_squared": 4127.646583071733,
      "total_decisions": 1606,
      "total_pnl_usd": 12368.55926562799,
      "total_r": 1236.8559265628019,
      "win_rate": 0.6276463262764632,
      "wins": 1008
    },
    {
      "active": true,
      "agent_id": "gen31-mut40-liq-fade-v0",
      "expectancy_r": 0.18297121513098635,
      "gross_loss_r": 12.968555825523156,
      "gross_win_r": 19.921462000500632,
      "last_r": -1.160831620355443,
      "losses": 17,
      "max_drawdown_r": 8.02040477993566,
      "peak_cum_r": 9.26253915118954,
      "profit_factor": 1.5361357323452778,
      "rolling_sharpe": 0.17768505655197506,
      "sum_downside_r_squared": 12.848010606994494,
      "sum_r_squared": 40.50644107489358,
      "total_decisions": 38,
      "total_pnl_usd": 69.52906174977483,
      "total_r": 6.952906174977482,
      "win_rate": 0.5526315789473685,
      "wins": 21
    },
    {
      "active": true,
      "agent_id": "gen8-mut106-liq-trend-v1",
      "expectancy_r": 0.17913783133738218,
      "gross_loss_r": 17.13778818173334,
      "gross_win_r": 24.303301435228622,
      "last_r": -1.0578151640546016,
      "losses": 20,
      "max_drawdown_r": 8.459410640376621,
      "peak_cum_r": 11.481274172409924,
      "profit_factor": 1.418111904378232,
      "rolling_sharpe": 0.14884928550255452,
      "sum_downside_r_squared": 17.378123492642768,
      "sum_r_squared": 57.77025198908811,
      "total_decisions": 40,
      "total_pnl_usd": 71.65513253495286,
      "total_r": 7.165513253495287,
      "win_rate": 0.5,
      "wins": 20
    },
    {
      "active": true,
      "agent_id": "funding-trend-v0",
      "expectancy_r": 0.4297,
      "gross_loss_r": 13,
      "gross_win_r": 24,
      "last_r": 1,
      "losses": 13,
      "max_drawdown_r": 3,
      "peak_cum_r": 13.084365000000002,
      "profit_factor": 1.8461538461538463,
      "rolling_sharpe": 0.37564000000000003,
      "sum_downside_r_squared": 13,
      "sum_r_squared": 49,
      "total_decisions": 29,
      "total_pnl_usd": 124.61300000000001,
      "total_r": 12.461300000000001,
      "win_rate": 0.5517241379310345,
      "wins": 16,
      "is_warmup": true
    },
    {
      "active": true,
      "agent_id": "funding-arb-v0",
      "expectancy_r": 0.3025,
      "gross_loss_r": 10,
      "gross_win_r": 16.5,
      "last_r": 1,
      "losses": 10,
      "max_drawdown_r": 3,
      "peak_cum_r": 6.6701250000000005,
      "profit_factor": 1.65,
      "rolling_sharpe": 0.28300000000000003,
      "sum_downside_r_squared": 10,
      "sum_r_squared": 34.75,
      "total_decisions": 21,
      "total_pnl_usd": 63.525,
      "total_r": 6.3525,
      "win_rate": 0.5238095238095238,
      "wins": 11,
      "is_warmup": true
    },
    {
      "active": true,
      "agent_id": "polyedge-v0",
      "expectancy_r": 0.5931000000000001,
      "gross_loss_r": 19,
      "gross_win_r": 52.5,
      "last_r": 1,
      "losses": 19,
      "max_drawdown_r": 3,
      "peak_cum_r": 33.62877000000001,
      "profit_factor": 2.763157894736842,
      "rolling_sharpe": 0.55172,
      "sum_downside_r_squared": 19,
      "sum_r_squared": 97.75,
      "total_decisions": 54,
      "total_pnl_usd": 320.27400000000006,
      "total_r": 32.02740000000001,
      "win_rate": 0.6481481481481481,
      "wins": 35,
      "is_warmup": true
    },
    {
      "active": true,
      "agent_id": "gen280-mut378-liq-fade-v0",
      "expectancy_r": 0.4393,
      "gross_loss_r": 20,
      "gross_win_r": 43.5,
      "last_r": 1,
      "losses": 20,
      "max_drawdown_r": 3,
      "peak_cum_r": 22.601985000000003,
      "profit_factor": 2.175,
      "rolling_sharpe": 0.40715999999999997,
      "sum_downside_r_squared": 20,
      "sum_r_squared": 85.25,
      "total_decisions": 49,
      "total_pnl_usd": 215.257,
      "total_r": 21.5257,
      "win_rate": 0.5918367346938775,
      "wins": 29,
      "is_warmup": true
    },
    {
      "active": true,
      "agent_id": "gen280-mut379-funding-trend-v1",
      "expectancy_r": 0.4869,
      "gross_loss_r": 16,
      "gross_win_r": 37.5,
      "last_r": 1,
      "losses": 16,
      "max_drawdown_r": 3,
      "peak_cum_r": 20.961045000000002,
      "profit_factor": 2.34375,
      "rolling_sharpe": 0.44428,
      "sum_downside_r_squared": 16,
      "sum_r_squared": 72.25,
      "total_decisions": 41,
      "total_pnl_usd": 199.62900000000002,
      "total_r": 19.9629,
      "win_rate": 0.6097560975609756,
      "wins": 25,
      "is_warmup": true
    },
    {
      "active": true,
      "agent_id": "gen280-mut380-funding-arb-v1",
      "expectancy_r": 0.30369999999999997,
      "gross_loss_r": 10,
      "gross_win_r": 16.5,
      "last_r": 1,
      "losses": 10,
      "max_drawdown_r": 3,
      "peak_cum_r": 6.696584999999999,
      "profit_factor": 1.65,
      "rolling_sharpe": 0.28444,
      "sum_downside_r_squared": 10,
      "sum_r_squared": 34.75,
      "total_decisions": 21,
      "total_pnl_usd": 63.77699999999999,
      "total_r": 6.377699999999999,
      "win_rate": 0.5238095238095238,
      "wins": 11,
      "is_warmup": true
    },
    {
      "active": true,
      "agent_id": "gen280-mut381-polyedge-v1",
      "expectancy_r": 0.5326000000000001,
      "gross_loss_r": 15,
      "gross_win_r": 33,
      "last_r": 1,
      "losses": 15,
      "max_drawdown_r": 3,
      "peak_cum_r": 20.691510000000005,
      "profit_factor": 2.2,
      "rolling_sharpe": 0.47912,
      "sum_downside_r_squared": 15,
      "sum_r_squared": 64.5,
      "total_decisions": 37,
      "total_pnl_usd": 197.062,
      "total_r": 19.706200000000003,
      "win_rate": 0.5945945945945946,
      "wins": 22,
      "is_warmup": true
    },
    {
      "active": true,
      "agent_id": "gen280-mut383-liq-fade-v0",
      "expectancy_r": 0.3715,
      "gross_loss_r": 15,
      "gross_win_r": 25.5,
      "last_r": 1,
      "losses": 15,
      "max_drawdown_r": 3,
      "peak_cum_r": 12.4824,
      "profit_factor": 1.7,
      "rolling_sharpe": 0.3258,
      "sum_downside_r_squared": 15,
      "sum_r_squared": 53.25,
      "total_decisions": 32,
      "total_pnl_usd": 118.88,