{
  "agents": [
    {
      "active": true,
      "agent_id": "vol-breakout-v0",
      "expectancy_r": 0.7515226000083008,
      "gross_loss_r": 1755.9248148962458,
      "gross_win_r": 5345.196752535887,
      "last_r": 0.8369398216177357,
      "losses": 1744,
      "max_drawdown_r": 5.374687353202262,
      "peak_cum_r": 3589.271937639645,
      "profit_factor": 3.0440920403825626,
      "rolling_sharpe": 0.5434025407771634,
      "sum_downside_r_squared": 1888.2548810858364,
      "sum_r_squared": 11830.433269417068,
      "total_decisions": 4776,
      "total_pnl_usd": 35892.71937639635,
      "total_r": 3589.271937639645,
      "win_rate": 0.6348408710217756,
      "wins": 3032
    },
    {
      "active": true,
      "agent_id": "gen2-mut25-vol-breakout-v0",
      "expectancy_r": 0.7650736372445296,
      "gross_loss_r": 1523.8602098763217,
      "gross_win_r": 4574.208801570259,
      "last_r": 1.8740328300945974,
      "losses": 1498,
      "max_drawdown_r": 5.507957176917216,
      "peak_cum_r": 3051.428115912285,
      "profit_factor": 3.0017246804688913,
      "rolling_sharpe": 0.5426367949453842,
      "sum_downside_r_squared": 1631.456456769596,
      "sum_r_squared": 10257.391428051198,
      "total_decisions": 3987,
      "total_pnl_usd": 30503.485916939888,
      "total_r": 3050.3485916939394,
      "win_rate": 0.6242789064459493,
      "wins": 2489
    },
    {
      "active": true,
      "agent_id": "vol-breakout-v1",
      "expectancy_r": 0.8697981704999235,
      "gross_loss_r": 1018.5120639526974,
      "gross_win_r": 3650.5213278854644,
      "last_r": 0.8369398216177357,
      "losses": 1000,
      "max_drawdown_r": 5.49720477623714,
      "peak_cum_r": 2632.0092639327686,
      "profit_factor": 3.584170926477121,
      "rolling_sharpe": 0.6365684552960766,
      "sum_downside_r_squared": 1099.1234908616061,
      "sum_r_squared": 7937.023500617552,
      "total_decisions": 3026,
      "total_pnl_usd": 26320.092639327708,
      "total_r": 2632.0092639327686,
      "win_rate": 0.6695307336417713,
      "wins": 2026
    },
    {
      "active": true,
      "agent_id": "gen8-mut106-liq-trend-v1",
      "expectancy_r": 0.17913783133738218,
      "gross_loss_r": 17.13778818173334,
      "gross_win_r": 24.303301435228622,
      "last_r": -1.0578151640546016,
      "losses": 20,
      "max_drawdown_r": 8.459410640376621,
      "peak_cum_r": 11.481274172409924,
      "profit_factor": 1.418111904378232,
      "rolling_sharpe": 0.14884928550255452,
      "sum_downside_r_squared": 17.378123492642768,
      "sum_r_squared": 57.77025198908811,
      "total_decisions": 40,
      "total_pnl_usd": 71.65513253495286,
      "total_r": 7.165513253495287,
      "win_rate": 0.5,
      "wins": 20
    },
    {
      "active": true,
      "agent_id": "gen31-mut40-liq-fade-v0",
      "expectancy_r": 0.18297121513098635,
      "gross_loss_r": 12.968555825523156,
      "gross_win_r": 19.921462000500632,
      "last_r": -1.160831620355443,
      "losses": 17,
      "max_drawdown_r": 8.02040477993566,
      "peak_cum_r": 9.26253915118954,
      "profit_factor": 1.5361357323452778,
      "rolling_sharpe": 0.17768505655197506,
      "sum_downside_r_squared": 12.848010606994494,
      "sum_r_squared": 40.50644107489358,
      "total_decisions": 38,
      "total_pnl_usd": 69.52906174977483,
      "total_r": 6.952906174977482,
      "win_rate": 0.5526315789473685,
      "wins": 21
    },
    {
      "active": true,
      "agent_id": "funding-trend-v0",
      "expectancy_r": 0.4297,
      "gross_loss_r": 13,
      "gross_win_r": 24,
      "last_r": 1,
      "losses": 13,
      "max_drawdown_r": 3,
      "peak_cum_r": 13.084365000000002,
      "profit_factor": 1.8461538461538463,
      "rolling_sharpe": 0.37564000000000003,
      "sum_downside_r_squared": 13,
      "sum_r_squared": 49,
      "total_decisions": 29,
      "total_pnl_usd": 124.61300000000001,
      "total_r": 12.461300000000001,
      "win_rate": 0.5517241379310345,
      "wins": 16,
      "is_warmup": true
    },
    {
      "active": true,
      "agent_id": "funding-arb-v0",
      "expectancy_r": 0.3025,
      "gross_loss_r": 10,
      "gross_win_r": 16.5,
      "last_r": 1,
      "losses": 10,
      "max_drawdown_r": 3,
      "peak_cum_r": 6.6701250000000005,
      "profit_factor": 1.65,
      "rolling_sharpe": 0.28300000000000003,
      "sum_downside_r_squared": 10,
      "sum_r_squared": 34.75,
      "total_decisions": 21,
      "total_pnl_usd": 63.525,
      "total_r": 6.3525,
      "win_rate": 0.5238095238095238,
      "wins": 11,
      "is_warmup": true
    },
    {
      "active": true,
      "agent_id": "polyedge-v0",
      "expectancy_r": 0.5931000000000001,
      "gross_loss_r": 19,
      "gross_win_r": 52.5,
      "last_r": 1,
      "losses": 19,
      "max_drawdown_r": 3,
      "peak_cum_r": 33.62877000000001,
      "profit_factor": 2.763157894736842,
      "rolling_sharpe": 0.55172,
      "sum_downside_r_squared": 19,
      "sum_r_squared": 97.75,
      "total_decisions": 54,
      "total_pnl_usd": 320.27400000000006,
      "total_r": 32.02740000000001,
      "win_rate": 0.6481481481481481,
      "wins": 35,
      "is_warmup": true
    },
    {
      "active": true,
      "agent_id": "gen700-mut377-liq-trend-v1",
      "expectancy_r": 0.5237,
      "gross_loss_r": 21,
      "gross_win_r": 46.5,
      "last_r": 1,
      "losses": 21,
      "max_drawdown_r": 3,
      "peak_cum_r": 28.594020000000004,
      "profit_factor": 2.2142857142857144,
      "rolling_sharpe": 0.44844,
      "sum_downside_r_squared": 21,
      "sum_r_squared": 90.75,
      "total_decisions": 52,
      "total_pnl_usd": 272.324,
      "total_r": 27.232400000000002,
      "win_rate": 0.5961538461538461,
      "wins": 31,
      "is_warmup": true
    },
    {
      "active": true,
      "agent_id": "gen700-mut378-liq-fade-v0",
      "expectancy_r": 0.4312,
      "gross_loss_r": 19,
      "gross_win_r": 42,
      "last_r": 1,
      "losses": 19,
      "max_drawdown_r": 3,
      "peak_cum_r": 21.27972,
      "profit_factor": 2.210526315789474,
      "rolling_sharpe": 0.39744,
      "sum_downside_r_squared": 19,
      "sum_r_squared": 82,
      "total_decisions": 47,
      "total_pnl_usd": 202.66400000000002,
      "total_r": 20.2664,
      "win_rate": 0.5957446808510638,
      "wins": 28,
      "is_warmup": true
    },
    {
      "active": true,
      "agent_id": "gen700-mut379-funding-trend-v1",
      "expectancy_r": 0.48860000000000003,
      "gross_loss_r": 16,
      "gross_win_r": 37.5,
      "last_r": 1,
      "losses": 16,
      "max_drawdown_r": 3,
      "peak_cum_r": 21.034230000000004,
      "profit_factor": 2.34375,
      "rolling_sharpe": 0.44632000000000005,
      "sum_downside_r_squared": 16,
      "sum_r_squared": 72.25,
      "total_decisions": 41,
      "total_pnl_usd": 200.32600000000002,
      "total_r": 20.032600000000002,
      "win_rate": 0.6097560975609756,
      "wins": 25,
      "is_warmup": true
    },
    {
      "active": true,
      "agent_id": "gen700-mut380-funding-arb-v1",
      "expectancy_r": 0.3334,
      "gross_loss_r": 13,
      "gross_win_r": 21,
      "last_r": 1,
      "losses": 13,
      "max_drawdown_r": 3,
      "peak_cum_r": 9.45189,
      "profit_factor": 1.6153846153846154,
      "rolling_sharpe": 0.32008000000000003,
      "sum_downside_r_squared": 13,
      "sum_r_squared": 44.5,
      "total_decisions": 27,
      "total_pnl_usd": 90.018,
      "total_r": 9.0018,
      "win_rate": 0.5185185185185185,
      "wins": 14,
      "is_warmup": true
    },
    {
      "active": true,
      "agent_id": "gen700-mut381-polyedge-v1",
      "expectancy_r": 0.5059,
      "gross_loss_r": 13,
      "gross_win_r": 25.5,
      "last_r": 1,
      "losses": 13,
      "max_drawdown_r": 3,
      "peak_cum_r": 15.93585,
      "profit_factor": 1.9615384615384615,
      "rolling_sharpe": 0.44708,
      "sum_downside_r_squared": 13,
      "sum_r_squared": 51.25,
      "total_decisions": 30,