{
  "agents": [
    {
      "active": true,
      "agent_id": "vol-breakout-v0",
      "expectancy_r": 0.7473833894628298,
      "gross_loss_r": 1054.5187271162538,
      "gross_win_r": 3189.0456874221063,
      "last_r": -1.122896323689727,
      "losses": 1054,
      "max_drawdown_r": 5.374687353202262,
      "peak_cum_r": 2135.8027079538188,
      "profit_factor": 3.024171695976467,
      "rolling_sharpe": 0.5394575096279878,
      "sum_downside_r_squared": 1133.1507084592492,
      "sum_r_squared": 7075.284136113519,
      "total_decisions": 2856,
      "total_pnl_usd": 21345.269603058463,
      "total_r": 2134.526960305842,
      "win_rate": 0.6309523809523809,
      "wins": 1802
    },
    {
      "active": true,
      "agent_id": "gen2-mut25-vol-breakout-v0",
      "expectancy_r": 0.761424132184463,
      "gross_loss_r": 913.4939860166593,
      "gross_win_r": 2723.399148219123,
      "last_r": -1.122896323689727,
      "losses": 898,
      "max_drawdown_r": 5.507957176917216,
      "peak_cum_r": 1812.134314775533,
      "profit_factor": 2.981299482982537,
      "rolling_sharpe": 0.5391436417068298,
      "sum_downside_r_squared": 978.0302208844465,
      "sum_r_squared": 6117.149399290722,
      "total_decisions": 2377,
      "total_pnl_usd": 18099.05162202473,
      "total_r": 1809.9051622024685,
      "win_rate": 0.6222128733697938,
      "wins": 1479
    },
    {
      "active": true,
      "agent_id": "vol-breakout-v1",
      "expectancy_r": 0.8678099732079662,
      "gross_loss_r": 611.1072383716191,
      "gross_win_r": 2178.372049985209,
      "last_r": 0.9217126424719664,
      "losses": 600,
      "max_drawdown_r": 5.49720477623714,
      "peak_cum_r": 1567.264811613587,
      "profit_factor": 3.56463139888473,
      "rolling_sharpe": 0.6338624621035555,
      "sum_downside_r_squared": 659.4740945169629,
      "sum_r_squared": 4743.356131665291,
      "total_decisions": 1806,
      "total_pnl_usd": 15672.64811613594,
      "total_r": 1567.264811613587,
      "win_rate": 0.6677740863787376,
      "wins": 1206
    },
    {
      "active": true,
      "agent_id": "gen8-mut106-liq-trend-v1",
      "expectancy_r": 0.17913783133738218,
      "gross_loss_r": 17.13778818173334,
      "gross_win_r": 24.303301435228622,
      "last_r": -1.0578151640546016,
      "losses": 20,
      "max_drawdown_r": 8.459410640376621,
      "peak_cum_r": 11.481274172409924,
      "profit_factor": 1.418111904378232,
      "rolling_sharpe": 0.14884928550255452,
      "sum_downside_r_squared": 17.378123492642768,
      "sum_r_squared": 57.77025198908811,
      "total_decisions": 40,
      "total_pnl_usd": 71.65513253495286,
      "total_r": 7.165513253495287,
      "win_rate": 0.5,
      "wins": 20
    },
    {
      "active": true,
      "agent_id": "gen31-mut40-liq-fade-v0",
      "expectancy_r": 0.18297121513098635,
      "gross_loss_r": 12.968555825523156,
      "gross_win_r": 19.921462000500632,
      "last_r": -1.160831620355443,
      "losses": 17,
      "max_drawdown_r": 8.02040477993566,
      "peak_cum_r": 9.26253915118954,
      "profit_factor": 1.5361357323452778,
      "rolling_sharpe": 0.17768505655197506,
      "sum_downside_r_squared": 12.848010606994494,
      "sum_r_squared": 40.50644107489358,
      "total_decisions": 38,
      "total_pnl_usd": 69.52906174977483,
      "total_r": 6.952906174977482,
      "win_rate": 0.5526315789473685,
      "wins": 21
    },
    {
      "active": true,
      "agent_id": "gen420-mut382-liq-trend-v1",
      "expectancy_r": 0.008278902818430281,
      "gross_loss_r": 1.9655840287742306,
      "gross_win_r": 2.0152574456848122,
      "last_r": -0.6023215065706311,
      "losses": 4,
      "max_drawdown_r": 1.227695460065508,
      "peak_cum_r": 0.7847632868162477,
      "profit_factor": 1.025271581465565,
      "rolling_sharpe": 0.008014715724408527,
      "sum_downside_r_squared": 1.8876626109606278,
      "sum_r_squared": 5.335471485829243,
      "total_decisions": 6,
      "total_pnl_usd": 0.49673416910581647,
      "total_r": 0.04967341691058169,
      "win_rate": 0.3333333333333333,
      "wins": 2
    },
    {
      "active": true,
      "agent_id": "funding-trend-v0",
      "expectancy_r": 0.4297,
      "gross_loss_r": 13,
      "gross_win_r": 24,
      "last_r": 1,
      "losses": 13,
      "max_drawdown_r": 3,
      "peak_cum_r": 13.084365000000002,
      "profit_factor": 1.8461538461538463,
      "rolling_sharpe": 0.37564000000000003,
      "sum_downside_r_squared": 13,
      "sum_r_squared": 49,
      "total_decisions": 29,
      "total_pnl_usd": 124.61300000000001,
      "total_r": 12.461300000000001,
      "win_rate": 0.5517241379310345,
      "wins": 16,
      "is_warmup": true
    },
    {
      "active": true,
      "agent_id": "funding-arb-v0",
      "expectancy_r": 0.3025,
      "gross_loss_r": 10,
      "gross_win_r": 16.5,
      "last_r": 1,
      "losses": 10,
      "max_drawdown_r": 3,
      "peak_cum_r": 6.6701250000000005,
      "profit_factor": 1.65,
      "rolling_sharpe": 0.28300000000000003,
      "sum_downside_r_squared": 10,
      "sum_r_squared": 34.75,
      "total_decisions": 21,
      "total_pnl_usd": 63.525,
      "total_r": 6.3525,
      "win_rate": 0.5238095238095238,
      "wins": 11,
      "is_warmup": true
    },
    {
      "active": true,
      "agent_id": "polyedge-v0",
      "expectancy_r": 0.5931000000000001,
      "gross_loss_r": 19,
      "gross_win_r": 52.5,
      "last_r": 1,
      "losses": 19,
      "max_drawdown_r": 3,
      "peak_cum_r": 33.62877000000001,
      "profit_factor": 2.763157894736842,
      "rolling_sharpe": 0.55172,
      "sum_downside_r_squared": 19,
      "sum_r_squared": 97.75,
      "total_decisions": 54,
      "total_pnl_usd": 320.27400000000006,
      "total_r": 32.02740000000001,
      "win_rate": 0.6481481481481481,
      "wins": 35,
      "is_warmup": true
    },
    {
      "active": true,
      "agent_id": "gen420-mut377-liq-trend-v1",
      "expectancy_r": 0.535,
      "gross_loss_r": 22,
      "gross_win_r": 51,
      "last_r": 1,
      "losses": 22,
      "max_drawdown_r": 3,
      "peak_cum_r": 31.458000000000002,
      "profit_factor": 2.3181818181818183,
      "rolling_sharpe": 0.46199999999999997,
      "sum_downside_r_squared": 22,
      "sum_r_squared": 98.5,
      "total_decisions": 56,
      "total_pnl_usd": 299.6,
      "total_r": 29.96,
      "win_rate": 0.6071428571428571,
      "wins": 34,
      "is_warmup": true
    },
    {
      "active": true,
      "agent_id": "gen420-mut378-liq-fade-v0",
      "expectancy_r": 0.4237,
      "gross_loss_r": 19,
      "gross_win_r": 39,
      "last_r": 1,
      "losses": 19,
      "max_drawdown_r": 3,
      "peak_cum_r": 20.019825,
      "profit_factor": 2.0526315789473686,
      "rolling_sharpe": 0.38844,
      "sum_downside_r_squared": 19,
      "sum_r_squared": 77.5,
      "total_decisions": 45,
      "total_pnl_usd": 190.66500000000002,
      "total_r": 19.0665,
      "win_rate": 0.5777777777777777,
      "wins": 26,
      "is_warmup": true
    },
    {
      "active": true,
      "agent_id": "gen420-mut379-funding-trend-v1",
      "expectancy_r": 0.47450000000000003,
      "gross_loss_r": 15,
      "gross_win_r": 34.5,
      "last_r": 1,
      "losses": 15,
      "max_drawdown_r": 3,
      "peak_cum_r": 18.932550000000003,
      "profit_factor": 2.3,
      "rolling_sharpe": 0.4294,
      "sum_downside_r_squared": 15,
      "sum_r_squared": 66.75,
      "total_decisions": 38,
      "total_pnl_usd": 180.31000000000003,
      "total_r": 18.031000000000002,
      "win_rate": 0.6052631578947368,
      "wins": 23,
      "is_warmup": true
    },
    {
      "active": true,
      "agent_id": "gen420-mut380-funding-arb-v1",
      "expectancy_r": 0.35609999999999997,
      "gross_loss_r": 14,
      "gross_win_r": 25.5,
      "last_r": 1,
      "losses": 14,
      "max_drawdown_r": 3,
      "peak_cum_r": 11.591055,
      "profit_factor": 1.8214285714285714,
      "rolling_sharpe": 0.34732,