{
  "agents": [
    {
      "active": true,
      "agent_id": "vol-breakout-v1",
      "expectancy_r": 0.8581532342292592,
      "gross_loss_r": 128.1023124287285,
      "gross_win_r": 450.76792849892996,
      "last_r": -1.1404264623064466,
      "losses": 127,
      "max_drawdown_r": 5.497204776236856,
      "peak_cum_r": 323.8060425325079,
      "profit_factor": 3.518811799355464,
      "rolling_sharpe": 0.624958588450719,
      "sum_downside_r_squared": 138.30548875265737,
      "sum_r_squared": 983.9601312982442,
      "total_decisions": 376,
      "total_pnl_usd": 3226.6561607020108,
      "total_r": 322.66561607020145,
      "win_rate": 0.6622340425531915,
      "wins": 249
    },
    {
      "active": true,
      "agent_id": "gen84-mut360-liq-fade-v0",
      "expectancy_r": 0.5459280914640979,
      "gross_loss_r": 1.8316488660254138,
      "gross_win_r": 8.38278596359459,
      "last_r": 0.5140338034153362,
      "losses": 4,
      "max_drawdown_r": 1.1215509628113698,
      "peak_cum_r": 6.551137097569176,
      "profit_factor": 4.576633720078027,
      "rolling_sharpe": 0.6130515012764064,
      "sum_downside_r_squared": 1.469046774497881,
      "sum_r_squared": 12.299525620982562,
      "total_decisions": 12,
      "total_pnl_usd": 65.51137097569176,
      "total_r": 6.551137097569176,
      "win_rate": 0.6666666666666666,
      "wins": 8
    },
    {
      "active": true,
      "agent_id": "vol-breakout-v0",
      "expectancy_r": 0.7699097402409872,
      "gross_loss_r": 213.8383552553428,
      "gross_win_r": 665.7753727768023,
      "last_r": 1.8897233933078137,
      "losses": 210,
      "max_drawdown_r": 5.374687353201978,
      "peak_cum_r": 451.9370175214595,
      "profit_factor": 3.1134516162070405,
      "rolling_sharpe": 0.5572752418323876,
      "sum_downside_r_squared": 230.42225444299285,
      "sum_r_squared": 1466.455238236358,
      "total_decisions": 587,
      "total_pnl_usd": 4519.370175214591,
      "total_r": 451.9370175214595,
      "win_rate": 0.6422487223168655,
      "wins": 377
    },
    {
      "active": true,
      "agent_id": "gen2-mut25-vol-breakout-v0",
      "expectancy_r": 0.7520462042954515,
      "gross_loss_r": 184.44092793304463,
      "gross_win_r": 543.1669673819749,
      "last_r": -1.1404264623064466,
      "losses": 181,
      "max_drawdown_r": 5.507957176917159,
      "peak_cum_r": 359.86646591123684,
      "profit_factor": 2.944937294932469,
      "rolling_sharpe": 0.5320431518518413,
      "sum_downside_r_squared": 197.74320418848512,
      "sum_r_squared": 1220.8262240073059,
      "total_decisions": 477,
      "total_pnl_usd": 3587.260394489301,
      "total_r": 358.7260394489304,
      "win_rate": 0.6205450733752621,
      "wins": 296
    },
    {
      "active": true,
      "agent_id": "gen8-mut106-liq-trend-v1",
      "expectancy_r": 0.17913783133738218,
      "gross_loss_r": 17.13778818173334,
      "gross_win_r": 24.303301435228622,
      "last_r": -1.0578151640546016,
      "losses": 20,
      "max_drawdown_r": 8.459410640376621,
      "peak_cum_r": 11.481274172409924,
      "profit_factor": 1.418111904378232,
      "rolling_sharpe": 0.1488492855025545,
      "sum_downside_r_squared": 17.378123492642768,
      "sum_r_squared": 57.77025198908812,
      "total_decisions": 40,
      "total_pnl_usd": 71.65513253495286,
      "total_r": 7.165513253495287,
      "win_rate": 0.5,
      "wins": 20
    },
    {
      "active": true,
      "agent_id": "funding-trend-v0",
      "expectancy_r": 0.4297,
      "gross_loss_r": 13,
      "gross_win_r": 24,
      "last_r": 1,
      "losses": 13,
      "max_drawdown_r": 3,
      "peak_cum_r": 13.084365000000002,
      "profit_factor": 1.8461538461538463,
      "rolling_sharpe": 0.37564000000000003,
      "sum_downside_r_squared": 13,
      "sum_r_squared": 49,
      "total_decisions": 29,
      "total_pnl_usd": 124.61300000000001,
      "total_r": 12.461300000000001,
      "win_rate": 0.5517241379310345,
      "wins": 16,
      "is_warmup": true
    },
    {
      "active": true,
      "agent_id": "funding-arb-v0",
      "expectancy_r": 0.3025,
      "gross_loss_r": 10,
      "gross_win_r": 16.5,
      "last_r": 1,
      "losses": 10,
      "max_drawdown_r": 3,
      "peak_cum_r": 6.6701250000000005,
      "profit_factor": 1.65,
      "rolling_sharpe": 0.28300000000000003,
      "sum_downside_r_squared": 10,
      "sum_r_squared": 34.75,
      "total_decisions": 21,
      "total_pnl_usd": 63.525,
      "total_r": 6.3525,
      "win_rate": 0.5238095238095238,
      "wins": 11,
      "is_warmup": true
    },
    {
      "active": true,
      "agent_id": "polyedge-v0",
      "expectancy_r": 0.5931000000000001,
      "gross_loss_r": 19,
      "gross_win_r": 52.5,
      "last_r": 1,
      "losses": 19,
      "max_drawdown_r": 3,
      "peak_cum_r": 33.62877000000001,
      "profit_factor": 2.763157894736842,
      "rolling_sharpe": 0.55172,
      "sum_downside_r_squared": 19,
      "sum_r_squared": 97.75,
      "total_decisions": 54,
      "total_pnl_usd": 320.27400000000006,
      "total_r": 32.02740000000001,
      "win_rate": 0.6481481481481481,
      "wins": 35,
      "is_warmup": true
    },
    {
      "active": true,
      "agent_id": "gen86-mut387-liq-trend-v1",
      "expectancy_r": 0.4597,
      "gross_loss_r": 15,
      "gross_win_r": 27,
      "last_r": 1,
      "losses": 15,
      "max_drawdown_r": 3,
      "peak_cum_r": 15.928605000000001,
      "profit_factor": 1.8,
      "rolling_sharpe": 0.37163999999999997,
      "sum_downside_r_squared": 15,
      "sum_r_squared": 55.5,
      "total_decisions": 33,
      "total_pnl_usd": 151.701,
      "total_r": 15.1701,
      "win_rate": 0.5454545454545454,
      "wins": 18,
      "is_warmup": true
    },
    {
      "active": true,
      "agent_id": "gen86-mut388-liq-fade-v0",
      "expectancy_r": 0.44480000000000003,
      "gross_loss_r": 20,
      "gross_win_r": 46.5,
      "last_r": 1,
      "losses": 20,
      "max_drawdown_r": 3,
      "peak_cum_r": 23.819040000000005,
      "profit_factor": 2.325,
      "rolling_sharpe": 0.41375999999999996,
      "sum_downside_r_squared": 20,
      "sum_r_squared": 89.75,
      "total_decisions": 51,
      "total_pnl_usd": 226.848,
      "total_r": 22.684800000000003,
      "win_rate": 0.6078431372549019,
      "wins": 31,
      "is_warmup": true
    },
    {
      "active": true,
      "agent_id": "gen86-mut389-funding-trend-v1",
      "expectancy_r": 0.4638,
      "gross_loss_r": 15,
      "gross_win_r": 31.5,
      "last_r": 1,
      "losses": 15,
      "max_drawdown_r": 3,
      "peak_cum_r": 17.53164,
      "profit_factor": 2.1,
      "rolling_sharpe": 0.41656000000000004,
      "sum_downside_r_squared": 15,
      "sum_r_squared": 62.25,
      "total_decisions": 36,
      "total_pnl_usd": 166.968,
      "total_r": 16.6968,
      "win_rate": 0.5833333333333334,
      "wins": 21,
      "is_warmup": true
    },
    {
      "active": true,
      "agent_id": "gen86-mut390-funding-arb-v1",
      "expectancy_r": 0.37039999999999995,
      "gross_loss_r": 15,
      "gross_win_r": 28.5,
      "last_r": 1,
      "losses": 15,
      "max_drawdown_r": 3,
      "peak_cum_r": 13.223279999999999,
      "profit_factor": 1.9,
      "rolling_sharpe": 0.36448,
      "sum_downside_r_squared": 15,
      "sum_r_squared": 57.75,
      "total_decisions": 34,
      "total_pnl_usd": 125.93599999999998,
      "total_r": 12.593599999999999,
      "win_rate": 0.5588235294117647,
      "wins": 19,
      "is_warmup": true
    },
    {
      "active": true,
      "agent_id": "gen86-mut391-polyedge-v1",
      "expectancy_r": 0.5577000000000001,
      "gross_loss_r": 17,
      "gross_win_r": 40.5,
      "last_r": 1,
      "losses": 17,
      "max_drawdown_r": 3,
      "peak_cum_r": 25.765740000000005,
      "profit_factor": 2.3823529411764706,
      "rolling_sharpe": 0.50924,
      "sum_downside_r_squared": 17,
      "sum_r_squared": 77.75,
      "total_decisions": 44,