{
  "agents": [
    {
      "active": true,
      "agent_id": "vol-breakout-v0",
      "expectancy_r": 0.7429516094352586,
      "gross_loss_r": 633.3876317528235,
      "gross_win_r": 1903.8348838871177,
      "last_r": -0.012377976342494663,
      "losses": 637,
      "max_drawdown_r": 5.374687353202262,
      "peak_cum_r": 1274.503149597399,
      "profit_factor": 3.00579737974751,
      "rolling_sharpe": 0.5355883176723696,
      "sum_downside_r_squared": 680.0405559802196,
      "sum_r_squared": 4232.404161017665,
      "total_decisions": 1710,
      "total_pnl_usd": 12704.472521342961,
      "total_r": 1270.4472521342923,
      "win_rate": 0.6274853801169591,
      "wins": 1073
    },
    {
      "active": true,
      "agent_id": "gen2-mut25-vol-breakout-v0",
      "expectancy_r": 0.7566762699365901,
      "gross_loss_r": 547.2679167382532,
      "gross_win_r": 1619.4781912383996,
      "last_r": -1.1228732815872586,
      "losses": 538,
      "max_drawdown_r": 5.507957176917216,
      "peak_cum_r": 1076.002687295813,
      "profit_factor": 2.9592054306610525,
      "rolling_sharpe": 0.535039474765817,
      "sum_downside_r_squared": 585.9605583844597,
      "sum_r_squared": 3643.437250493984,
      "total_decisions": 1417,
      "total_pnl_usd": 10722.10274500145,
      "total_r": 1072.2102745001482,
      "win_rate": 0.6203246294989414,
      "wins": 879
    },
    {
      "active": true,
      "agent_id": "vol-breakout-v1",
      "expectancy_r": 0.8657249770852214,
      "gross_loss_r": 366.6643430229714,
      "gross_win_r": 1301.6473182750103,
      "last_r": -0.21592707799313238,
      "losses": 360,
      "max_drawdown_r": 5.497204776236856,
      "peak_cum_r": 937.3913900822827,
      "profit_factor": 3.549969728563059,
      "rolling_sharpe": 0.6314501524305041,
      "sum_downside_r_squared": 395.68445671017776,
      "sum_r_squared": 2837.6026997224085,
      "total_decisions": 1080,
      "total_pnl_usd": 9349.829752520394,
      "total_r": 934.9829752520392,
      "win_rate": 0.6666666666666666,
      "wins": 720
    },
    {
      "active": true,
      "agent_id": "gen8-mut106-liq-trend-v1",
      "expectancy_r": 0.17913783133738218,
      "gross_loss_r": 17.13778818173334,
      "gross_win_r": 24.303301435228622,
      "last_r": -1.0578151640546016,
      "losses": 20,
      "max_drawdown_r": 8.459410640376621,
      "peak_cum_r": 11.481274172409924,
      "profit_factor": 1.418111904378232,
      "rolling_sharpe": 0.14884928550255452,
      "sum_downside_r_squared": 17.378123492642768,
      "sum_r_squared": 57.77025198908811,
      "total_decisions": 40,
      "total_pnl_usd": 71.65513253495286,
      "total_r": 7.165513253495287,
      "win_rate": 0.5,
      "wins": 20
    },
    {
      "active": true,
      "agent_id": "gen31-mut40-liq-fade-v0",
      "expectancy_r": 0.18297121513098635,
      "gross_loss_r": 12.968555825523156,
      "gross_win_r": 19.921462000500632,
      "last_r": -1.160831620355443,
      "losses": 17,
      "max_drawdown_r": 8.02040477993566,
      "peak_cum_r": 9.26253915118954,
      "profit_factor": 1.5361357323452778,
      "rolling_sharpe": 0.17768505655197506,
      "sum_downside_r_squared": 12.848010606994494,
      "sum_r_squared": 40.50644107489358,
      "total_decisions": 38,
      "total_pnl_usd": 69.52906174977483,
      "total_r": 6.952906174977482,
      "win_rate": 0.5526315789473685,
      "wins": 21
    },
    {
      "active": true,
      "agent_id": "gen252-mut382-liq-trend-v1",
      "expectancy_r": 0.10352206317018647,
      "gross_loss_r": 1.4353176344618621,
      "gross_win_r": 1.849405887142608,
      "last_r": -0.1952441980538595,
      "losses": 3,
      "max_drawdown_r": 1.227695460065508,
      "peak_cum_r": 0.6217104270771001,
      "profit_factor": 1.2884993835082352,
      "rolling_sharpe": 0.08081297138381693,
      "sum_downside_r_squared": 1.545509653837489,
      "sum_r_squared": 4.965811789235226,
      "total_decisions": 4,
      "total_pnl_usd": 4.140882526807459,
      "total_r": 0.4140882526807459,
      "win_rate": 0.25,
      "wins": 1
    },
    {
      "active": true,
      "agent_id": "funding-trend-v0",
      "expectancy_r": 0.4297,
      "gross_loss_r": 13,
      "gross_win_r": 24,
      "last_r": 1,
      "losses": 13,
      "max_drawdown_r": 3,
      "peak_cum_r": 13.084365000000002,
      "profit_factor": 1.8461538461538463,
      "rolling_sharpe": 0.37564000000000003,
      "sum_downside_r_squared": 13,
      "sum_r_squared": 49,
      "total_decisions": 29,
      "total_pnl_usd": 124.61300000000001,
      "total_r": 12.461300000000001,
      "win_rate": 0.5517241379310345,
      "wins": 16,
      "is_warmup": true
    },
    {
      "active": true,
      "agent_id": "funding-arb-v0",
      "expectancy_r": 0.3025,
      "gross_loss_r": 10,
      "gross_win_r": 16.5,
      "last_r": 1,
      "losses": 10,
      "max_drawdown_r": 3,
      "peak_cum_r": 6.6701250000000005,
      "profit_factor": 1.65,
      "rolling_sharpe": 0.28300000000000003,
      "sum_downside_r_squared": 10,
      "sum_r_squared": 34.75,
      "total_decisions": 21,
      "total_pnl_usd": 63.525,
      "total_r": 6.3525,
      "win_rate": 0.5238095238095238,
      "wins": 11,
      "is_warmup": true
    },
    {
      "active": true,
      "agent_id": "polyedge-v0",
      "expectancy_r": 0.5931000000000001,
      "gross_loss_r": 19,
      "gross_win_r": 52.5,
      "last_r": 1,
      "losses": 19,
      "max_drawdown_r": 3,
      "peak_cum_r": 33.62877000000001,
      "profit_factor": 2.763157894736842,
      "rolling_sharpe": 0.55172,
      "sum_downside_r_squared": 19,
      "sum_r_squared": 97.75,
      "total_decisions": 54,
      "total_pnl_usd": 320.27400000000006,
      "total_r": 32.02740000000001,
      "win_rate": 0.6481481481481481,
      "wins": 35,
      "is_warmup": true
    },
    {
      "active": true,
      "agent_id": "gen252-mut377-liq-trend-v1",
      "expectancy_r": 0.4525,
      "gross_loss_r": 14,
      "gross_win_r": 25.5,
      "last_r": 1,
      "losses": 14,
      "max_drawdown_r": 3,
      "peak_cum_r": 14.728875,
      "profit_factor": 1.8214285714285714,
      "rolling_sharpe": 0.363,
      "sum_downside_r_squared": 14,
      "sum_r_squared": 52.25,
      "total_decisions": 31,
      "total_pnl_usd": 140.275,
      "total_r": 14.0275,
      "win_rate": 0.5483870967741935,
      "wins": 17,
      "is_warmup": true
    },
    {
      "active": true,
      "agent_id": "gen252-mut378-liq-fade-v0",
      "expectancy_r": 0.4088,
      "gross_loss_r": 18,
      "gross_win_r": 34.5,
      "last_r": 1,
      "losses": 18,
      "max_drawdown_r": 3,
      "peak_cum_r": 17.59884,
      "profit_factor": 1.9166666666666667,
      "rolling_sharpe": 0.37056,
      "sum_downside_r_squared": 18,
      "sum_r_squared": 69.75,
      "total_decisions": 41,
      "total_pnl_usd": 167.608,
      "total_r": 16.7608,
      "win_rate": 0.5609756097560976,
      "wins": 23,
      "is_warmup": true
    },
    {
      "active": true,
      "agent_id": "gen252-mut379-funding-trend-v1",
      "expectancy_r": 0.4622,
      "gross_loss_r": 15,
      "gross_win_r": 31.5,
      "last_r": 1,
      "losses": 15,
      "max_drawdown_r": 3,
      "peak_cum_r": 17.47116,
      "profit_factor": 2.1,
      "rolling_sharpe": 0.41464,
      "sum_downside_r_squared": 15,
      "sum_r_squared": 62.25,
      "total_decisions": 36,
      "total_pnl_usd": 166.392,
      "total_r": 16.6392,
      "win_rate": 0.5833333333333334,
      "wins": 21,
      "is_warmup": true
    },
    {
      "active": true,
      "agent_id": "gen252-mut380-funding-arb-v1",
      "expectancy_r": 0.3374,
      "gross_loss_r": 12,
      "gross_win_r": 22.5,
      "last_r": 1,
      "losses": 12,
      "max_drawdown_r": 3,
      "peak_cum_r": 9.565290000000001,
      "profit_factor": 1.875,
      "rolling_sharpe": 0.32488,
      "sum_downside_r_squared": 12,
      "sum_r_squared": 45.75,
      "total_decisions": 27,