{
  "agents": [
    {
      "active": true,
      "agent_id": "vol-breakout-v0",
      "expectancy_r": 0.7438499661621156,
      "gross_loss_r": 70.24359421676427,
      "gross_win_r": 211.575087787566,
      "last_r": 0.05328357220575721,
      "losses": 70,
      "max_drawdown_r": 5.37468735320202,
      "peak_cum_r": 145.22831137166446,
      "profit_factor": 3.0120196744868686,
      "rolling_sharpe": 0.5351878917288079,
      "sum_downside_r_squared": 75.52801078226008,
      "sum_r_squared": 470.23624288355205,
      "total_decisions": 190,
      "total_pnl_usd": 1413.3149357080185,
      "total_r": 141.33149357080197,
      "win_rate": 0.631578947368421,
      "wins": 120
    },
    {
      "active": true,
      "agent_id": "vol-breakout-v1",
      "expectancy_r": 0.8657249770852212,
      "gross_loss_r": 40.740482558107914,
      "gross_win_r": 144.62747980833447,
      "last_r": -0.21592707799313238,
      "losses": 40,
      "max_drawdown_r": 5.497204776236835,
      "peak_cum_r": 106.29541208047014,
      "profit_factor": 3.549969728563061,
      "rolling_sharpe": 0.6291049255631157,
      "sum_downside_r_squared": 43.964939634464244,
      "sum_r_squared": 315.2891888580449,
      "total_decisions": 120,
      "total_pnl_usd": 1038.8699725022657,
      "total_r": 103.88699725022654,
      "win_rate": 0.6666666666666666,
      "wins": 80
    },
    {
      "active": true,
      "agent_id": "gen2-mut25-vol-breakout-v0",
      "expectancy_r": 0.6936194650109638,
      "gross_loss_r": 58.955229984425436,
      "gross_win_r": 159.53005241101516,
      "last_r": -1.1083490664606552,
      "losses": 58,
      "max_drawdown_r": 5.5079571769171025,
      "peak_cum_r": 104.36955051066779,
      "profit_factor": 2.7059525075749717,
      "rolling_sharpe": 0.48538317981349083,
      "sum_downside_r_squared": 63.17596779165483,
      "sum_r_squared": 363.82040989832257,
      "total_decisions": 145,
      "total_pnl_usd": 1005.7482242658971,
      "total_r": 100.57482242658976,
      "win_rate": 0.6,
      "wins": 87
    },
    {
      "active": true,
      "agent_id": "gen8-mut106-liq-trend-v1",
      "expectancy_r": 0.17913783133738218,
      "gross_loss_r": 17.13778818173334,
      "gross_win_r": 24.303301435228626,
      "last_r": -1.0578151640546016,
      "losses": 20,
      "max_drawdown_r": 8.459410640376621,
      "peak_cum_r": 11.481274172409925,
      "profit_factor": 1.418111904378232,
      "rolling_sharpe": 0.14884928550255452,
      "sum_downside_r_squared": 17.378123492642768,
      "sum_r_squared": 57.770251989088116,
      "total_decisions": 40,
      "total_pnl_usd": 71.65513253495286,
      "total_r": 7.165513253495287,
      "win_rate": 0.5,
      "wins": 20
    },
    {
      "active": true,
      "agent_id": "gen19-mut261-liq-fade-v0",
      "expectancy_r": 0.2869894668694093,
      "gross_loss_r": 4.706038249739281,
      "gross_win_r": 9.29786971964983,
      "last_r": -0.2747533146564504,
      "losses": 6,
      "max_drawdown_r": 2.416971812651683,
      "peak_cum_r": 7.008803282562232,
      "profit_factor": 1.9757318632429177,
      "rolling_sharpe": 0.2620034837800174,
      "sum_downside_r_squared": 4.961048672098151,
      "sum_r_squared": 19.315177130016032,
      "total_decisions": 16,
      "total_pnl_usd": 45.91831469910547,
      "total_r": 4.591831469910549,
      "win_rate": 0.625,
      "wins": 10
    },
    {
      "active": true,
      "agent_id": "funding-trend-v0",
      "expectancy_r": 0.4297,
      "gross_loss_r": 13,
      "gross_win_r": 24,
      "last_r": 1,
      "losses": 13,
      "max_drawdown_r": 3,
      "peak_cum_r": 13.084365000000002,
      "profit_factor": 1.8461538461538463,
      "rolling_sharpe": 0.37564000000000003,
      "sum_downside_r_squared": 13,
      "sum_r_squared": 49,
      "total_decisions": 29,
      "total_pnl_usd": 124.61300000000001,
      "total_r": 12.461300000000001,
      "win_rate": 0.5517241379310345,
      "wins": 16,
      "is_warmup": true
    },
    {
      "active": true,
      "agent_id": "funding-arb-v0",
      "expectancy_r": 0.3025,
      "gross_loss_r": 10,
      "gross_win_r": 16.5,
      "last_r": 1,
      "losses": 10,
      "max_drawdown_r": 3,
      "peak_cum_r": 6.6701250000000005,
      "profit_factor": 1.65,
      "rolling_sharpe": 0.28300000000000003,
      "sum_downside_r_squared": 10,
      "sum_r_squared": 34.75,
      "total_decisions": 21,
      "total_pnl_usd": 63.525,
      "total_r": 6.3525,
      "win_rate": 0.5238095238095238,
      "wins": 11,
      "is_warmup": true
    },
    {
      "active": true,
      "agent_id": "polyedge-v0",
      "expectancy_r": 0.5931000000000001,
      "gross_loss_r": 19,
      "gross_win_r": 52.5,
      "last_r": 1,
      "losses": 19,
      "max_drawdown_r": 3,
      "peak_cum_r": 33.62877000000001,
      "profit_factor": 2.763157894736842,
      "rolling_sharpe": 0.55172,
      "sum_downside_r_squared": 19,
      "sum_r_squared": 97.75,
      "total_decisions": 54,
      "total_pnl_usd": 320.27400000000006,
      "total_r": 32.02740000000001,
      "win_rate": 0.6481481481481481,
      "wins": 35,
      "is_warmup": true
    },
    {
      "active": true,
      "agent_id": "gen28-mut380-liq-trend-v0",
      "expectancy_r": 0.5313,
      "gross_loss_r": 21,
      "gross_win_r": 49.5,
      "last_r": 1,
      "losses": 21,
      "max_drawdown_r": 3,
      "peak_cum_r": 30.124710000000004,
      "profit_factor": 2.357142857142857,
      "rolling_sharpe": 0.45755999999999997,
      "sum_downside_r_squared": 21,
      "sum_r_squared": 95.25,
      "total_decisions": 54,
      "total_pnl_usd": 286.902,
      "total_r": 28.6902,
      "win_rate": 0.6111111111111112,
      "wins": 33,
      "is_warmup": true
    },
    {
      "active": true,
      "agent_id": "gen28-mut381-liq-fade-v0",
      "expectancy_r": 0.36310000000000003,
      "gross_loss_r": 14,
      "gross_win_r": 22.5,
      "last_r": 1,
      "losses": 14,
      "max_drawdown_r": 3,
      "peak_cum_r": 11.056395000000002,
      "profit_factor": 1.6071428571428572,
      "rolling_sharpe": 0.31572,
      "sum_downside_r_squared": 14,
      "sum_r_squared": 47.75,
      "total_decisions": 29,
      "total_pnl_usd": 105.299,
      "total_r": 10.529900000000001,
      "win_rate": 0.5172413793103449,
      "wins": 15,
      "is_warmup": true
    },
    {
      "active": true,
      "agent_id": "gen28-mut382-funding-trend-v1",
      "expectancy_r": 0.44930000000000003,
      "gross_loss_r": 14,
      "gross_win_r": 28.5,
      "last_r": 1,
      "losses": 14,
      "max_drawdown_r": 3,
      "peak_cum_r": 15.568245000000003,
      "profit_factor": 2.0357142857142856,
      "rolling_sharpe": 0.39916,
      "sum_downside_r_squared": 14,
      "sum_r_squared": 56.75,
      "total_decisions": 33,
      "total_pnl_usd": 148.269,
      "total_r": 14.826900000000002,
      "win_rate": 0.5757575757575758,
      "wins": 19,
      "is_warmup": true
    },
    {
      "active": true,
      "agent_id": "gen28-mut383-funding-arb-v1",
      "expectancy_r": 0.306,
      "gross_loss_r": 10,
      "gross_win_r": 16.5,
      "last_r": 1,
      "losses": 10,
      "max_drawdown_r": 3,
      "peak_cum_r": 6.7473,
      "profit_factor": 1.65,
      "rolling_sharpe": 0.2872,
      "sum_downside_r_squared": 10,
      "sum_r_squared": 34.75,
      "total_decisions": 21,
      "total_pnl_usd": 64.26,
      "total_r": 6.426,
      "win_rate": 0.5238095238095238,
      "wins": 11,
      "is_warmup": true
    },
    {
      "active": true,
      "agent_id": "gen28-mut384-polyedge-v1",
      "expectancy_r": 0.5131,
      "gross_loss_r": 14,
      "gross_win_r": 27,
      "last_r": 1,
      "losses": 14,
      "max_drawdown_r": 3,
      "peak_cum_r": 17.24016,
      "profit_factor": 1.9285714285714286,
      "rolling_sharpe": 0.45572,
      "sum_downside_r_squared": 14,
      "sum_r_squared": 54.5,
      "total_decisions": 32,
      "total_pnl_usd": 164.192,
      "total_r": 16.4192,