{
  "agents": [
    {
      "active": true,
      "agent_id": "vol-breakout-v1",
      "expectancy_r": 0.8421599879908658,
      "gross_loss_r": 264.66082903022345,
      "gross_win_r": 901.3337799513181,
      "last_r": -1.1417083845731337,
      "losses": 258,
      "max_drawdown_r": 5.497204776236856,
      "peak_cum_r": 637.8146593056676,
      "profit_factor": 3.4056183654151124,
      "rolling_sharpe": 0.609613192061652,
      "sum_downside_r_squared": 286.50288142753516,
      "sum_r_squared": 1977.0592661037042,
      "total_decisions": 756,
      "total_pnl_usd": 6366.729509210939,
      "total_r": 636.6729509210945,
      "win_rate": 0.6587301587301587,
      "wins": 498
    },
    {
      "active": true,
      "agent_id": "vol-breakout-v0",
      "expectancy_r": 0.7695242223368203,
      "gross_loss_r": 427.6861068238943,
      "gross_win_r": 1329.568495402648,
      "last_r": 0.9533935471671156,
      "losses": 420,
      "max_drawdown_r": 5.3746873532020345,
      "peak_cum_r": 901.8823885787533,
      "profit_factor": 3.10874838857021,
      "rolling_sharpe": 0.5568314762096472,
      "sum_downside_r_squared": 460.8661326780435,
      "sum_r_squared": 2930.443244811074,
      "total_decisions": 1172,
      "total_pnl_usd": 9018.82388578754,
      "total_r": 901.8823885787533,
      "win_rate": 0.6416382252559727,
      "wins": 752
    },
    {
      "active": true,
      "agent_id": "gen2-mut25-vol-breakout-v0",
      "expectancy_r": 0.7619340852541538,
      "gross_loss_r": 370.97863484654425,
      "gross_win_r": 1105.483093031548,
      "last_r": -1.1420882605192244,
      "losses": 364,
      "max_drawdown_r": 5.507957176917159,
      "peak_cum_r": 735.6465464455235,
      "profit_factor": 2.979910402357355,
      "rolling_sharpe": 0.53904649361654,
      "sum_downside_r_squared": 397.68821575987977,
      "sum_r_squared": 2483.6598121314923,
      "total_decisions": 964,
      "total_pnl_usd": 7345.044581850022,
      "total_r": 734.5044581850043,
      "win_rate": 0.6224066390041494,
      "wins": 600
    },
    {
      "active": true,
      "agent_id": "gen58-mut389-liq-trend-v1",
      "expectancy_r": 0.3144873896258216,
      "gross_loss_r": 16.813860586394874,
      "gross_win_r": 30.651305729931025,
      "last_r": -1.0795628261391592,
      "losses": 16,
      "max_drawdown_r": 9.997512762743884,
      "peak_cum_r": 17.093247681986963,
      "profit_factor": 1.8229784630623664,
      "rolling_sharpe": 0.2585112978892188,
      "sum_downside_r_squared": 17.927360247200337,
      "sum_r_squared": 67.98960653810465,
      "total_decisions": 44,
      "total_pnl_usd": 138.37445143536152,
      "total_r": 13.83744514353615,
      "win_rate": 0.6363636363636364,
      "wins": 28
    },
    {
      "active": true,
      "agent_id": "gen32-mut40-liq-fade-v0",
      "expectancy_r": 0.18297121513098633,
      "gross_loss_r": 12.968555825523156,
      "gross_win_r": 19.921462000500632,
      "last_r": -1.160831620355443,
      "losses": 17,
      "max_drawdown_r": 8.02040477993566,
      "peak_cum_r": 9.26253915118954,
      "profit_factor": 1.5361357323452778,
      "rolling_sharpe": 0.177685056551975,
      "sum_downside_r_squared": 12.848010606994496,
      "sum_r_squared": 40.50644107489359,
      "total_decisions": 38,
      "total_pnl_usd": 69.52906174977483,
      "total_r": 6.95290617497748,
      "win_rate": 0.5526315789473685,
      "wins": 21
    },
    {
      "active": true,
      "agent_id": "funding-trend-v0",
      "expectancy_r": 0.4297,
      "gross_loss_r": 13,
      "gross_win_r": 24,
      "last_r": 1,
      "losses": 13,
      "max_drawdown_r": 3,
      "peak_cum_r": 13.084365000000002,
      "profit_factor": 1.8461538461538463,
      "rolling_sharpe": 0.37564000000000003,
      "sum_downside_r_squared": 13,
      "sum_r_squared": 49,
      "total_decisions": 29,
      "total_pnl_usd": 124.61300000000001,
      "total_r": 12.461300000000001,
      "win_rate": 0.5517241379310345,
      "wins": 16,
      "is_warmup": true
    },
    {
      "active": true,
      "agent_id": "funding-arb-v0",
      "expectancy_r": 0.3025,
      "gross_loss_r": 10,
      "gross_win_r": 16.5,
      "last_r": 1,
      "losses": 10,
      "max_drawdown_r": 3,
      "peak_cum_r": 6.6701250000000005,
      "profit_factor": 1.65,
      "rolling_sharpe": 0.28300000000000003,
      "sum_downside_r_squared": 10,
      "sum_r_squared": 34.75,
      "total_decisions": 21,
      "total_pnl_usd": 63.525,
      "total_r": 6.3525,
      "win_rate": 0.5238095238095238,
      "wins": 11,
      "is_warmup": true
    },
    {
      "active": true,
      "agent_id": "polyedge-v0",
      "expectancy_r": 0.5931000000000001,
      "gross_loss_r": 19,
      "gross_win_r": 52.5,
      "last_r": 1,
      "losses": 19,
      "max_drawdown_r": 3,
      "peak_cum_r": 33.62877000000001,
      "profit_factor": 2.763157894736842,
      "rolling_sharpe": 0.55172,
      "sum_downside_r_squared": 19,
      "sum_r_squared": 97.75,
      "total_decisions": 54,
      "total_pnl_usd": 320.27400000000006,
      "total_r": 32.02740000000001,
      "win_rate": 0.6481481481481481,
      "wins": 35,
      "is_warmup": true
    },
    {
      "active": true,
      "agent_id": "gen174-mut379-liq-trend-v1",
      "expectancy_r": 0.5134,
      "gross_loss_r": 20,
      "gross_win_r": 43.5,
      "last_r": 1,
      "losses": 20,
      "max_drawdown_r": 3,
      "peak_cum_r": 26.41443,
      "profit_factor": 2.175,
      "rolling_sharpe": 0.43607999999999997,
      "sum_downside_r_squared": 20,
      "sum_r_squared": 85.25,
      "total_decisions": 49,
      "total_pnl_usd": 251.56599999999997,
      "total_r": 25.156599999999997,
      "win_rate": 0.5918367346938775,
      "wins": 29,
      "is_warmup": true
    },
    {
      "active": true,
      "agent_id": "gen174-mut380-liq-fade-v0",
      "expectancy_r": 0.3628,
      "gross_loss_r": 14,
      "gross_win_r": 22.5,
      "last_r": 1,
      "losses": 14,
      "max_drawdown_r": 3,
      "peak_cum_r": 11.047260000000001,
      "profit_factor": 1.6071428571428572,
      "rolling_sharpe": 0.31536,
      "sum_downside_r_squared": 14,
      "sum_r_squared": 47.75,
      "total_decisions": 29,
      "total_pnl_usd": 105.212,
      "total_r": 10.5212,
      "win_rate": 0.5172413793103449,
      "wins": 15,
      "is_warmup": true
    },
    {
      "active": true,
      "agent_id": "gen174-mut381-funding-trend-v1",
      "expectancy_r": 0.43620000000000003,
      "gross_loss_r": 13,
      "gross_win_r": 25.5,
      "last_r": 1,
      "losses": 13,
      "max_drawdown_r": 3,
      "peak_cum_r": 13.740300000000001,
      "profit_factor": 1.9615384615384615,
      "rolling_sharpe": 0.38344,
      "sum_downside_r_squared": 13,
      "sum_r_squared": 51.25,
      "total_decisions": 30,
      "total_pnl_usd": 130.86,
      "total_r": 13.086,
      "win_rate": 0.5666666666666667,
      "wins": 17,
      "is_warmup": true
    },
    {
      "active": true,
      "agent_id": "gen174-mut382-funding-arb-v1",
      "expectancy_r": 0.3569,
      "gross_loss_r": 14,
      "gross_win_r": 25.5,
      "last_r": 1,
      "losses": 14,
      "max_drawdown_r": 3,
      "peak_cum_r": 11.617095,
      "profit_factor": 1.8214285714285714,
      "rolling_sharpe": 0.34828000000000003,
      "sum_downside_r_squared": 14,
      "sum_r_squared": 52.25,
      "total_decisions": 31,
      "total_pnl_usd": 110.63900000000001,
      "total_r": 11.0639,
      "win_rate": 0.5483870967741935,
      "wins": 17,
      "is_warmup": true
    },
    {
      "active": true,
      "agent_id": "gen174-mut383-polyedge-v1",
      "expectancy_r": 0.5562,
      "gross_loss_r": 17,
      "gross_win_r": 40.5,
      "last_r": 1,
      "losses": 17,
      "max_drawdown_r": 3,
      "peak_cum_r": 25.69644,
      "profit_factor": 2.3823529411764706,
      "rolling_sharpe": 0.50744,
      "sum_downside_r_squared": 17,
      "sum_r_squared": 77.75,
      "total_decisions": 44,