{
  "agents": [
    {
      "active": true,
      "agent_id": "vol-breakout-v1",
      "expectancy_r": 0.8421599678402162,
      "gross_loss_r": 308.77098497480046,
      "gross_win_r": 1051.556076609871,
      "last_r": -1.1417083845731337,
      "losses": 301,
      "max_drawdown_r": 5.497204776236856,
      "peak_cum_r": 743.9268000196438,
      "profit_factor": 3.4056181693875516,
      "rolling_sharpe": 0.6096708358651188,
      "sum_downside_r_squared": 334.2534022464385,
      "sum_r_squared": 2306.5691843686345,
      "total_decisions": 882,
      "total_pnl_usd": 7427.850916350699,
      "total_r": 742.7850916350707,
      "win_rate": 0.6587301587301587,
      "wins": 581
    },
    {
      "active": true,
      "agent_id": "vol-breakout-v0",
      "expectancy_r": 0.769822509359547,
      "gross_loss_r": 498.96714240074965,
      "gross_win_r": 1552.8541577139706,
      "last_r": 1.0507007119391698,
      "losses": 490,
      "max_drawdown_r": 5.3746873532020345,
      "peak_cum_r": 1053.8870153132198,
      "profit_factor": 3.112137104344203,
      "rolling_sharpe": 0.5574100128222612,
      "sum_downside_r_squared": 537.6771953720314,
      "sum_r_squared": 3420.5684730435632,
      "total_decisions": 1369,
      "total_pnl_usd": 10538.870153132211,
      "total_r": 1053.8870153132198,
      "win_rate": 0.6420745069393718,
      "wins": 879
    },
    {
      "active": true,
      "agent_id": "gen2-mut25-vol-breakout-v0",
      "expectancy_r": 0.7634443412553632,
      "gross_loss_r": 433.15569334470194,
      "gross_win_r": 1293.5574659394947,
      "last_r": -1.1420882605192244,
      "losses": 425,
      "max_drawdown_r": 5.507957176917159,
      "peak_cum_r": 861.5438608553136,
      "profit_factor": 2.986356836155197,
      "rolling_sharpe": 0.5402659594326292,
      "sum_downside_r_squared": 464.33153973216764,
      "sum_r_squared": 2905.291463450675,
      "total_decisions": 1127,
      "total_pnl_usd": 8604.017725947915,
      "total_r": 860.4017725947944,
      "win_rate": 0.6228926353149956,
      "wins": 702
    },
    {
      "active": true,
      "agent_id": "gen58-mut389-liq-trend-v1",
      "expectancy_r": 0.3144873896258216,
      "gross_loss_r": 16.813860586394874,
      "gross_win_r": 30.651305729931025,
      "last_r": -1.0795628261391592,
      "losses": 16,
      "max_drawdown_r": 9.997512762743884,
      "peak_cum_r": 17.093247681986963,
      "profit_factor": 1.8229784630623664,
      "rolling_sharpe": 0.2585112978892188,
      "sum_downside_r_squared": 17.927360247200337,
      "sum_r_squared": 67.98960653810465,
      "total_decisions": 44,
      "total_pnl_usd": 138.37445143536152,
      "total_r": 13.83744514353615,
      "win_rate": 0.6363636363636364,
      "wins": 28
    },
    {
      "active": true,
      "agent_id": "gen32-mut40-liq-fade-v0",
      "expectancy_r": 0.18297121513098633,
      "gross_loss_r": 12.968555825523156,
      "gross_win_r": 19.921462000500632,
      "last_r": -1.160831620355443,
      "losses": 17,
      "max_drawdown_r": 8.02040477993566,
      "peak_cum_r": 9.26253915118954,
      "profit_factor": 1.5361357323452778,
      "rolling_sharpe": 0.177685056551975,
      "sum_downside_r_squared": 12.848010606994496,
      "sum_r_squared": 40.50644107489359,
      "total_decisions": 38,
      "total_pnl_usd": 69.52906174977483,
      "total_r": 6.95290617497748,
      "win_rate": 0.5526315789473685,
      "wins": 21
    },
    {
      "active": true,
      "agent_id": "funding-trend-v0",
      "expectancy_r": 0.4297,
      "gross_loss_r": 13,
      "gross_win_r": 24,
      "last_r": 1,
      "losses": 13,
      "max_drawdown_r": 3,
      "peak_cum_r": 13.084365000000002,
      "profit_factor": 1.8461538461538463,
      "rolling_sharpe": 0.37564000000000003,
      "sum_downside_r_squared": 13,
      "sum_r_squared": 49,
      "total_decisions": 29,
      "total_pnl_usd": 124.61300000000001,
      "total_r": 12.461300000000001,
      "win_rate": 0.5517241379310345,
      "wins": 16,
      "is_warmup": true
    },
    {
      "active": true,
      "agent_id": "funding-arb-v0",
      "expectancy_r": 0.3025,
      "gross_loss_r": 10,
      "gross_win_r": 16.5,
      "last_r": 1,
      "losses": 10,
      "max_drawdown_r": 3,
      "peak_cum_r": 6.6701250000000005,
      "profit_factor": 1.65,
      "rolling_sharpe": 0.28300000000000003,
      "sum_downside_r_squared": 10,
      "sum_r_squared": 34.75,
      "total_decisions": 21,
      "total_pnl_usd": 63.525,
      "total_r": 6.3525,
      "win_rate": 0.5238095238095238,
      "wins": 11,
      "is_warmup": true
    },
    {
      "active": true,
      "agent_id": "polyedge-v0",
      "expectancy_r": 0.5931000000000001,
      "gross_loss_r": 19,
      "gross_win_r": 52.5,
      "last_r": 1,
      "losses": 19,
      "max_drawdown_r": 3,
      "peak_cum_r": 33.62877000000001,
      "profit_factor": 2.763157894736842,
      "rolling_sharpe": 0.55172,
      "sum_downside_r_squared": 19,
      "sum_r_squared": 97.75,
      "total_decisions": 54,
      "total_pnl_usd": 320.27400000000006,
      "total_r": 32.02740000000001,
      "win_rate": 0.6481481481481481,
      "wins": 35,
      "is_warmup": true
    },
    {
      "active": true,
      "agent_id": "gen203-mut389-liq-trend-v1",
      "expectancy_r": 0.4896,
      "gross_loss_r": 18,
      "gross_win_r": 36,
      "last_r": 1,
      "losses": 18,
      "max_drawdown_r": 3,
      "peak_cum_r": 21.591359999999998,
      "profit_factor": 2,
      "rolling_sharpe": 0.40752,
      "sum_downside_r_squared": 18,
      "sum_r_squared": 72,
      "total_decisions": 42,
      "total_pnl_usd": 205.63199999999998,
      "total_r": 20.5632,
      "win_rate": 0.5714285714285714,
      "wins": 24,
      "is_warmup": true
    },
    {
      "active": true,
      "agent_id": "gen203-mut390-liq-fade-v0",
      "expectancy_r": 0.386,
      "gross_loss_r": 16,
      "gross_win_r": 28.5,
      "last_r": 1,
      "losses": 16,
      "max_drawdown_r": 3,
      "peak_cum_r": 14.185500000000001,
      "profit_factor": 1.78125,
      "rolling_sharpe": 0.3432,
      "sum_downside_r_squared": 16,
      "sum_r_squared": 58.75,
      "total_decisions": 35,
      "total_pnl_usd": 135.1,
      "total_r": 13.51,
      "win_rate": 0.5428571428571428,
      "wins": 19,
      "is_warmup": true
    },
    {
      "active": true,
      "agent_id": "gen203-mut391-funding-trend-v1",
      "expectancy_r": 0.4738,
      "gross_loss_r": 15,
      "gross_win_r": 34.5,
      "last_r": 1,
      "losses": 15,
      "max_drawdown_r": 3,
      "peak_cum_r": 18.90462,
      "profit_factor": 2.3,
      "rolling_sharpe": 0.42856,
      "sum_downside_r_squared": 15,
      "sum_r_squared": 66.75,
      "total_decisions": 38,
      "total_pnl_usd": 180.044,
      "total_r": 18.0044,
      "win_rate": 0.6052631578947368,
      "wins": 23,
      "is_warmup": true
    },
    {
      "active": true,
      "agent_id": "gen203-mut392-funding-arb-v1",
      "expectancy_r": 0.3785,
      "gross_loss_r": 15,
      "gross_win_r": 31.5,
      "last_r": 1,
      "losses": 15,
      "max_drawdown_r": 3,
      "peak_cum_r": 14.3073,
      "profit_factor": 2.1,
      "rolling_sharpe": 0.37420000000000003,
      "sum_downside_r_squared": 15,
      "sum_r_squared": 62.25,
      "total_decisions": 36,
      "total_pnl_usd": 136.26,
      "total_r": 13.626,
      "win_rate": 0.5833333333333334,
      "wins": 21,
      "is_warmup": true
    },
    {
      "active": true,
      "agent_id": "gen203-mut393-polyedge-v1",
      "expectancy_r": 0.5186000000000001,
      "gross_loss_r": 14,
      "gross_win_r": 28.5,
      "last_r": 1,
      "losses": 14,
      "max_drawdown_r": 3,
      "peak_cum_r": 17.96949,
      "profit_factor": 2.0357142857142856,
      "rolling_sharpe": 0.46232,
      "sum_downside_r_squared": 14,
      "sum_r_squared": 56.75,
      "total_decisions": 33,
      "total_pnl_usd": 171.138,
      "total_r": 17.1138,