{
  "agents": [
    {
      "active": true,
      "agent_id": "vol-breakout-v1",
      "expectancy_r": 0.8421598469363182,
      "gross_loss_r": 308.7710916120384,
      "gross_win_r": 1051.556076609871,
      "last_r": -1.1417083845731337,
      "losses": 301,
      "max_drawdown_r": 5.497204776236856,
      "peak_cum_r": 743.9266933824058,
      "profit_factor": 3.405616993222668,
      "rolling_sharpe": 0.6096706716143314,
      "sum_downside_r_squared": 334.2536457323244,
      "sum_r_squared": 2306.569427854521,
      "total_decisions": 882,
      "total_pnl_usd": 7427.849849978319,
      "total_r": 742.7849849978327,
      "win_rate": 0.6587301587301587,
      "wins": 581
    },
    {
      "active": true,
      "agent_id": "vol-breakout-v0",
      "expectancy_r": 0.7807516020659759,
      "gross_loss_r": 498.9672490379876,
      "gross_win_r": 1575.6237082869693,
      "last_r": 1.9154636250178991,
      "losses": 490,
      "max_drawdown_r": 5.374687353202262,
      "peak_cum_r": 1076.6564592489808,
      "profit_factor": 3.157769796163542,
      "rolling_sharpe": 0.5654842076227931,
      "sum_downside_r_squared": 537.6774388579173,
      "sum_r_squared": 3467.4436942383545,
      "total_decisions": 1379,
      "total_pnl_usd": 10766.564592489827,
      "total_r": 1076.6564592489808,
      "win_rate": 0.6446700507614214,
      "wins": 889
    },
    {
      "active": true,
      "agent_id": "gen2-mut25-vol-breakout-v0",
      "expectancy_r": 0.7674057550109309,
      "gross_loss_r": 433.2838605551455,
      "gross_win_r": 1308.8938270226158,
      "last_r": 1.921353388428812,
      "losses": 428,
      "max_drawdown_r": 5.507957176917159,
      "peak_cum_r": 875.6099664674722,
      "profit_factor": 3.020869102637689,
      "rolling_sharpe": 0.5449824044494315,
      "sum_downside_r_squared": 464.3356513354164,
      "sum_r_squared": 2932.3725635336114,
      "total_decisions": 1141,
      "total_pnl_usd": 8756.099664674692,
      "total_r": 875.6099664674722,
      "win_rate": 0.6248904469763366,
      "wins": 713
    },
    {
      "active": true,
      "agent_id": "gen203-mut368-funding-arb-v1",
      "expectancy_r": 0.16128513760115154,
      "gross_loss_r": 0.09894381929918963,
      "gross_win_r": 0.42151409450149274,
      "last_r": -0.09894381929918963,
      "losses": 1,
      "max_drawdown_r": 0.09894381929918966,
      "peak_cum_r": 0.42151409450149274,
      "profit_factor": 4.260135675851609,
      "rolling_sharpe": 0.4382518220140095,
      "sum_downside_r_squared": 0.00978987937751069,
      "sum_r_squared": 0.18746401124092404,
      "total_decisions": 2,
      "total_pnl_usd": 3.2257027520230324,
      "total_r": 0.3225702752023031,
      "win_rate": 0.5,
      "wins": 1
    },
    {
      "active": true,
      "agent_id": "gen58-mut389-liq-trend-v1",
      "expectancy_r": 0.3144873896258217,
      "gross_loss_r": 16.813860586394878,
      "gross_win_r": 30.651305729931025,
      "last_r": -1.0795628261391592,
      "losses": 16,
      "max_drawdown_r": 9.99751276274388,
      "peak_cum_r": 17.093247681986966,
      "profit_factor": 1.822978463062366,
      "rolling_sharpe": 0.25851129788921884,
      "sum_downside_r_squared": 17.927360247200337,
      "sum_r_squared": 67.98960653810465,
      "total_decisions": 44,
      "total_pnl_usd": 138.37445143536152,
      "total_r": 13.837445143536154,
      "win_rate": 0.6363636363636364,
      "wins": 28
    },
    {
      "active": true,
      "agent_id": "gen32-mut40-liq-fade-v0",
      "expectancy_r": 0.18297121513098633,
      "gross_loss_r": 12.968555825523156,
      "gross_win_r": 19.921462000500632,
      "last_r": -1.160831620355443,
      "losses": 17,
      "max_drawdown_r": 8.02040477993566,
      "peak_cum_r": 9.26253915118954,
      "profit_factor": 1.5361357323452778,
      "rolling_sharpe": 0.177685056551975,
      "sum_downside_r_squared": 12.848010606994496,
      "sum_r_squared": 40.50644107489359,
      "total_decisions": 38,
      "total_pnl_usd": 69.52906174977483,
      "total_r": 6.95290617497748,
      "win_rate": 0.5526315789473685,
      "wins": 21
    },
    {
      "active": true,
      "agent_id": "gen175-mut13-funding-arb-v1",
      "expectancy_r": 0.18238332966859966,
      "gross_loss_r": 37.866021971509056,
      "gross_win_r": 50.63285504831104,
      "last_r": -1.0804231105841577,
      "losses": 37,
      "max_drawdown_r": 7.793902855139553,
      "peak_cum_r": 20.56073593194153,
      "profit_factor": 1.3371580222080877,
      "rolling_sharpe": 0.13301059966762246,
      "sum_downside_r_squared": 40.53717142025037,
      "sum_r_squared": 132.06038424207438,
      "total_decisions": 70,
      "total_pnl_usd": 127.66833076801981,
      "total_r": 12.766833076801976,
      "win_rate": 0.4714285714285714,
      "wins": 33
    },
    {
      "active": true,
      "agent_id": "funding-trend-v0",
      "expectancy_r": 0.4297,
      "gross_loss_r": 13,
      "gross_win_r": 24,
      "last_r": 1,
      "losses": 13,
      "max_drawdown_r": 3,
      "peak_cum_r": 13.084365000000002,
      "profit_factor": 1.8461538461538463,
      "rolling_sharpe": 0.37564000000000003,
      "sum_downside_r_squared": 13,
      "sum_r_squared": 49,
      "total_decisions": 29,
      "total_pnl_usd": 124.61300000000001,
      "total_r": 12.461300000000001,
      "win_rate": 0.5517241379310345,
      "wins": 16,
      "is_warmup": true
    },
    {
      "active": true,
      "agent_id": "polyedge-v0",
      "expectancy_r": 0.5931000000000001,
      "gross_loss_r": 19,
      "gross_win_r": 52.5,
      "last_r": 1,
      "losses": 19,
      "max_drawdown_r": 3,
      "peak_cum_r": 33.62877000000001,
      "profit_factor": 2.763157894736842,
      "rolling_sharpe": 0.55172,
      "sum_downside_r_squared": 19,
      "sum_r_squared": 97.75,
      "total_decisions": 54,
      "total_pnl_usd": 320.27400000000006,
      "total_r": 32.02740000000001,
      "win_rate": 0.6481481481481481,
      "wins": 35,
      "is_warmup": true
    },
    {
      "active": true,
      "agent_id": "gen203-mut360-liq-trend-v1",
      "expectancy_r": 0.5331,
      "gross_loss_r": 21,
      "gross_win_r": 51,
      "last_r": 1,
      "losses": 21,
      "max_drawdown_r": 3,
      "peak_cum_r": 30.786525000000005,
      "profit_factor": 2.4285714285714284,
      "rolling_sharpe": 0.45971999999999996,
      "sum_downside_r_squared": 21,
      "sum_r_squared": 97.5,
      "total_decisions": 55,
      "total_pnl_usd": 293.20500000000004,
      "total_r": 29.320500000000003,
      "win_rate": 0.6181818181818182,
      "wins": 34,
      "is_warmup": true
    },
    {
      "active": true,
      "agent_id": "gen203-mut361-liq-fade-v0",
      "expectancy_r": 0.38920000000000005,
      "gross_loss_r": 16,
      "gross_win_r": 30,
      "last_r": 1,
      "losses": 16,
      "max_drawdown_r": 3,
      "peak_cum_r": 14.711760000000004,
      "profit_factor": 1.875,
      "rolling_sharpe": 0.34704,
      "sum_downside_r_squared": 16,
      "sum_r_squared": 61,
      "total_decisions": 36,
      "total_pnl_usd": 140.11200000000002,
      "total_r": 14.011200000000002,
      "win_rate": 0.5555555555555556,
      "wins": 20,
      "is_warmup": true
    },
    {
      "active": true,
      "agent_id": "gen203-mut362-funding-trend-v1",
      "expectancy_r": 0.49560000000000004,
      "gross_loss_r": 17,
      "gross_win_r": 39,
      "last_r": 1,
      "losses": 17,
      "max_drawdown_r": 3,
      "peak_cum_r": 22.376340000000003,
      "profit_factor": 2.2941176470588234,
      "rolling_sharpe": 0.45472,
      "sum_downside_r_squared": 17,
      "sum_r_squared": 75.5,
      "total_decisions": 43,
      "total_pnl_usd": 213.108,
      "total_r": 21.3108,
      "win_rate": 0.6046511627906976,
      "wins": 26,
      "is_warmup": true
    },
    {
      "active": true,
      "agent_id": "gen203-mut363-funding-arb-v1",
      "expectancy_r": 0.3273,
      "gross_loss_r": 12,
      "gross_win_r": 19.5,