{
  "agents": [
    {
      "active": true,
      "agent_id": "vol-breakout-v0",
      "expectancy_r": 0.7532778072025429,
      "gross_loss_r": 2106.6262780344737,
      "gross_win_r": 6427.427780148248,
      "last_r": 1.8740273370951244,
      "losses": 2089,
      "max_drawdown_r": 5.374687353202262,
      "peak_cum_r": 4320.801502113786,
      "profit_factor": 3.0510526936677027,
      "rolling_sharpe": 0.5448932997283689,
      "sum_downside_r_squared": 2265.803474907749,
      "sum_r_squared": 14215.023262823806,
      "total_decisions": 5736,
      "total_pnl_usd": 43208.01502113761,
      "total_r": 4320.801502113786,
      "win_rate": 0.6358089260808926,
      "wins": 3647
    },
    {
      "active": true,
      "agent_id": "gen2-mut25-vol-breakout-v0",
      "expectancy_r": 0.7662766011989238,
      "gross_loss_r": 1829.0410573322958,
      "gross_win_r": 5501.038530277545,
      "last_r": 0.974146370038308,
      "losses": 1798,
      "max_drawdown_r": 5.507957176917216,
      "peak_cum_r": 3672.93982220793,
      "profit_factor": 3.007608007608617,
      "rolling_sharpe": 0.5437143604316779,
      "sum_downside_r_squared": 1958.1645902567666,
      "sum_r_squared": 12329.793325160861,
      "total_decisions": 4792,
      "total_pnl_usd": 36719.97472945299,
      "total_r": 3671.997472945243,
      "win_rate": 0.6247913188647746,
      "wins": 2994
    },
    {
      "active": true,
      "agent_id": "vol-breakout-v1",
      "expectancy_r": 0.8706838262167409,
      "gross_loss_r": 1222.2144767432405,
      "gross_win_r": 4388.020868867301,
      "last_r": 1.8740273370951244,
      "losses": 1200,
      "max_drawdown_r": 5.49720477623714,
      "peak_cum_r": 3165.80639212407,
      "profit_factor": 3.5902216446983917,
      "rolling_sharpe": 0.6375387598987078,
      "sum_downside_r_squared": 1318.948189033929,
      "sum_r_squared": 9536.143052278483,
      "total_decisions": 3636,
      "total_pnl_usd": 31658.063921240704,
      "total_r": 3165.80639212407,
      "win_rate": 0.66996699669967,
      "wins": 2436
    },
    {
      "active": true,
      "agent_id": "gen8-mut106-liq-trend-v1",
      "expectancy_r": 0.17913783133738218,
      "gross_loss_r": 17.13778818173334,
      "gross_win_r": 24.303301435228622,
      "last_r": -1.0578151640546016,
      "losses": 20,
      "max_drawdown_r": 8.459410640376621,
      "peak_cum_r": 11.481274172409924,
      "profit_factor": 1.418111904378232,
      "rolling_sharpe": 0.14884928550255452,
      "sum_downside_r_squared": 17.378123492642768,
      "sum_r_squared": 57.77025198908811,
      "total_decisions": 40,
      "total_pnl_usd": 71.65513253495286,
      "total_r": 7.165513253495287,
      "win_rate": 0.5,
      "wins": 20
    },
    {
      "active": true,
      "agent_id": "gen31-mut40-liq-fade-v0",
      "expectancy_r": 0.18297121513098635,
      "gross_loss_r": 12.968555825523156,
      "gross_win_r": 19.921462000500632,
      "last_r": -1.160831620355443,
      "losses": 17,
      "max_drawdown_r": 8.02040477993566,
      "peak_cum_r": 9.26253915118954,
      "profit_factor": 1.5361357323452778,
      "rolling_sharpe": 0.17768505655197506,
      "sum_downside_r_squared": 12.848010606994494,
      "sum_r_squared": 40.50644107489358,
      "total_decisions": 38,
      "total_pnl_usd": 69.52906174977483,
      "total_r": 6.952906174977482,
      "win_rate": 0.5526315789473685,
      "wins": 21
    },
    {
      "active": true,
      "agent_id": "funding-trend-v0",
      "expectancy_r": 0.4297,
      "gross_loss_r": 13,
      "gross_win_r": 24,
      "last_r": 1,
      "losses": 13,
      "max_drawdown_r": 3,
      "peak_cum_r": 13.084365000000002,
      "profit_factor": 1.8461538461538463,
      "rolling_sharpe": 0.37564000000000003,
      "sum_downside_r_squared": 13,
      "sum_r_squared": 49,
      "total_decisions": 29,
      "total_pnl_usd": 124.61300000000001,
      "total_r": 12.461300000000001,
      "win_rate": 0.5517241379310345,
      "wins": 16,
      "is_warmup": true
    },
    {
      "active": true,
      "agent_id": "funding-arb-v0",
      "expectancy_r": 0.3025,
      "gross_loss_r": 10,
      "gross_win_r": 16.5,
      "last_r": 1,
      "losses": 10,
      "max_drawdown_r": 3,
      "peak_cum_r": 6.6701250000000005,
      "profit_factor": 1.65,
      "rolling_sharpe": 0.28300000000000003,
      "sum_downside_r_squared": 10,
      "sum_r_squared": 34.75,
      "total_decisions": 21,
      "total_pnl_usd": 63.525,
      "total_r": 6.3525,
      "win_rate": 0.5238095238095238,
      "wins": 11,
      "is_warmup": true
    },
    {
      "active": true,
      "agent_id": "polyedge-v0",
      "expectancy_r": 0.5931000000000001,
      "gross_loss_r": 19,
      "gross_win_r": 52.5,
      "last_r": 1,
      "losses": 19,
      "max_drawdown_r": 3,
      "peak_cum_r": 33.62877000000001,
      "profit_factor": 2.763157894736842,
      "rolling_sharpe": 0.55172,
      "sum_downside_r_squared": 19,
      "sum_r_squared": 97.75,
      "total_decisions": 54,
      "total_pnl_usd": 320.27400000000006,
      "total_r": 32.02740000000001,
      "win_rate": 0.6481481481481481,
      "wins": 35,
      "is_warmup": true
    },
    {
      "active": true,
      "agent_id": "gen840-mut378-liq-fade-v0",
      "expectancy_r": 0.4171,
      "gross_loss_r": 18,
      "gross_win_r": 37.5,
      "last_r": 1,
      "losses": 18,
      "max_drawdown_r": 3,
      "peak_cum_r": 18.832065000000004,
      "profit_factor": 2.0833333333333335,
      "rolling_sharpe": 0.38051999999999997,
      "sum_downside_r_squared": 18,
      "sum_r_squared": 74.25,
      "total_decisions": 43,
      "total_pnl_usd": 179.353,
      "total_r": 17.9353,
      "win_rate": 0.5813953488372093,
      "wins": 25,
      "is_warmup": true
    },
    {
      "active": true,
      "agent_id": "gen840-mut379-funding-trend-v1",
      "expectancy_r": 0.46390000000000003,
      "gross_loss_r": 15,
      "gross_win_r": 31.5,
      "last_r": 1,
      "losses": 15,
      "max_drawdown_r": 3,
      "peak_cum_r": 17.535420000000002,
      "profit_factor": 2.1,
      "rolling_sharpe": 0.41668000000000005,
      "sum_downside_r_squared": 15,
      "sum_r_squared": 62.25,
      "total_decisions": 36,
      "total_pnl_usd": 167.00400000000002,
      "total_r": 16.700400000000002,
      "win_rate": 0.5833333333333334,
      "wins": 21,
      "is_warmup": true
    },
    {
      "active": true,
      "agent_id": "gen840-mut380-funding-arb-v1",
      "expectancy_r": 0.3323,
      "gross_loss_r": 12,
      "gross_win_r": 21,
      "last_r": 1,
      "losses": 12,
      "max_drawdown_r": 3,
      "peak_cum_r": 9.07179,
      "profit_factor": 1.75,
      "rolling_sharpe": 0.31876000000000004,
      "sum_downside_r_squared": 12,
      "sum_r_squared": 43.5,
      "total_decisions": 26,
      "total_pnl_usd": 86.398,
      "total_r": 8.6398,
      "win_rate": 0.5384615384615384,
      "wins": 14,
      "is_warmup": true
    },
    {
      "active": true,
      "agent_id": "gen840-mut381-polyedge-v1",
      "expectancy_r": 0.5904,
      "gross_loss_r": 19,
      "gross_win_r": 51,
      "last_r": 1,
      "losses": 19,
      "max_drawdown_r": 3,
      "peak_cum_r": 32.855760000000004,
      "profit_factor": 2.6842105263157894,
      "rolling_sharpe": 0.54848,
      "sum_downside_r_squared": 19,
      "sum_r_squared": 95.5,
      "total_decisions": 53,
      "total_pnl_usd": 312.91200000000003,
      "total_r": 31.291200000000003,
      "win_rate": 0.6415094339622641,
      "wins": 34,
      "is_warmup": true
    },
    {
      "active": true,
      "agent_id": "gen840-mut383-liq-fade-v0",
      "expectancy_r": 0.4213,
      "gross_loss_r": 19,
      "gross_win_r": 39,
      "last_r": 1,
      "losses": 19,
      "max_drawdown_r": 3,
      "peak_cum_r": 19.906425000000002,
      "profit_factor": 2.0526315789473686,
      "rolling_sharpe": 0.38555999999999996,
      "sum_downside_r_squared": 19,
      "sum_r_squared": 77.5,