{
  "agents": [
    {
      "active": true,
      "agent_id": "vol-breakout-v1",
      "expectancy_r": 0.8732864580155816,
      "gross_loss_r": 308.7710916120384,
      "gross_win_r": 1103.4617684062175,
      "last_r": 1.8591339151130082,
      "losses": 301,
      "max_drawdown_r": 5.497204776236856,
      "peak_cum_r": 794.6906767941792,
      "profit_factor": 3.5737211105004745,
      "rolling_sharpe": 0.6369314154413642,
      "sum_downside_r_squared": 334.2536457323244,
      "sum_r_squared": 2402.7955920274358,
      "total_decisions": 910,
      "total_pnl_usd": 7946.906767941779,
      "total_r": 794.6906767941792,
      "win_rate": 0.6692307692307692,
      "wins": 609
    },
    {
      "active": true,
      "agent_id": "vol-breakout-v0",
      "expectancy_r": 0.8021053602868813,
      "gross_loss_r": 498.9672490379876,
      "gross_win_r": 1627.52949096163,
      "last_r": 1.8591339151130082,
      "losses": 490,
      "max_drawdown_r": 5.374687353202262,
      "peak_cum_r": 1128.562241923642,
      "profit_factor": 3.2617962283086084,
      "rolling_sharpe": 0.5833246136917601,
      "sum_downside_r_squared": 537.6774388579172,
      "sum_r_squared": 3563.67005263656,
      "total_decisions": 1407,
      "total_pnl_usd": 11285.622419236428,
      "total_r": 1128.562241923642,
      "win_rate": 0.6517412935323383,
      "wins": 917
    },
    {
      "active": true,
      "agent_id": "gen2-mut25-vol-breakout-v0",
      "expectancy_r": 0.7905560349751589,
      "gross_loss_r": 434.76069706893526,
      "gross_win_r": 1358.9207019548942,
      "last_r": 1.837819482668835,
      "losses": 432,
      "max_drawdown_r": 5.507957176917159,
      "peak_cum_r": 924.1600048859608,
      "profit_factor": 3.1256751383380568,
      "rolling_sharpe": 0.5637142055740951,
      "sum_downside_r_squared": 464.69752149761064,
      "sum_r_squared": 3027.7547457894816,
      "total_decisions": 1169,
      "total_pnl_usd": 9241.600048859586,
      "total_r": 924.1600048859608,
      "win_rate": 0.630453378956373,
      "wins": 737
    },
    {
      "active": true,
      "agent_id": "gen33-mut40-liq-fade-v0",
      "expectancy_r": 0.18297121513098635,
      "gross_loss_r": 12.968555825523156,
      "gross_win_r": 19.921462000500632,
      "last_r": -1.160831620355443,
      "losses": 17,
      "max_drawdown_r": 8.02040477993566,
      "peak_cum_r": 9.26253915118954,
      "profit_factor": 1.5361357323452778,
      "rolling_sharpe": 0.17768505655197503,
      "sum_downside_r_squared": 12.848010606994494,
      "sum_r_squared": 40.50644107489359,
      "total_decisions": 38,
      "total_pnl_usd": 69.52906174977483,
      "total_r": 6.952906174977482,
      "win_rate": 0.5526315789473685,
      "wins": 21
    },
    {
      "active": true,
      "agent_id": "gen8-mut106-liq-trend-v1",
      "expectancy_r": 0.17913783133738218,
      "gross_loss_r": 17.13778818173334,
      "gross_win_r": 24.303301435228622,
      "last_r": -1.0578151640546016,
      "losses": 20,
      "max_drawdown_r": 8.459410640376621,
      "peak_cum_r": 11.481274172409924,
      "profit_factor": 1.418111904378232,
      "rolling_sharpe": 0.14884928550255452,
      "sum_downside_r_squared": 17.378123492642768,
      "sum_r_squared": 57.77025198908811,
      "total_decisions": 40,
      "total_pnl_usd": 71.65513253495286,
      "total_r": 7.165513253495287,
      "win_rate": 0.5,
      "wins": 20
    },
    {
      "active": true,
      "agent_id": "funding-trend-v0",
      "expectancy_r": 0.4297,
      "gross_loss_r": 13,
      "gross_win_r": 24,
      "last_r": 1,
      "losses": 13,
      "max_drawdown_r": 3,
      "peak_cum_r": 13.084365000000002,
      "profit_factor": 1.8461538461538463,
      "rolling_sharpe": 0.37564000000000003,
      "sum_downside_r_squared": 13,
      "sum_r_squared": 49,
      "total_decisions": 29,
      "total_pnl_usd": 124.61300000000001,
      "total_r": 12.461300000000001,
      "win_rate": 0.5517241379310345,
      "wins": 16,
      "is_warmup": true
    },
    {
      "active": true,
      "agent_id": "funding-arb-v0",
      "expectancy_r": 0.3025,
      "gross_loss_r": 10,
      "gross_win_r": 16.5,
      "last_r": 1,
      "losses": 10,
      "max_drawdown_r": 3,
      "peak_cum_r": 6.6701250000000005,
      "profit_factor": 1.65,
      "rolling_sharpe": 0.28300000000000003,
      "sum_downside_r_squared": 10,
      "sum_r_squared": 34.75,
      "total_decisions": 21,
      "total_pnl_usd": 63.525,
      "total_r": 6.3525,
      "win_rate": 0.5238095238095238,
      "wins": 11,
      "is_warmup": true
    },
    {
      "active": true,
      "agent_id": "polyedge-v0",
      "expectancy_r": 0.5931000000000001,
      "gross_loss_r": 19,
      "gross_win_r": 52.5,
      "last_r": 1,
      "losses": 19,
      "max_drawdown_r": 3,
      "peak_cum_r": 33.62877000000001,
      "profit_factor": 2.763157894736842,
      "rolling_sharpe": 0.55172,
      "sum_downside_r_squared": 19,
      "sum_r_squared": 97.75,
      "total_decisions": 54,
      "total_pnl_usd": 320.27400000000006,
      "total_r": 32.02740000000001,
      "win_rate": 0.6481481481481481,
      "wins": 35,
      "is_warmup": true
    },
    {
      "active": true,
      "agent_id": "gen210-mut404-liq-trend-v1",
      "expectancy_r": 0.5302,
      "gross_loss_r": 21,
      "gross_win_r": 49.5,
      "last_r": 1,
      "losses": 21,
      "max_drawdown_r": 3,
      "peak_cum_r": 30.062340000000003,
      "profit_factor": 2.357142857142857,
      "rolling_sharpe": 0.45624,
      "sum_downside_r_squared": 21,
      "sum_r_squared": 95.25,
      "total_decisions": 54,
      "total_pnl_usd": 286.308,
      "total_r": 28.6308,
      "win_rate": 0.6111111111111112,
      "wins": 33,
      "is_warmup": true
    },
    {
      "active": true,
      "agent_id": "gen210-mut405-liq-fade-v0",
      "expectancy_r": 0.4399,
      "gross_loss_r": 20,
      "gross_win_r": 43.5,
      "last_r": 1,
      "losses": 20,
      "max_drawdown_r": 3,
      "peak_cum_r": 22.632855,
      "profit_factor": 2.175,
      "rolling_sharpe": 0.40787999999999996,
      "sum_downside_r_squared": 20,
      "sum_r_squared": 85.25,
      "total_decisions": 49,
      "total_pnl_usd": 215.551,
      "total_r": 21.5551,
      "win_rate": 0.5918367346938775,
      "wins": 29,
      "is_warmup": true
    },
    {
      "active": true,
      "agent_id": "gen210-mut406-funding-trend-v1",
      "expectancy_r": 0.49250000000000005,
      "gross_loss_r": 16,
      "gross_win_r": 39,
      "last_r": 1,
      "losses": 16,
      "max_drawdown_r": 3,
      "peak_cum_r": 21.719250000000002,
      "profit_factor": 2.4375,
      "rolling_sharpe": 0.451,
      "sum_downside_r_squared": 16,
      "sum_r_squared": 74.5,
      "total_decisions": 42,
      "total_pnl_usd": 206.85000000000002,
      "total_r": 20.685000000000002,
      "win_rate": 0.6190476190476191,
      "wins": 26,
      "is_warmup": true
    },
    {
      "active": true,
      "agent_id": "gen210-mut407-funding-arb-v1",
      "expectancy_r": 0.3212,
      "gross_loss_r": 11,
      "gross_win_r": 19.5,
      "last_r": 1,
      "losses": 11,
      "max_drawdown_r": 3,
      "peak_cum_r": 8.094240000000001,
      "profit_factor": 1.7727272727272727,
      "rolling_sharpe": 0.30544000000000004,
      "sum_downside_r_squared": 11,
      "sum_r_squared": 40.25,
      "total_decisions": 24,
      "total_pnl_usd": 77.088,
      "total_r": 7.7088,
      "win_rate": 0.5416666666666666,
      "wins": 13,
      "is_warmup": true
    },
    {
      "active": true,
      "agent_id": "gen210-mut408-polyedge-v1",
      "expectancy_r": 0.5947,
      "gross_loss_r": 19,
      "gross_win_r": 54,
      "last_r": 1,
      "losses": 19,
      "max_drawdown_r": 3,
      "peak_cum_r": 34.343925000000006,
      "profit_factor": 2.8421052631578947,
      "rolling_sharpe": 0.55364,
      "sum_downside_r_squared": 19,
      "sum_r_squared": 100,
      "total_decisions": 55,