{
  "agents": [
    {
      "active": true,
      "agent_id": "vol-breakout-v0",
      "expectancy_r": 0.7684871639671638,
      "gross_loss_r": 140.2805852552894,
      "gross_win_r": 436.9166305466146,
      "last_r": 0.8607265331551069,
      "losses": 138,
      "max_drawdown_r": 5.0454961550573785,
      "peak_cum_r": 296.6360452913252,
      "profit_factor": 3.1145908733663505,
      "rolling_sharpe": 0.5567699514427277,
      "sum_downside_r_squared": 151.01943752876417,
      "sum_r_squared": 961.4310485553414,
      "total_decisions": 386,
      "total_pnl_usd": 2966.3604529132476,
      "total_r": 296.6360452913252,
      "win_rate": 0.6424870466321243,
      "wins": 248
    },
    {
      "active": true,
      "agent_id": "gen2-mut25-vol-breakout-v0",
      "expectancy_r": 0.7461642844597902,
      "gross_loss_r": 119.98751488763511,
      "gross_win_r": 351.29844307017004,
      "last_r": 1.8840018440165334,
      "losses": 118,
      "max_drawdown_r": 5.507957176917131,
      "peak_cum_r": 231.31092818253495,
      "profit_factor": 2.9277916406482043,
      "rolling_sharpe": 0.5281175000968549,
      "sum_downside_r_squared": 128.50899355536828,
      "sum_r_squared": 789.4270736918057,
      "total_decisions": 310,
      "total_pnl_usd": 2313.1092818253483,
      "total_r": 231.31092818253495,
      "win_rate": 0.6193548387096774,
      "wins": 192
    },
    {
      "active": true,
      "agent_id": "vol-breakout-v1",
      "expectancy_r": 0.8823068981611063,
      "gross_loss_r": 81.48096511621581,
      "gross_win_r": 298.528462063848,
      "last_r": 0.8607265331551069,
      "losses": 80,
      "max_drawdown_r": 5.497204776236856,
      "peak_cum_r": 217.04749694763214,
      "profit_factor": 3.6637816162101005,
      "rolling_sharpe": 0.6476211048584024,
      "sum_downside_r_squared": 87.92987926892843,
      "sum_r_squared": 646.2428072914614,
      "total_decisions": 246,
      "total_pnl_usd": 2170.4749694763204,
      "total_r": 217.04749694763214,
      "win_rate": 0.6747967479674797,
      "wins": 166
    },
    {
      "active": true,
      "agent_id": "gen8-mut106-liq-trend-v1",
      "expectancy_r": 0.17913783133738218,
      "gross_loss_r": 17.13778818173334,
      "gross_win_r": 24.303301435228622,
      "last_r": -1.0578151640546016,
      "losses": 20,
      "max_drawdown_r": 8.459410640376621,
      "peak_cum_r": 11.481274172409924,
      "profit_factor": 1.418111904378232,
      "rolling_sharpe": 0.14884928550255452,
      "sum_downside_r_squared": 17.378123492642768,
      "sum_r_squared": 57.77025198908811,
      "total_decisions": 40,
      "total_pnl_usd": 71.65513253495286,
      "total_r": 7.165513253495287,
      "win_rate": 0.5,
      "wins": 20
    },
    {
      "active": true,
      "agent_id": "gen31-mut40-liq-fade-v0",
      "expectancy_r": 0.18297121513098635,
      "gross_loss_r": 12.968555825523156,
      "gross_win_r": 19.921462000500632,
      "last_r": -1.160831620355443,
      "losses": 17,
      "max_drawdown_r": 8.02040477993566,
      "peak_cum_r": 9.262539151189541,
      "profit_factor": 1.5361357323452778,
      "rolling_sharpe": 0.17768505655197506,
      "sum_downside_r_squared": 12.848010606994494,
      "sum_r_squared": 40.50644107489358,
      "total_decisions": 38,
      "total_pnl_usd": 69.52906174977483,
      "total_r": 6.952906174977482,
      "win_rate": 0.5526315789473685,
      "wins": 21
    },
    {
      "active": true,
      "agent_id": "funding-trend-v0",
      "expectancy_r": 0.4297,
      "gross_loss_r": 13,
      "gross_win_r": 24,
      "last_r": 1,
      "losses": 13,
      "max_drawdown_r": 3,
      "peak_cum_r": 13.084365000000002,
      "profit_factor": 1.8461538461538463,
      "rolling_sharpe": 0.37564000000000003,
      "sum_downside_r_squared": 13,
      "sum_r_squared": 49,
      "total_decisions": 29,
      "total_pnl_usd": 124.61300000000001,
      "total_r": 12.461300000000001,
      "win_rate": 0.5517241379310345,
      "wins": 16,
      "is_warmup": true
    },
    {
      "active": true,
      "agent_id": "funding-arb-v0",
      "expectancy_r": 0.3025,
      "gross_loss_r": 10,
      "gross_win_r": 16.5,
      "last_r": 1,
      "losses": 10,
      "max_drawdown_r": 3,
      "peak_cum_r": 6.6701250000000005,
      "profit_factor": 1.65,
      "rolling_sharpe": 0.28300000000000003,
      "sum_downside_r_squared": 10,
      "sum_r_squared": 34.75,
      "total_decisions": 21,
      "total_pnl_usd": 63.525,
      "total_r": 6.3525,
      "win_rate": 0.5238095238095238,
      "wins": 11,
      "is_warmup": true
    },
    {
      "active": true,
      "agent_id": "polyedge-v0",
      "expectancy_r": 0.5931000000000001,
      "gross_loss_r": 19,
      "gross_win_r": 52.5,
      "last_r": 1,
      "losses": 19,
      "max_drawdown_r": 3,
      "peak_cum_r": 33.62877000000001,
      "profit_factor": 2.763157894736842,
      "rolling_sharpe": 0.55172,
      "sum_downside_r_squared": 19,
      "sum_r_squared": 97.75,
      "total_decisions": 54,
      "total_pnl_usd": 320.27400000000006,
      "total_r": 32.02740000000001,
      "win_rate": 0.6481481481481481,
      "wins": 35,
      "is_warmup": true
    },
    {
      "active": true,
      "agent_id": "gen56-mut370-liq-trend-v1",
      "expectancy_r": 0.5414,
      "gross_loss_r": 22,
      "gross_win_r": 52.5,
      "last_r": 1,
      "losses": 22,
      "max_drawdown_r": 3,
      "peak_cum_r": 32.40279,
      "profit_factor": 2.3863636363636362,
      "rolling_sharpe": 0.46968,
      "sum_downside_r_squared": 22,
      "sum_r_squared": 100.75,
      "total_decisions": 57,
      "total_pnl_usd": 308.598,
      "total_r": 30.8598,
      "win_rate": 0.6140350877192983,
      "wins": 35,
      "is_warmup": true
    },
    {
      "active": true,
      "agent_id": "gen56-mut371-liq-fade-v0",
      "expectancy_r": 0.36550000000000005,
      "gross_loss_r": 14,
      "gross_win_r": 24,
      "last_r": 1,
      "losses": 14,
      "max_drawdown_r": 3,
      "peak_cum_r": 11.513250000000003,
      "profit_factor": 1.7142857142857142,
      "rolling_sharpe": 0.3186,
      "sum_downside_r_squared": 14,
      "sum_r_squared": 50,
      "total_decisions": 30,
      "total_pnl_usd": 109.65000000000002,
      "total_r": 10.965000000000002,
      "win_rate": 0.5333333333333333,
      "wins": 16,
      "is_warmup": true
    },
    {
      "active": true,
      "agent_id": "gen56-mut372-funding-trend-v1",
      "expectancy_r": 0.44930000000000003,
      "gross_loss_r": 14,
      "gross_win_r": 28.5,
      "last_r": 1,
      "losses": 14,
      "max_drawdown_r": 3,
      "peak_cum_r": 15.568245000000003,
      "profit_factor": 2.0357142857142856,
      "rolling_sharpe": 0.39916,
      "sum_downside_r_squared": 14,
      "sum_r_squared": 56.75,
      "total_decisions": 33,
      "total_pnl_usd": 148.269,
      "total_r": 14.826900000000002,
      "win_rate": 0.5757575757575758,
      "wins": 19,
      "is_warmup": true
    },
    {
      "active": true,
      "agent_id": "gen56-mut373-funding-arb-v1",
      "expectancy_r": 0.32599999999999996,
      "gross_loss_r": 12,
      "gross_win_r": 19.5,
      "last_r": 1,
      "losses": 12,
      "max_drawdown_r": 3,
      "peak_cum_r": 8.5575,
      "profit_factor": 1.625,
      "rolling_sharpe": 0.31120000000000003,
      "sum_downside_r_squared": 12,
      "sum_r_squared": 41.25,
      "total_decisions": 25,
      "total_pnl_usd": 81.49999999999999,
      "total_r": 8.149999999999999,
      "win_rate": 0.52,
      "wins": 13,
      "is_warmup": true
    },
    {
      "active": true,
      "agent_id": "gen56-mut374-polyedge-v1",
      "expectancy_r": 0.5843,
      "gross_loss_r": 18,
      "gross_win_r": 51,
      "last_r": 1,
      "losses": 18,
      "max_drawdown_r": 3,
      "peak_cum_r": 31.902780000000003,
      "profit_factor": 2.8333333333333335,
      "rolling_sharpe": 0.54116,
      "sum_downside_r_squared": 18,
      "sum_r_squared": 94.5,
      "total_decisions": 52,