{
  "agents": [
    {
      "active": true,
      "agent_id": "vol-breakout-v1",
      "expectancy_r": 0.8796376707182314,
      "gross_loss_r": 366.66434302297137,
      "gross_win_r": 1340.423244508054,
      "last_r": 0.33570853370136206,
      "losses": 360,
      "max_drawdown_r": 5.497204776236856,
      "peak_cum_r": 973.7589014850822,
      "profit_factor": 3.6557229248334004,
      "rolling_sharpe": 0.6464436894042029,
      "sum_downside_r_squared": 395.68445671017776,
      "sum_r_squared": 2904.4202133225735,
      "total_decisions": 1107,
      "total_pnl_usd": 9737.589014850828,
      "total_r": 973.7589014850822,
      "win_rate": 0.6747967479674797,
      "wins": 747
    },
    {
      "active": true,
      "agent_id": "vol-breakout-v0",
      "expectancy_r": 0.765191863018238,
      "gross_loss_r": 631.8660614697286,
      "gross_win_r": 1963.2999031214663,
      "last_r": 0.33570853370136206,
      "losses": 623,
      "max_drawdown_r": 5.374687353202262,
      "peak_cum_r": 1331.5304254796793,
      "profit_factor": 3.107145679821457,
      "rolling_sharpe": 0.5551202913787022,
      "sum_downside_r_squared": 679.8036329107993,
      "sum_r_squared": 4323.000337165962,
      "total_decisions": 1740,
      "total_pnl_usd": 13314.338416517385,
      "total_r": 1331.4338416517342,
      "win_rate": 0.6419540229885058,
      "wins": 1117
    },
    {
      "active": true,
      "agent_id": "gen2-mut25-vol-breakout-v0",
      "expectancy_r": 0.7694126075560092,
      "gross_loss_r": 547.2407013259981,
      "gross_win_r": 1658.2725066368737,
      "last_r": 0.33570853370136206,
      "losses": 538,
      "max_drawdown_r": 5.507957176917216,
      "peak_cum_r": 1111.0318053108772,
      "profit_factor": 3.030243369359729,
      "rolling_sharpe": 0.546962199953123,
      "sum_downside_r_squared": 585.9003804374058,
      "sum_r_squared": 3710.263872875808,
      "total_decisions": 1444,
      "total_pnl_usd": 11110.318053108738,
      "total_r": 1111.0318053108772,
      "win_rate": 0.6274238227146814,
      "wins": 906
    },
    {
      "active": true,
      "agent_id": "gen31-mut40-liq-fade-v0",
      "expectancy_r": 0.18297121513098635,
      "gross_loss_r": 12.968555825523156,
      "gross_win_r": 19.921462000500632,
      "last_r": -1.160831620355443,
      "losses": 17,
      "max_drawdown_r": 8.02040477993566,
      "peak_cum_r": 9.26253915118954,
      "profit_factor": 1.5361357323452778,
      "rolling_sharpe": 0.17768505655197506,
      "sum_downside_r_squared": 12.848010606994494,
      "sum_r_squared": 40.50644107489358,
      "total_decisions": 38,
      "total_pnl_usd": 69.52906174977483,
      "total_r": 6.952906174977482,
      "win_rate": 0.5526315789473685,
      "wins": 21
    },
    {
      "active": true,
      "agent_id": "gen8-mut106-liq-trend-v1",
      "expectancy_r": 0.17913783133738218,
      "gross_loss_r": 17.13778818173334,
      "gross_win_r": 24.303301435228622,
      "last_r": -1.0578151640546016,
      "losses": 20,
      "max_drawdown_r": 8.459410640376621,
      "peak_cum_r": 11.481274172409924,
      "profit_factor": 1.418111904378232,
      "rolling_sharpe": 0.14884928550255452,
      "sum_downside_r_squared": 17.378123492642768,
      "sum_r_squared": 57.77025198908811,
      "total_decisions": 40,
      "total_pnl_usd": 71.65513253495286,
      "total_r": 7.165513253495287,
      "win_rate": 0.5,
      "wins": 20
    },
    {
      "active": true,
      "agent_id": "funding-trend-v0",
      "expectancy_r": 0.4297,
      "gross_loss_r": 13,
      "gross_win_r": 24,
      "last_r": 1,
      "losses": 13,
      "max_drawdown_r": 3,
      "peak_cum_r": 13.084365000000002,
      "profit_factor": 1.8461538461538463,
      "rolling_sharpe": 0.37564000000000003,
      "sum_downside_r_squared": 13,
      "sum_r_squared": 49,
      "total_decisions": 29,
      "total_pnl_usd": 124.61300000000001,
      "total_r": 12.461300000000001,
      "win_rate": 0.5517241379310345,
      "wins": 16,
      "is_warmup": true
    },
    {
      "active": true,
      "agent_id": "funding-arb-v0",
      "expectancy_r": 0.3025,
      "gross_loss_r": 10,
      "gross_win_r": 16.5,
      "last_r": 1,
      "losses": 10,
      "max_drawdown_r": 3,
      "peak_cum_r": 6.6701250000000005,
      "profit_factor": 1.65,
      "rolling_sharpe": 0.28300000000000003,
      "sum_downside_r_squared": 10,
      "sum_r_squared": 34.75,
      "total_decisions": 21,
      "total_pnl_usd": 63.525,
      "total_r": 6.3525,
      "win_rate": 0.5238095238095238,
      "wins": 11,
      "is_warmup": true
    },
    {
      "active": true,
      "agent_id": "polyedge-v0",
      "expectancy_r": 0.5931000000000001,
      "gross_loss_r": 19,
      "gross_win_r": 52.5,
      "last_r": 1,
      "losses": 19,
      "max_drawdown_r": 3,
      "peak_cum_r": 33.62877000000001,
      "profit_factor": 2.763157894736842,
      "rolling_sharpe": 0.55172,
      "sum_downside_r_squared": 19,
      "sum_r_squared": 97.75,
      "total_decisions": 54,
      "total_pnl_usd": 320.27400000000006,
      "total_r": 32.02740000000001,
      "win_rate": 0.6481481481481481,
      "wins": 35,
      "is_warmup": true
    },
    {
      "active": true,
      "agent_id": "gen252-mut378-liq-fade-v0",
      "expectancy_r": 0.4088,
      "gross_loss_r": 18,
      "gross_win_r": 34.5,
      "last_r": 1,
      "losses": 18,
      "max_drawdown_r": 3,
      "peak_cum_r": 17.59884,
      "profit_factor": 1.9166666666666667,
      "rolling_sharpe": 0.37056,
      "sum_downside_r_squared": 18,
      "sum_r_squared": 69.75,
      "total_decisions": 41,
      "total_pnl_usd": 167.608,
      "total_r": 16.7608,
      "win_rate": 0.5609756097560976,
      "wins": 23,
      "is_warmup": true
    },
    {
      "active": true,
      "agent_id": "gen252-mut379-funding-trend-v1",
      "expectancy_r": 0.4622,
      "gross_loss_r": 15,
      "gross_win_r": 31.5,
      "last_r": 1,
      "losses": 15,
      "max_drawdown_r": 3,
      "peak_cum_r": 17.47116,
      "profit_factor": 2.1,
      "rolling_sharpe": 0.41464,
      "sum_downside_r_squared": 15,
      "sum_r_squared": 62.25,
      "total_decisions": 36,
      "total_pnl_usd": 166.392,
      "total_r": 16.6392,
      "win_rate": 0.5833333333333334,
      "wins": 21,
      "is_warmup": true
    },
    {
      "active": true,
      "agent_id": "gen252-mut380-funding-arb-v1",
      "expectancy_r": 0.3374,
      "gross_loss_r": 12,
      "gross_win_r": 22.5,
      "last_r": 1,
      "losses": 12,
      "max_drawdown_r": 3,
      "peak_cum_r": 9.565290000000001,
      "profit_factor": 1.875,
      "rolling_sharpe": 0.32488,
      "sum_downside_r_squared": 12,
      "sum_r_squared": 45.75,
      "total_decisions": 27,
      "total_pnl_usd": 91.098,
      "total_r": 9.1098,
      "win_rate": 0.5555555555555556,
      "wins": 15,
      "is_warmup": true
    },
    {
      "active": true,
      "agent_id": "gen252-mut381-polyedge-v1",
      "expectancy_r": 0.5611,
      "gross_loss_r": 17,
      "gross_win_r": 42,
      "last_r": 1,
      "losses": 17,
      "max_drawdown_r": 3,
      "peak_cum_r": 26.511975000000003,
      "profit_factor": 2.4705882352941178,
      "rolling_sharpe": 0.51332,
      "sum_downside_r_squared": 17,
      "sum_r_squared": 80,
      "total_decisions": 45,
      "total_pnl_usd": 252.495,
      "total_r": 25.2495,
      "win_rate": 0.6222222222222222,
      "wins": 28,
      "is_warmup": true
    },
    {
      "active": true,
      "agent_id": "gen252-mut383-liq-fade-v0",
      "expectancy_r": 0.4146,
      "gross_loss_r": 18,
      "gross_win_r": 37.5,
      "last_r": 1,
      "losses": 18,
      "max_drawdown_r": 3,
      "peak_cum_r": 18.71919,
      "profit_factor": 2.0833333333333335,
      "rolling_sharpe": 0.37751999999999997,
      "sum_downside_r_squared": 18,
      "sum_r_squared": 74.25,
      "total_decisions": 43,
      "total_pnl_usd": 178.278,
      "total_r": 17.8278,