{
  "agents": [
    {
      "active": true,
      "agent_id": "vol-breakout-v1",
      "expectancy_r": 0.8421598469363183,
      "gross_loss_r": 396.9914035011924,
      "gross_win_r": 1352.0006699269777,
      "last_r": -1.1417083845731337,
      "losses": 387,
      "max_drawdown_r": 5.497204776236856,
      "peak_cum_r": 956.1509748103581,
      "profit_factor": 3.405616993222668,
      "rolling_sharpe": 0.6097475580099474,
      "sum_downside_r_squared": 429.7546873701311,
      "sum_r_squared": 2965.5892643843868,
      "total_decisions": 1134,
      "total_pnl_usd": 9550.09266425785,
      "total_r": 955.009266425785,
      "win_rate": 0.6587301587301587,
      "wins": 747
    },
    {
      "active": true,
      "agent_id": "vol-breakout-v0",
      "expectancy_r": 0.7807518420119063,
      "gross_loss_r": 641.5293201916983,
      "gross_win_r": 2025.8023360788109,
      "last_r": 1.9153823136230304,
      "losses": 630,
      "max_drawdown_r": 5.374687353202262,
      "peak_cum_r": 1384.2730158871098,
      "profit_factor": 3.1577704593041385,
      "rolling_sharpe": 0.5655298994964771,
      "sum_downside_r_squared": 691.2995642458937,
      "sum_r_squared": 4458.143468246342,
      "total_decisions": 1773,
      "total_pnl_usd": 13842.730158871134,
      "total_r": 1384.2730158871098,
      "win_rate": 0.6446700507614214,
      "wins": 1143
    },
    {
      "active": true,
      "agent_id": "gen2-mut25-vol-breakout-v0",
      "expectancy_r": 0.7688108642026679,
      "gross_loss_r": 557.9644983732452,
      "gross_win_r": 1688.8852796153672,
      "last_r": -0.3088757240820327,
      "losses": 552,
      "max_drawdown_r": 5.507957176917216,
      "peak_cum_r": 1131.2296569662064,
      "profit_factor": 3.0268687067713813,
      "rolling_sharpe": 0.5460839899360455,
      "sum_downside_r_squared": 597.7180148423924,
      "sum_r_squared": 3783.1147794208314,
      "total_decisions": 1471,
      "total_pnl_usd": 11309.207812421211,
      "total_r": 1130.9207812421243,
      "win_rate": 0.6247450713800136,
      "wins": 919
    },
    {
      "active": true,
      "agent_id": "gen58-mut389-liq-trend-v1",
      "expectancy_r": 0.3144873896258217,
      "gross_loss_r": 16.813860586394878,
      "gross_win_r": 30.651305729931025,
      "last_r": -1.0795628261391592,
      "losses": 16,
      "max_drawdown_r": 9.99751276274388,
      "peak_cum_r": 17.093247681986966,
      "profit_factor": 1.822978463062366,
      "rolling_sharpe": 0.25851129788921884,
      "sum_downside_r_squared": 17.927360247200337,
      "sum_r_squared": 67.98960653810465,
      "total_decisions": 44,
      "total_pnl_usd": 138.37445143536152,
      "total_r": 13.837445143536154,
      "win_rate": 0.6363636363636364,
      "wins": 28
    },
    {
      "active": true,
      "agent_id": "gen255-mut285-liq-fade-v0",
      "expectancy_r": 0.15911364664240193,
      "gross_loss_r": 13.04038230203893,
      "gross_win_r": 18.132018994595793,
      "last_r": 0.4736435325326981,
      "losses": 16,
      "max_drawdown_r": 4.206475055890703,
      "peak_cum_r": 6.919454475319502,
      "profit_factor": 1.390451489429168,
      "rolling_sharpe": 0.14118967196947088,
      "sum_downside_r_squared": 12.82720614335863,
      "sum_r_squared": 40.180627445059876,
      "total_decisions": 32,
      "total_pnl_usd": 50.916366925568624,
      "total_r": 5.091636692556862,
      "win_rate": 0.5,
      "wins": 16
    },
    {
      "active": true,
      "agent_id": "gen175-mut13-funding-arb-v1",
      "expectancy_r": 0.1823833296685997,
      "gross_loss_r": 37.866021971509056,
      "gross_win_r": 50.63285504831104,
      "last_r": -1.0804231105841575,
      "losses": 37,
      "max_drawdown_r": 7.793902855139553,
      "peak_cum_r": 20.56073593194153,
      "profit_factor": 1.3371580222080877,
      "rolling_sharpe": 0.13301059966762246,
      "sum_downside_r_squared": 40.53717142025037,
      "sum_r_squared": 132.06038424207438,
      "total_decisions": 70,
      "total_pnl_usd": 127.6683307680198,
      "total_r": 12.766833076801976,
      "win_rate": 0.4714285714285714,
      "wins": 33
    },
    {
      "active": true,
      "agent_id": "funding-trend-v0",
      "expectancy_r": 0.4297,
      "gross_loss_r": 13,
      "gross_win_r": 24,
      "last_r": 1,
      "losses": 13,
      "max_drawdown_r": 3,
      "peak_cum_r": 13.084365000000002,
      "profit_factor": 1.8461538461538463,
      "rolling_sharpe": 0.37564000000000003,
      "sum_downside_r_squared": 13,
      "sum_r_squared": 49,
      "total_decisions": 29,
      "total_pnl_usd": 124.61300000000001,
      "total_r": 12.461300000000001,
      "win_rate": 0.5517241379310345,
      "wins": 16,
      "is_warmup": true
    },
    {
      "active": true,
      "agent_id": "polyedge-v0",
      "expectancy_r": 0.5931000000000001,
      "gross_loss_r": 19,
      "gross_win_r": 52.5,
      "last_r": 1,
      "losses": 19,
      "max_drawdown_r": 3,
      "peak_cum_r": 33.62877000000001,
      "profit_factor": 2.763157894736842,
      "rolling_sharpe": 0.55172,
      "sum_downside_r_squared": 19,
      "sum_r_squared": 97.75,
      "total_decisions": 54,
      "total_pnl_usd": 320.27400000000006,
      "total_r": 32.02740000000001,
      "win_rate": 0.6481481481481481,
      "wins": 35,
      "is_warmup": true
    },
    {
      "active": true,
      "agent_id": "gen261-mut355-liq-trend-v1",
      "expectancy_r": 0.5015000000000001,
      "gross_loss_r": 19,
      "gross_win_r": 39,
      "last_r": 1,
      "losses": 19,
      "max_drawdown_r": 3,
      "peak_cum_r": 23.695875000000004,
      "profit_factor": 2.0526315789473686,
      "rolling_sharpe": 0.4218,
      "sum_downside_r_squared": 19,
      "sum_r_squared": 77.5,
      "total_decisions": 45,
      "total_pnl_usd": 225.675,
      "total_r": 22.567500000000003,
      "win_rate": 0.5777777777777777,
      "wins": 26,
      "is_warmup": true
    },
    {
      "active": true,
      "agent_id": "gen261-mut356-liq-fade-v0",
      "expectancy_r": 0.38420000000000004,
      "gross_loss_r": 16,
      "gross_win_r": 28.5,
      "last_r": 1,
      "losses": 16,
      "max_drawdown_r": 3,
      "peak_cum_r": 14.11935,
      "profit_factor": 1.78125,
      "rolling_sharpe": 0.34104,
      "sum_downside_r_squared": 16,
      "sum_r_squared": 58.75,
      "total_decisions": 35,
      "total_pnl_usd": 134.47,
      "total_r": 13.447000000000001,
      "win_rate": 0.5428571428571428,
      "wins": 19,
      "is_warmup": true
    },
    {
      "active": true,
      "agent_id": "gen261-mut357-funding-trend-v1",
      "expectancy_r": 0.4104,
      "gross_loss_r": 11,
      "gross_win_r": 19.5,
      "last_r": 1,
      "losses": 11,
      "max_drawdown_r": 3,
      "peak_cum_r": 10.34208,
      "profit_factor": 1.7727272727272727,
      "rolling_sharpe": 0.35248,
      "sum_downside_r_squared": 11,
      "sum_r_squared": 40.25,
      "total_decisions": 24,
      "total_pnl_usd": 98.49599999999998,
      "total_r": 9.849599999999999,
      "win_rate": 0.5416666666666666,
      "wins": 13,
      "is_warmup": true
    },
    {
      "active": true,
      "agent_id": "gen261-mut358-funding-arb-v1",
      "expectancy_r": 0.36869999999999997,
      "gross_loss_r": 15,
      "gross_win_r": 28.5,
      "last_r": 1,
      "losses": 15,
      "max_drawdown_r": 3,
      "peak_cum_r": 13.162589999999998,
      "profit_factor": 1.9,
      "rolling_sharpe": 0.36244000000000004,
      "sum_downside_r_squared": 15,
      "sum_r_squared": 57.75,
      "total_decisions": 34,
      "total_pnl_usd": 125.35799999999998,
      "total_r": 12.535799999999998,
      "win_rate": 0.5588235294117647,
      "wins": 19,
      "is_warmup": true
    },
    {
      "active": true,
      "agent_id": "gen261-mut359-polyedge-v1",
      "expectancy_r": 0.5108,
      "gross_loss_r": 13,
      "gross_win_r": 27,
      "last_r": 1,
      "losses": 13,
      "max_drawdown_r": 3,
      "peak_cum_r": 16.626540000000002,