{
  "agents": [
    {
      "active": true,
      "agent_id": "vol-breakout-v1",
      "expectancy_r": 0.8421598469363181,
      "gross_loss_r": 132.33046783373072,
      "gross_win_r": 450.666889975659,
      "last_r": -1.1417083845731337,
      "losses": 129,
      "max_drawdown_r": 5.497204776236856,
      "peak_cum_r": 319.47813052650133,
      "profit_factor": 3.405616993222668,
      "rolling_sharpe": 0.6092091494652091,
      "sum_downside_r_squared": 143.25156245671053,
      "sum_r_squared": 988.5297547947941,
      "total_decisions": 378,
      "total_pnl_usd": 3183.3642214192782,
      "total_r": 318.3364221419282,
      "win_rate": 0.6587301587301587,
      "wins": 249
    },
    {
      "active": true,
      "agent_id": "vol-breakout-v0",
      "expectancy_r": 0.780751667967583,
      "gross_loss_r": 213.84310673056618,
      "gross_win_r": 675.2673424994075,
      "last_r": 1.915285277086788,
      "losses": 210,
      "max_drawdown_r": 5.37468735320202,
      "peak_cum_r": 461.4242357688415,
      "profit_factor": 3.157769978296366,
      "rolling_sharpe": 0.565210606227588,
      "sum_downside_r_squared": 230.43318808196486,
      "sum_r_squared": 1486.0473807701312,
      "total_decisions": 591,
      "total_pnl_usd": 4614.24235768841,
      "total_r": 461.4242357688415,
      "win_rate": 0.6446700507614214,
      "wins": 381
    },
    {
      "active": true,
      "agent_id": "gen2-mut25-vol-breakout-v0",
      "expectancy_r": 0.7514457935871294,
      "gross_loss_r": 185.57860775758337,
      "gross_win_r": 547.0240344729924,
      "last_r": -0.40755502581007963,
      "losses": 184,
      "max_drawdown_r": 5.507957176917159,
      "peak_cum_r": 361.8529817412193,
      "profit_factor": 2.9476675198876157,
      "rolling_sharpe": 0.5317228309385044,
      "sum_downside_r_squared": 198.1881690496273,
      "sum_r_squared": 1230.2695799102346,
      "total_decisions": 481,
      "total_pnl_usd": 3614.4542671540894,
      "total_r": 361.4454267154092,
      "win_rate": 0.6174636174636174,
      "wins": 297
    },
    {
      "active": true,
      "agent_id": "gen58-mut389-liq-trend-v1",
      "expectancy_r": 0.3144873896258217,
      "gross_loss_r": 16.813860586394878,
      "gross_win_r": 30.651305729931025,
      "last_r": -1.0795628261391592,
      "losses": 16,
      "max_drawdown_r": 9.997512762743881,
      "peak_cum_r": 17.093247681986966,
      "profit_factor": 1.822978463062366,
      "rolling_sharpe": 0.25851129788921884,
      "sum_downside_r_squared": 17.927360247200337,
      "sum_r_squared": 67.98960653810465,
      "total_decisions": 44,
      "total_pnl_usd": 138.37445143536158,
      "total_r": 13.837445143536154,
      "win_rate": 0.6363636363636364,
      "wins": 28
    },
    {
      "active": true,
      "agent_id": "gen32-mut40-liq-fade-v0",
      "expectancy_r": 0.18297121513098633,
      "gross_loss_r": 12.968555825523156,
      "gross_win_r": 19.921462000500632,
      "last_r": -1.160831620355443,
      "losses": 17,
      "max_drawdown_r": 8.02040477993566,
      "peak_cum_r": 9.26253915118954,
      "profit_factor": 1.5361357323452778,
      "rolling_sharpe": 0.177685056551975,
      "sum_downside_r_squared": 12.848010606994496,
      "sum_r_squared": 40.50644107489359,
      "total_decisions": 38,
      "total_pnl_usd": 69.52906174977483,
      "total_r": 6.95290617497748,
      "win_rate": 0.5526315789473685,
      "wins": 21
    },
    {
      "active": true,
      "agent_id": "gen86-mut363-liq-trend-v1",
      "expectancy_r": 0.4643,
      "gross_loss_r": 15,
      "gross_win_r": 28.5,
      "last_r": 1,
      "losses": 15,
      "max_drawdown_r": 3,
      "peak_cum_r": 16.57551,
      "profit_factor": 1.9,
      "rolling_sharpe": 0.37716,
      "sum_downside_r_squared": 15,
      "sum_r_squared": 57.75,
      "total_decisions": 34,
      "total_pnl_usd": 157.862,
      "total_r": 15.7862,
      "win_rate": 0.5588235294117647,
      "wins": 19,
      "is_warmup": true
    },
    {
      "active": true,
      "agent_id": "funding-trend-v0",
      "expectancy_r": 0.4297,
      "gross_loss_r": 13,
      "gross_win_r": 24,
      "last_r": 1,
      "losses": 13,
      "max_drawdown_r": 3,
      "peak_cum_r": 13.084365000000002,
      "profit_factor": 1.8461538461538463,
      "rolling_sharpe": 0.37564000000000003,
      "sum_downside_r_squared": 13,
      "sum_r_squared": 49,
      "total_decisions": 29,
      "total_pnl_usd": 124.61300000000001,
      "total_r": 12.461300000000001,
      "win_rate": 0.5517241379310345,
      "wins": 16,
      "is_warmup": true
    },
    {
      "active": true,
      "agent_id": "funding-arb-v0",
      "expectancy_r": 0.3025,
      "gross_loss_r": 10,
      "gross_win_r": 16.5,
      "last_r": 1,
      "losses": 10,
      "max_drawdown_r": 3,
      "peak_cum_r": 6.6701250000000005,
      "profit_factor": 1.65,
      "rolling_sharpe": 0.28300000000000003,
      "sum_downside_r_squared": 10,
      "sum_r_squared": 34.75,
      "total_decisions": 21,
      "total_pnl_usd": 63.525,
      "total_r": 6.3525,
      "win_rate": 0.5238095238095238,
      "wins": 11,
      "is_warmup": true
    },
    {
      "active": true,
      "agent_id": "polyedge-v0",
      "expectancy_r": 0.5931000000000001,
      "gross_loss_r": 19,
      "gross_win_r": 52.5,
      "last_r": 1,
      "losses": 19,
      "max_drawdown_r": 3,
      "peak_cum_r": 33.62877000000001,
      "profit_factor": 2.763157894736842,
      "rolling_sharpe": 0.55172,
      "sum_downside_r_squared": 19,
      "sum_r_squared": 97.75,
      "total_decisions": 54,
      "total_pnl_usd": 320.27400000000006,
      "total_r": 32.02740000000001,
      "win_rate": 0.6481481481481481,
      "wins": 35,
      "is_warmup": true
    },
    {
      "active": true,
      "agent_id": "gen87-mut372-liq-fade-v0",
      "expectancy_r": 0.3612,
      "gross_loss_r": 14,
      "gross_win_r": 22.5,
      "last_r": 1,
      "losses": 14,
      "max_drawdown_r": 3,
      "peak_cum_r": 10.99854,
      "profit_factor": 1.6071428571428572,
      "rolling_sharpe": 0.31344,
      "sum_downside_r_squared": 14,
      "sum_r_squared": 47.75,
      "total_decisions": 29,
      "total_pnl_usd": 104.748,
      "total_r": 10.4748,
      "win_rate": 0.5172413793103449,
      "wins": 15,
      "is_warmup": true
    },
    {
      "active": true,
      "agent_id": "gen87-mut373-funding-trend-v1",
      "expectancy_r": 0.453,
      "gross_loss_r": 15,
      "gross_win_r": 28.5,
      "last_r": 1,
      "losses": 15,
      "max_drawdown_r": 3,
      "peak_cum_r": 16.1721,
      "profit_factor": 1.9,
      "rolling_sharpe": 0.4036,
      "sum_downside_r_squared": 15,
      "sum_r_squared": 57.75,
      "total_decisions": 34,
      "total_pnl_usd": 154.02,
      "total_r": 15.402000000000001,
      "win_rate": 0.5588235294117647,
      "wins": 19,
      "is_warmup": true
    },
    {
      "active": true,
      "agent_id": "gen87-mut374-funding-arb-v1",
      "expectancy_r": 0.38289999999999996,
      "gross_loss_r": 15,
      "gross_win_r": 33,
      "last_r": 1,
      "losses": 15,
      "max_drawdown_r": 3,
      "peak_cum_r": 14.875665,
      "profit_factor": 2.2,
      "rolling_sharpe": 0.37948000000000004,
      "sum_downside_r_squared": 15,
      "sum_r_squared": 64.5,
      "total_decisions": 37,
      "total_pnl_usd": 141.673,
      "total_r": 14.1673,
      "win_rate": 0.5945945945945946,
      "wins": 22,
      "is_warmup": true
    },
    {
      "active": true,
      "agent_id": "gen87-mut375-polyedge-v1",
      "expectancy_r": 0.5558000000000001,
      "gross_loss_r": 17,
      "gross_win_r": 40.5,
      "last_r": 1,
      "losses": 17,
      "max_drawdown_r": 3,
      "peak_cum_r": 25.677960000000006,
      "profit_factor": 2.3823529411764706,
      "rolling_sharpe": 0.50696,
      "sum_downside_r_squared": 17,
      "sum_r_squared": 77.75,
      "total_decisions": 44,
      "total_pnl_usd": 244.55200000000005,
      "total_r": 24.455200000000005,