{
  "agents": [
    {
      "active": true,
      "agent_id": "vol-breakout-v1",
      "expectancy_r": 0.8421598469363182,
      "gross_loss_r": 264.6609356674614,
      "gross_win_r": 901.3337799513181,
      "last_r": -1.1417083845731337,
      "losses": 258,
      "max_drawdown_r": 5.497204776236856,
      "peak_cum_r": 637.8145526684297,
      "profit_factor": 3.405616993222669,
      "rolling_sharpe": 0.6096130004538546,
      "sum_downside_r_squared": 286.50312491342106,
      "sum_r_squared": 1977.0595095895903,
      "total_decisions": 756,
      "total_pnl_usd": 6366.728442838559,
      "total_r": 636.6728442838565,
      "win_rate": 0.6587301587301587,
      "wins": 498
    },
    {
      "active": true,
      "agent_id": "vol-breakout-v0",
      "expectancy_r": 0.7807516679675827,
      "gross_loss_r": 427.68621346113224,
      "gross_win_r": 1350.534684998815,
      "last_r": 1.915285277086788,
      "losses": 420,
      "max_drawdown_r": 5.3746873532020345,
      "peak_cum_r": 922.8484715376827,
      "profit_factor": 3.157769978296367,
      "rolling_sharpe": 0.565450051527982,
      "sum_downside_r_squared": 460.8663761639293,
      "sum_r_squared": 2972.0947615402665,
      "total_decisions": 1182,
      "total_pnl_usd": 9228.484715376837,
      "total_r": 922.8484715376827,
      "win_rate": 0.6446700507614214,
      "wins": 762
    },
    {
      "active": true,
      "agent_id": "gen2-mut25-vol-breakout-v0",
      "expectancy_r": 0.7618054727625287,
      "gross_loss_r": 373.4890719458932,
      "gross_win_r": 1117.0112133621203,
      "last_r": -0.32516148106827397,
      "losses": 370,
      "max_drawdown_r": 5.507957176917159,
      "peak_cum_r": 743.8473028972962,
      "profit_factor": 2.9907467105863272,
      "rolling_sharpe": 0.5399959778089977,
      "sum_downside_r_squared": 398.7895362891379,
      "sum_r_squared": 2506.910725720112,
      "total_decisions": 976,
      "total_pnl_usd": 7435.221414162263,
      "total_r": 743.522141416228,
      "win_rate": 0.6209016393442623,
      "wins": 606
    },
    {
      "active": true,
      "agent_id": "gen58-mut389-liq-trend-v1",
      "expectancy_r": 0.3144873896258217,
      "gross_loss_r": 16.813860586394878,
      "gross_win_r": 30.651305729931025,
      "last_r": -1.0795628261391592,
      "losses": 16,
      "max_drawdown_r": 9.99751276274388,
      "peak_cum_r": 17.093247681986966,
      "profit_factor": 1.822978463062366,
      "rolling_sharpe": 0.25851129788921884,
      "sum_downside_r_squared": 17.927360247200337,
      "sum_r_squared": 67.98960653810465,
      "total_decisions": 44,
      "total_pnl_usd": 138.37445143536158,
      "total_r": 13.837445143536154,
      "win_rate": 0.6363636363636364,
      "wins": 28
    },
    {
      "active": true,
      "agent_id": "gen32-mut40-liq-fade-v0",
      "expectancy_r": 0.18297121513098633,
      "gross_loss_r": 12.968555825523156,
      "gross_win_r": 19.921462000500632,
      "last_r": -1.160831620355443,
      "losses": 17,
      "max_drawdown_r": 8.02040477993566,
      "peak_cum_r": 9.26253915118954,
      "profit_factor": 1.5361357323452778,
      "rolling_sharpe": 0.177685056551975,
      "sum_downside_r_squared": 12.848010606994496,
      "sum_r_squared": 40.50644107489359,
      "total_decisions": 38,
      "total_pnl_usd": 69.52906174977483,
      "total_r": 6.95290617497748,
      "win_rate": 0.5526315789473685,
      "wins": 21
    },
    {
      "active": true,
      "agent_id": "funding-trend-v0",
      "expectancy_r": 0.4297,
      "gross_loss_r": 13,
      "gross_win_r": 24,
      "last_r": 1,
      "losses": 13,
      "max_drawdown_r": 3,
      "peak_cum_r": 13.084365000000002,
      "profit_factor": 1.8461538461538463,
      "rolling_sharpe": 0.37564000000000003,
      "sum_downside_r_squared": 13,
      "sum_r_squared": 49,
      "total_decisions": 29,
      "total_pnl_usd": 124.61300000000001,
      "total_r": 12.461300000000001,
      "win_rate": 0.5517241379310345,
      "wins": 16,
      "is_warmup": true
    },
    {
      "active": true,
      "agent_id": "polyedge-v0",
      "expectancy_r": 0.5931000000000001,
      "gross_loss_r": 19,
      "gross_win_r": 52.5,
      "last_r": 1,
      "losses": 19,
      "max_drawdown_r": 3,
      "peak_cum_r": 33.62877000000001,
      "profit_factor": 2.763157894736842,
      "rolling_sharpe": 0.55172,
      "sum_downside_r_squared": 19,
      "sum_r_squared": 97.75,
      "total_decisions": 54,
      "total_pnl_usd": 320.27400000000006,
      "total_r": 32.02740000000001,
      "win_rate": 0.6481481481481481,
      "wins": 35,
      "is_warmup": true
    },
    {
      "active": true,
      "agent_id": "gen174-mut374-liq-trend-v1",
      "expectancy_r": 0.4671,
      "gross_loss_r": 16,
      "gross_win_r": 28.5,
      "last_r": 1,
      "losses": 16,
      "max_drawdown_r": 3,
      "peak_cum_r": 17.165925,
      "profit_factor": 1.78125,
      "rolling_sharpe": 0.38051999999999997,
      "sum_downside_r_squared": 16,
      "sum_r_squared": 58.75,
      "total_decisions": 35,
      "total_pnl_usd": 163.485,
      "total_r": 16.3485,
      "win_rate": 0.5428571428571428,
      "wins": 19,
      "is_warmup": true
    },
    {
      "active": true,
      "agent_id": "gen174-mut375-liq-fade-v0",
      "expectancy_r": 0.44000000000000006,
      "gross_loss_r": 20,
      "gross_win_r": 43.5,
      "last_r": 1,
      "losses": 20,
      "max_drawdown_r": 3,
      "peak_cum_r": 22.638,
      "profit_factor": 2.175,
      "rolling_sharpe": 0.408,
      "sum_downside_r_squared": 20,
      "sum_r_squared": 85.25,
      "total_decisions": 49,
      "total_pnl_usd": 215.60000000000002,
      "total_r": 21.560000000000002,
      "win_rate": 0.5918367346938775,
      "wins": 29,
      "is_warmup": true
    },
    {
      "active": true,
      "agent_id": "gen174-mut376-funding-trend-v1",
      "expectancy_r": 0.484,
      "gross_loss_r": 16,
      "gross_win_r": 36,
      "last_r": 1,
      "losses": 16,
      "max_drawdown_r": 3,
      "peak_cum_r": 20.328,
      "profit_factor": 2.25,
      "rolling_sharpe": 0.4408,
      "sum_downside_r_squared": 16,
      "sum_r_squared": 70,
      "total_decisions": 40,
      "total_pnl_usd": 193.6,
      "total_r": 19.36,
      "win_rate": 0.6,
      "wins": 24,
      "is_warmup": true
    },
    {
      "active": true,
      "agent_id": "gen174-mut377-funding-arb-v1",
      "expectancy_r": 0.33009999999999995,
      "gross_loss_r": 12,
      "gross_win_r": 21,
      "last_r": 1,
      "losses": 12,
      "max_drawdown_r": 3,
      "peak_cum_r": 9.01173,
      "profit_factor": 1.75,
      "rolling_sharpe": 0.31612,
      "sum_downside_r_squared": 12,
      "sum_r_squared": 43.5,
      "total_decisions": 26,
      "total_pnl_usd": 85.826,
      "total_r": 8.5826,
      "win_rate": 0.5384615384615384,
      "wins": 14,
      "is_warmup": true
    },
    {
      "active": true,
      "agent_id": "gen174-mut378-polyedge-v1",
      "expectancy_r": 0.5284000000000001,
      "gross_loss_r": 15,
      "gross_win_r": 31.5,
      "last_r": 1,
      "losses": 15,
      "max_drawdown_r": 3,
      "peak_cum_r": 19.973520000000004,
      "profit_factor": 2.1,
      "rolling_sharpe": 0.47408,
      "sum_downside_r_squared": 15,
      "sum_r_squared": 62.25,
      "total_decisions": 36,
      "total_pnl_usd": 190.22400000000005,
      "total_r": 19.022400000000005,
      "win_rate": 0.5833333333333334,
      "wins": 21,
      "is_warmup": true
    },
    {
      "active": true,
      "agent_id": "gen174-mut379-liq-trend-v1",
      "expectancy_r": 0.5134,
      "gross_loss_r": 20,
      "gross_win_r": 43.5,
      "last_r": 1,
      "losses": 20,
      "max_drawdown_r": 3,
      "peak_cum_r": 26.41443,
      "profit_factor": 2.175,
      "rolling_sharpe": 0.43607999999999997,
      "sum_downside_r_squared": 20,
      "sum_r_squared": 85.25,
      "total_decisions": 49,
      "total_pnl_usd": 251.56599999999997,
      "total_r": 25.156599999999997,