{
  "agents": [
    {
      "active": true,
      "agent_id": "vol-breakout-v1",
      "expectancy_r": 0.8421598469363181,
      "gross_loss_r": 220.5507797228845,
      "gross_win_r": 751.1114832927651,
      "last_r": -1.1417083845731337,
      "losses": 215,
      "max_drawdown_r": 5.497204776236856,
      "peak_cum_r": 531.7024119544535,
      "profit_factor": 3.405616993222669,
      "rolling_sharpe": 0.6095322516621295,
      "sum_downside_r_squared": 238.75260409451758,
      "sum_r_squared": 1647.5495913246584,
      "total_decisions": 630,
      "total_pnl_usd": 5305.607035698799,
      "total_r": 530.5607035698804,
      "win_rate": 0.6587301587301587,
      "wins": 415
    },
    {
      "active": true,
      "agent_id": "vol-breakout-v0",
      "expectancy_r": 0.7807515136790364,
      "gross_loss_r": 356.4051778842769,
      "gross_win_r": 1125.445418858128,
      "last_r": 1.884802771753974,
      "losses": 350,
      "max_drawdown_r": 5.37468735320202,
      "peak_cum_r": 769.0402409738508,
      "profit_factor": 3.1577695518878093,
      "rolling_sharpe": 0.5654020909613774,
      "sum_downside_r_squared": 384.0553134699412,
      "sum_r_squared": 2476.745184169218,
      "total_decisions": 985,
      "total_pnl_usd": 7690.40240973851,
      "total_r": 769.0402409738508,
      "win_rate": 0.6446700507614214,
      "wins": 635
    },
    {
      "active": true,
      "agent_id": "gen2-mut25-vol-breakout-v0",
      "expectancy_r": 0.7645153500190844,
      "gross_loss_r": 308.86624449239537,
      "gross_win_r": 928.8881933578723,
      "last_r": -0.017921585059285334,
      "losses": 305,
      "max_drawdown_r": 5.507957176917159,
      "peak_cum_r": 620.0398704505368,
      "profit_factor": 3.0074124638788184,
      "rolling_sharpe": 0.5426570704181273,
      "sum_downside_r_squared": 331.0449712594026,
      "sum_r_squared": 2081.721829974551,
      "total_decisions": 811,
      "total_pnl_usd": 6200.2194886547595,
      "total_r": 620.0219488654775,
      "win_rate": 0.623921085080148,
      "wins": 506
    },
    {
      "active": true,
      "agent_id": "gen58-mut389-liq-trend-v1",
      "expectancy_r": 0.3144873896258217,
      "gross_loss_r": 16.813860586394878,
      "gross_win_r": 30.651305729931025,
      "last_r": -1.0795628261391592,
      "losses": 16,
      "max_drawdown_r": 9.99751276274388,
      "peak_cum_r": 17.093247681986966,
      "profit_factor": 1.822978463062366,
      "rolling_sharpe": 0.25851129788921884,
      "sum_downside_r_squared": 17.927360247200337,
      "sum_r_squared": 67.98960653810465,
      "total_decisions": 44,
      "total_pnl_usd": 138.37445143536152,
      "total_r": 13.837445143536154,
      "win_rate": 0.6363636363636364,
      "wins": 28
    },
    {
      "active": true,
      "agent_id": "gen32-mut40-liq-fade-v0",
      "expectancy_r": 0.18297121513098633,
      "gross_loss_r": 12.968555825523156,
      "gross_win_r": 19.921462000500632,
      "last_r": -1.160831620355443,
      "losses": 17,
      "max_drawdown_r": 8.02040477993566,
      "peak_cum_r": 9.26253915118954,
      "profit_factor": 1.5361357323452778,
      "rolling_sharpe": 0.177685056551975,
      "sum_downside_r_squared": 12.848010606994496,
      "sum_r_squared": 40.50644107489359,
      "total_decisions": 38,
      "total_pnl_usd": 69.52906174977483,
      "total_r": 6.95290617497748,
      "win_rate": 0.5526315789473685,
      "wins": 21
    },
    {
      "active": true,
      "agent_id": "funding-trend-v0",
      "expectancy_r": 0.4297,
      "gross_loss_r": 13,
      "gross_win_r": 24,
      "last_r": 1,
      "losses": 13,
      "max_drawdown_r": 3,
      "peak_cum_r": 13.084365000000002,
      "profit_factor": 1.8461538461538463,
      "rolling_sharpe": 0.37564000000000003,
      "sum_downside_r_squared": 13,
      "sum_r_squared": 49,
      "total_decisions": 29,
      "total_pnl_usd": 124.61300000000001,
      "total_r": 12.461300000000001,
      "win_rate": 0.5517241379310345,
      "wins": 16,
      "is_warmup": true
    },
    {
      "active": true,
      "agent_id": "funding-arb-v0",
      "expectancy_r": 0.3025,
      "gross_loss_r": 10,
      "gross_win_r": 16.5,
      "last_r": 1,
      "losses": 10,
      "max_drawdown_r": 3,
      "peak_cum_r": 6.6701250000000005,
      "profit_factor": 1.65,
      "rolling_sharpe": 0.28300000000000003,
      "sum_downside_r_squared": 10,
      "sum_r_squared": 34.75,
      "total_decisions": 21,
      "total_pnl_usd": 63.525,
      "total_r": 6.3525,
      "win_rate": 0.5238095238095238,
      "wins": 11,
      "is_warmup": true
    },
    {
      "active": true,
      "agent_id": "polyedge-v0",
      "expectancy_r": 0.5931000000000001,
      "gross_loss_r": 19,
      "gross_win_r": 52.5,
      "last_r": 1,
      "losses": 19,
      "max_drawdown_r": 3,
      "peak_cum_r": 33.62877000000001,
      "profit_factor": 2.763157894736842,
      "rolling_sharpe": 0.55172,
      "sum_downside_r_squared": 19,
      "sum_r_squared": 97.75,
      "total_decisions": 54,
      "total_pnl_usd": 320.27400000000006,
      "total_r": 32.02740000000001,
      "win_rate": 0.6481481481481481,
      "wins": 35,
      "is_warmup": true
    },
    {
      "active": true,
      "agent_id": "gen145-mut378-liq-fade-v0",
      "expectancy_r": 0.35750000000000004,
      "gross_loss_r": 14,
      "gross_win_r": 21,
      "last_r": 1,
      "losses": 14,
      "max_drawdown_r": 3,
      "peak_cum_r": 10.510500000000002,
      "profit_factor": 1.5,
      "rolling_sharpe": 0.309,
      "sum_downside_r_squared": 14,
      "sum_r_squared": 45.5,
      "total_decisions": 28,
      "total_pnl_usd": 100.10000000000002,
      "total_r": 10.010000000000002,
      "win_rate": 0.5,
      "wins": 14,
      "is_warmup": true
    },
    {
      "active": true,
      "agent_id": "gen145-mut379-funding-trend-v1",
      "expectancy_r": 0.4539,
      "gross_loss_r": 14,
      "gross_win_r": 30,
      "last_r": 1,
      "losses": 14,
      "max_drawdown_r": 3,
      "peak_cum_r": 16.204230000000003,
      "profit_factor": 2.142857142857143,
      "rolling_sharpe": 0.40468000000000004,
      "sum_downside_r_squared": 14,
      "sum_r_squared": 59,
      "total_decisions": 34,
      "total_pnl_usd": 154.32600000000002,
      "total_r": 15.4326,
      "win_rate": 0.5882352941176471,
      "wins": 20,
      "is_warmup": true
    },
    {
      "active": true,
      "agent_id": "gen145-mut380-funding-arb-v1",
      "expectancy_r": 0.3631,
      "gross_loss_r": 14,
      "gross_win_r": 28.5,
      "last_r": 1,
      "losses": 14,
      "max_drawdown_r": 3,
      "peak_cum_r": 12.581415,
      "profit_factor": 2.0357142857142856,
      "rolling_sharpe": 0.35572000000000004,
      "sum_downside_r_squared": 14,
      "sum_r_squared": 56.75,
      "total_decisions": 33,
      "total_pnl_usd": 119.82299999999998,
      "total_r": 11.982299999999999,
      "win_rate": 0.5757575757575758,
      "wins": 19,
      "is_warmup": true
    },
    {
      "active": true,
      "agent_id": "gen145-mut381-polyedge-v1",
      "expectancy_r": 0.5252,
      "gross_loss_r": 15,
      "gross_win_r": 30,
      "last_r": 1,
      "losses": 15,
      "max_drawdown_r": 3,
      "peak_cum_r": 19.3011,
      "profit_factor": 2,
      "rolling_sharpe": 0.47024,
      "sum_downside_r_squared": 15,
      "sum_r_squared": 60,
      "total_decisions": 35,
      "total_pnl_usd": 183.82000000000002,
      "total_r": 18.382,
      "win_rate": 0.5714285714285714,
      "wins": 20,
      "is_warmup": true
    },
    {
      "active": true,
      "agent_id": "gen145-mut382-liq-trend-v1",
      "expectancy_r": 0.5296,
      "gross_loss_r": 21,
      "gross_win_r": 49.5,
      "last_r": 1,
      "losses": 21,
      "max_drawdown_r": 3,
      "peak_cum_r": 30.02832,
      "profit_factor": 2.357142857142857,
      "rolling_sharpe": 0.45552,
      "sum_downside_r_squared": 21,
      "sum_r_squared": 95.25,
      "total_decisions": 54,