{
  "agents": [
    {
      "active": true,
      "agent_id": "vol-breakout-v0",
      "expectancy_r": 0.7464181820992113,
      "gross_loss_r": 984.377246917439,
      "gross_win_r": 2972.83528402975,
      "last_r": 1.2696908819398234,
      "losses": 985,
      "max_drawdown_r": 5.374687353202262,
      "peak_cum_r": 1988.4580371122988,
      "profit_factor": 3.020016252243877,
      "rolling_sharpe": 0.5385897125019156,
      "sum_downside_r_squared": 1057.6383738008642,
      "sum_r_squared": 6598.913144824418,
      "total_decisions": 2664,
      "total_pnl_usd": 19884.58037112305,
      "total_r": 1988.4580371122988,
      "win_rate": 0.6302552552552553,
      "wins": 1679
    },
    {
      "active": true,
      "agent_id": "gen2-mut25-vol-breakout-v0",
      "expectancy_r": 0.7606740018064914,
      "gross_loss_r": 852.4563842616082,
      "gross_win_r": 2538.1099722647896,
      "last_r": -1.1227305154556366,
      "losses": 838,
      "max_drawdown_r": 5.507957176917216,
      "peak_cum_r": 1686.7763185186407,
      "profit_factor": 2.977407430015652,
      "rolling_sharpe": 0.5384489191536184,
      "sum_downside_r_squared": 912.6854419821027,
      "sum_r_squared": 5702.839361487571,
      "total_decisions": 2216,
      "total_pnl_usd": 16856.535880031865,
      "total_r": 1685.653588003185,
      "win_rate": 0.621841155234657,
      "wins": 1378
    },
    {
      "active": true,
      "agent_id": "vol-breakout-v1",
      "expectancy_r": 0.8673290711178435,
      "gross_loss_r": 570.3667558135113,
      "gross_win_r": 2030.948911575963,
      "last_r": 1.3481820267379745,
      "losses": 560,
      "max_drawdown_r": 5.49720477623714,
      "peak_cum_r": 1460.5821557624486,
      "profit_factor": 3.5607771506234274,
      "rolling_sharpe": 0.6332796384978736,
      "sum_downside_r_squared": 615.5091548824986,
      "sum_r_squared": 4423.705715156796,
      "total_decisions": 1684,
      "total_pnl_usd": 14605.821557624546,
      "total_r": 1460.5821557624486,
      "win_rate": 0.667458432304038,
      "wins": 1124
    },
    {
      "active": true,
      "agent_id": "gen8-mut106-liq-trend-v1",
      "expectancy_r": 0.17913783133738218,
      "gross_loss_r": 17.13778818173334,
      "gross_win_r": 24.303301435228622,
      "last_r": -1.0578151640546016,
      "losses": 20,
      "max_drawdown_r": 8.459410640376621,
      "peak_cum_r": 11.481274172409924,
      "profit_factor": 1.418111904378232,
      "rolling_sharpe": 0.14884928550255452,
      "sum_downside_r_squared": 17.378123492642768,
      "sum_r_squared": 57.77025198908811,
      "total_decisions": 40,
      "total_pnl_usd": 71.65513253495286,
      "total_r": 7.165513253495287,
      "win_rate": 0.5,
      "wins": 20
    },
    {
      "active": true,
      "agent_id": "gen31-mut40-liq-fade-v0",
      "expectancy_r": 0.18297121513098635,
      "gross_loss_r": 12.968555825523156,
      "gross_win_r": 19.921462000500632,
      "last_r": -1.160831620355443,
      "losses": 17,
      "max_drawdown_r": 8.02040477993566,
      "peak_cum_r": 9.26253915118954,
      "profit_factor": 1.5361357323452778,
      "rolling_sharpe": 0.17768505655197506,
      "sum_downside_r_squared": 12.848010606994494,
      "sum_r_squared": 40.50644107489358,
      "total_decisions": 38,
      "total_pnl_usd": 69.52906174977483,
      "total_r": 6.952906174977482,
      "win_rate": 0.5526315789473685,
      "wins": 21
    },
    {
      "active": true,
      "agent_id": "gen392-mut382-liq-trend-v1",
      "expectancy_r": 0.113247306481167,
      "gross_loss_r": 1.4432644941667536,
      "gross_win_r": 2.1227483330537558,
      "last_r": -0.21277033529818912,
      "losses": 3,
      "max_drawdown_r": 1.227695460065508,
      "peak_cum_r": 1.849405887142608,
      "profit_factor": 1.47079647676034,
      "rolling_sharpe": 0.11399149380310866,
      "sum_downside_r_squared": 1.552515190963353,
      "sum_r_squared": 5.011878356699331,
      "total_decisions": 6,
      "total_pnl_usd": 6.794838388870021,
      "total_r": 0.679483838887002,
      "win_rate": 0.5,
      "wins": 3
    },
    {
      "active": true,
      "agent_id": "funding-trend-v0",
      "expectancy_r": 0.4297,
      "gross_loss_r": 13,
      "gross_win_r": 24,
      "last_r": 1,
      "losses": 13,
      "max_drawdown_r": 3,
      "peak_cum_r": 13.084365000000002,
      "profit_factor": 1.8461538461538463,
      "rolling_sharpe": 0.37564000000000003,
      "sum_downside_r_squared": 13,
      "sum_r_squared": 49,
      "total_decisions": 29,
      "total_pnl_usd": 124.61300000000001,
      "total_r": 12.461300000000001,
      "win_rate": 0.5517241379310345,
      "wins": 16,
      "is_warmup": true
    },
    {
      "active": true,
      "agent_id": "funding-arb-v0",
      "expectancy_r": 0.3025,
      "gross_loss_r": 10,
      "gross_win_r": 16.5,
      "last_r": 1,
      "losses": 10,
      "max_drawdown_r": 3,
      "peak_cum_r": 6.6701250000000005,
      "profit_factor": 1.65,
      "rolling_sharpe": 0.28300000000000003,
      "sum_downside_r_squared": 10,
      "sum_r_squared": 34.75,
      "total_decisions": 21,
      "total_pnl_usd": 63.525,
      "total_r": 6.3525,
      "win_rate": 0.5238095238095238,
      "wins": 11,
      "is_warmup": true
    },
    {
      "active": true,
      "agent_id": "polyedge-v0",
      "expectancy_r": 0.5931000000000001,
      "gross_loss_r": 19,
      "gross_win_r": 52.5,
      "last_r": 1,
      "losses": 19,
      "max_drawdown_r": 3,
      "peak_cum_r": 33.62877000000001,
      "profit_factor": 2.763157894736842,
      "rolling_sharpe": 0.55172,
      "sum_downside_r_squared": 19,
      "sum_r_squared": 97.75,
      "total_decisions": 54,
      "total_pnl_usd": 320.27400000000006,
      "total_r": 32.02740000000001,
      "win_rate": 0.6481481481481481,
      "wins": 35,
      "is_warmup": true
    },
    {
      "active": true,
      "agent_id": "gen392-mut377-liq-trend-v1",
      "expectancy_r": 0.5038,
      "gross_loss_r": 19,
      "gross_win_r": 40.5,
      "last_r": 1,
      "losses": 19,
      "max_drawdown_r": 3,
      "peak_cum_r": 24.333540000000003,
      "profit_factor": 2.1315789473684212,
      "rolling_sharpe": 0.42456,
      "sum_downside_r_squared": 19,
      "sum_r_squared": 79.75,
      "total_decisions": 46,
      "total_pnl_usd": 231.74800000000002,
      "total_r": 23.1748,
      "win_rate": 0.5869565217391305,
      "wins": 27,
      "is_warmup": true
    },
    {
      "active": true,
      "agent_id": "gen392-mut378-liq-fade-v0",
      "expectancy_r": 0.37570000000000003,
      "gross_loss_r": 15,
      "gross_win_r": 27,
      "last_r": 1,
      "losses": 15,
      "max_drawdown_r": 3,
      "peak_cum_r": 13.018005000000002,
      "profit_factor": 1.8,
      "rolling_sharpe": 0.33083999999999997,
      "sum_downside_r_squared": 15,
      "sum_r_squared": 55.5,
      "total_decisions": 33,
      "total_pnl_usd": 123.98100000000001,
      "total_r": 12.398100000000001,
      "win_rate": 0.5454545454545454,
      "wins": 18,
      "is_warmup": true
    },
    {
      "active": true,
      "agent_id": "gen392-mut379-funding-trend-v1",
      "expectancy_r": 0.4737,
      "gross_loss_r": 15,
      "gross_win_r": 34.5,
      "last_r": 1,
      "losses": 15,
      "max_drawdown_r": 3,
      "peak_cum_r": 18.90063,
      "profit_factor": 2.3,
      "rolling_sharpe": 0.42844000000000004,
      "sum_downside_r_squared": 15,
      "sum_r_squared": 66.75,
      "total_decisions": 38,
      "total_pnl_usd": 180.00599999999997,
      "total_r": 18.0006,
      "win_rate": 0.6052631578947368,
      "wins": 23,
      "is_warmup": true
    },
    {
      "active": true,
      "agent_id": "gen392-mut380-funding-arb-v1",
      "expectancy_r": 0.30889999999999995,
      "gross_loss_r": 11,
      "gross_win_r": 16.5,
      "last_r": 1,
      "losses": 11,
      "max_drawdown_r": 3,
      "peak_cum_r": 7.135589999999999,
      "profit_factor": 1.5,
      "rolling_sharpe": 0.29068000000000005,