{
  "agents": [
    {
      "active": true,
      "agent_id": "vol-breakout-v1",
      "expectancy_r": 0.8803870296132837,
      "gross_loss_r": 285.18337790675537,
      "gross_win_r": 1043.1966104037929,
      "last_r": 0.25460515125158234,
      "losses": 280,
      "max_drawdown_r": 5.497204776236856,
      "peak_cum_r": 758.0132324970373,
      "profit_factor": 3.657985321798385,
      "rolling_sharpe": 0.6470187052958773,
      "sum_downside_r_squared": 307.7545774412496,
      "sum_r_squared": 2259.59792328178,
      "total_decisions": 861,
      "total_pnl_usd": 7580.1323249703655,
      "total_r": 758.0132324970373,
      "win_rate": 0.6747967479674797,
      "wins": 581
    },
    {
      "active": true,
      "agent_id": "vol-breakout-v0",
      "expectancy_r": 0.7667921983290865,
      "gross_loss_r": 490.98204839351286,
      "gross_win_r": 1527.685100534439,
      "last_r": 0.25460515125158234,
      "losses": 483,
      "max_drawdown_r": 5.3746873532020345,
      "peak_cum_r": 1036.703052140925,
      "profit_factor": 3.11148871029604,
      "rolling_sharpe": 0.5561879349454009,
      "sum_downside_r_squared": 528.5680313506743,
      "sum_r_squared": 3362.7736418299296,
      "total_decisions": 1352,
      "total_pnl_usd": 10367.03052140927,
      "total_r": 1036.703052140925,
      "win_rate": 0.6427514792899408,
      "wins": 869
    },
    {
      "active": true,
      "agent_id": "gen2-mut25-vol-breakout-v0",
      "expectancy_r": 0.7679819355305073,
      "gross_loss_r": 425.16836234360875,
      "gross_win_r": 1285.3081301377758,
      "last_r": 0.25460515125158234,
      "losses": 418,
      "max_drawdown_r": 5.507957176917159,
      "peak_cum_r": 860.1397677941682,
      "profit_factor": 3.023056849886274,
      "rolling_sharpe": 0.5457914050519402,
      "sum_downside_r_squared": 455.2171270425377,
      "sum_r_squared": 2876.107294269875,
      "total_decisions": 1120,
      "total_pnl_usd": 8601.397677941652,
      "total_r": 860.1397677941682,
      "win_rate": 0.6267857142857143,
      "wins": 702
    },
    {
      "active": true,
      "agent_id": "gen31-mut40-liq-fade-v0",
      "expectancy_r": 0.18297121513098635,
      "gross_loss_r": 12.968555825523156,
      "gross_win_r": 19.921462000500632,
      "last_r": -1.160831620355443,
      "losses": 17,
      "max_drawdown_r": 8.02040477993566,
      "peak_cum_r": 9.26253915118954,
      "profit_factor": 1.5361357323452778,
      "rolling_sharpe": 0.17768505655197506,
      "sum_downside_r_squared": 12.848010606994494,
      "sum_r_squared": 40.50644107489358,
      "total_decisions": 38,
      "total_pnl_usd": 69.52906174977483,
      "total_r": 6.952906174977482,
      "win_rate": 0.5526315789473685,
      "wins": 21
    },
    {
      "active": true,
      "agent_id": "gen8-mut106-liq-trend-v1",
      "expectancy_r": 0.17913783133738218,
      "gross_loss_r": 17.13778818173334,
      "gross_win_r": 24.303301435228622,
      "last_r": -1.0578151640546016,
      "losses": 20,
      "max_drawdown_r": 8.459410640376621,
      "peak_cum_r": 11.481274172409924,
      "profit_factor": 1.418111904378232,
      "rolling_sharpe": 0.14884928550255452,
      "sum_downside_r_squared": 17.378123492642768,
      "sum_r_squared": 57.77025198908811,
      "total_decisions": 40,
      "total_pnl_usd": 71.65513253495286,
      "total_r": 7.165513253495287,
      "win_rate": 0.5,
      "wins": 20
    },
    {
      "active": true,
      "agent_id": "funding-trend-v0",
      "expectancy_r": 0.4297,
      "gross_loss_r": 13,
      "gross_win_r": 24,
      "last_r": 1,
      "losses": 13,
      "max_drawdown_r": 3,
      "peak_cum_r": 13.084365000000002,
      "profit_factor": 1.8461538461538463,
      "rolling_sharpe": 0.37564000000000003,
      "sum_downside_r_squared": 13,
      "sum_r_squared": 49,
      "total_decisions": 29,
      "total_pnl_usd": 124.61300000000001,
      "total_r": 12.461300000000001,
      "win_rate": 0.5517241379310345,
      "wins": 16,
      "is_warmup": true
    },
    {
      "active": true,
      "agent_id": "funding-arb-v0",
      "expectancy_r": 0.3025,
      "gross_loss_r": 10,
      "gross_win_r": 16.5,
      "last_r": 1,
      "losses": 10,
      "max_drawdown_r": 3,
      "peak_cum_r": 6.6701250000000005,
      "profit_factor": 1.65,
      "rolling_sharpe": 0.28300000000000003,
      "sum_downside_r_squared": 10,
      "sum_r_squared": 34.75,
      "total_decisions": 21,
      "total_pnl_usd": 63.525,
      "total_r": 6.3525,
      "win_rate": 0.5238095238095238,
      "wins": 11,
      "is_warmup": true
    },
    {
      "active": true,
      "agent_id": "polyedge-v0",
      "expectancy_r": 0.5931000000000001,
      "gross_loss_r": 19,
      "gross_win_r": 52.5,
      "last_r": 1,
      "losses": 19,
      "max_drawdown_r": 3,
      "peak_cum_r": 33.62877000000001,
      "profit_factor": 2.763157894736842,
      "rolling_sharpe": 0.55172,
      "sum_downside_r_squared": 19,
      "sum_r_squared": 97.75,
      "total_decisions": 54,
      "total_pnl_usd": 320.27400000000006,
      "total_r": 32.02740000000001,
      "win_rate": 0.6481481481481481,
      "wins": 35,
      "is_warmup": true
    },
    {
      "active": true,
      "agent_id": "gen196-mut378-liq-fade-v0",
      "expectancy_r": 0.36910000000000004,
      "gross_loss_r": 15,
      "gross_win_r": 24,
      "last_r": 1,
      "losses": 15,
      "max_drawdown_r": 3,
      "peak_cum_r": 12.014205000000002,
      "profit_factor": 1.6,
      "rolling_sharpe": 0.32292,
      "sum_downside_r_squared": 15,
      "sum_r_squared": 51,
      "total_decisions": 31,
      "total_pnl_usd": 114.42100000000002,
      "total_r": 11.442100000000002,
      "win_rate": 0.5161290322580645,
      "wins": 16,
      "is_warmup": true
    },
    {
      "active": true,
      "agent_id": "gen196-mut379-funding-trend-v1",
      "expectancy_r": 0.44630000000000003,
      "gross_loss_r": 14,
      "gross_win_r": 27,
      "last_r": 1,
      "losses": 14,
      "max_drawdown_r": 3,
      "peak_cum_r": 14.995680000000002,
      "profit_factor": 1.9285714285714286,
      "rolling_sharpe": 0.39556,
      "sum_downside_r_squared": 14,
      "sum_r_squared": 54.5,
      "total_decisions": 32,
      "total_pnl_usd": 142.816,
      "total_r": 14.281600000000001,
      "win_rate": 0.5625,
      "wins": 18,
      "is_warmup": true
    },
    {
      "active": true,
      "agent_id": "gen196-mut380-funding-arb-v1",
      "expectancy_r": 0.3011,
      "gross_loss_r": 10,
      "gross_win_r": 15,
      "last_r": 1,
      "losses": 10,
      "max_drawdown_r": 3,
      "peak_cum_r": 6.323099999999999,
      "profit_factor": 1.5,
      "rolling_sharpe": 0.28132,
      "sum_downside_r_squared": 10,
      "sum_r_squared": 32.5,
      "total_decisions": 20,
      "total_pnl_usd": 60.21999999999999,
      "total_r": 6.021999999999999,
      "win_rate": 0.5,
      "wins": 10,
      "is_warmup": true
    },
    {
      "active": true,
      "agent_id": "gen196-mut381-polyedge-v1",
      "expectancy_r": 0.5224000000000001,
      "gross_loss_r": 14,
      "gross_win_r": 30,
      "last_r": 1,
      "losses": 14,
      "max_drawdown_r": 3,
      "peak_cum_r": 18.649680000000004,
      "profit_factor": 2.142857142857143,
      "rolling_sharpe": 0.46688,
      "sum_downside_r_squared": 14,
      "sum_r_squared": 59,
      "total_decisions": 34,
      "total_pnl_usd": 177.616,
      "total_r": 17.7616,
      "win_rate": 0.5882352941176471,
      "wins": 20,
      "is_warmup": true
    },
    {
      "active": true,
      "agent_id": "gen196-mut383-liq-fade-v0",
      "expectancy_r": 0.42050000000000004,
      "gross_loss_r": 18,
      "gross_win_r": 39,
      "last_r": 1,
      "losses": 18,
      "max_drawdown_r": 3,
      "peak_cum_r": 19.427100000000003,
      "profit_factor": 2.1666666666666665,
      "rolling_sharpe": 0.3846,
      "sum_downside_r_squared": 18,
      "sum_r_squared": 76.5,
      "total_decisions": 44,