{
  "agents": [
    {
      "active": true,
      "agent_id": "vol-breakout-v0",
      "expectancy_r": 0.7431346468333442,
      "gross_loss_r": 703.5666980353652,
      "gross_win_r": 2115.522527018722,
      "last_r": -1.1228941754611432,
      "losses": 707,
      "max_drawdown_r": 5.374687353202262,
      "peak_cum_r": 1415.675563505956,
      "profit_factor": 3.0068542654535704,
      "rolling_sharpe": 0.5357752610236923,
      "sum_downside_r_squared": 755.5547255559679,
      "sum_r_squared": 4702.651816411021,
      "total_decisions": 1900,
      "total_pnl_usd": 14119.55828983359,
      "total_r": 1411.955828983354,
      "win_rate": 0.6278947368421053,
      "wins": 1193
    },
    {
      "active": true,
      "agent_id": "gen2-mut25-vol-breakout-v0",
      "expectancy_r": 0.7574022795463455,
      "gross_loss_r": 608.3057160267831,
      "gross_win_r": 1801.9717085918223,
      "last_r": -1.1228941754611432,
      "losses": 598,
      "max_drawdown_r": 5.507957176917216,
      "peak_cum_r": 1197.4581453321964,
      "profit_factor": 2.962279756898558,
      "rolling_sharpe": 0.5356237068923714,
      "sum_downside_r_squared": 651.305774300478,
      "sum_r_squared": 4053.3864976603586,
      "total_decisions": 1576,
      "total_pnl_usd": 11936.659925650381,
      "total_r": 1193.6659925650406,
      "win_rate": 0.6205583756345178,
      "wins": 978
    },
    {
      "active": true,
      "agent_id": "vol-breakout-v1",
      "expectancy_r": 0.8657249770852208,
      "gross_loss_r": 407.4048255810794,
      "gross_win_r": 1446.2747980833449,
      "last_r": -0.21592707799313238,
      "losses": 400,
      "max_drawdown_r": 5.497204776236856,
      "peak_cum_r": 1041.2783873325088,
      "profit_factor": 3.5499697285630587,
      "rolling_sharpe": 0.6314794126493476,
      "sum_downside_r_squared": 439.64939634464184,
      "sum_r_squared": 3152.891888580455,
      "total_decisions": 1200,
      "total_pnl_usd": 10388.699725022665,
      "total_r": 1038.869972502265,
      "win_rate": 0.6666666666666666,
      "wins": 800
    },
    {
      "active": true,
      "agent_id": "gen8-mut106-liq-trend-v1",
      "expectancy_r": 0.17913783133738218,
      "gross_loss_r": 17.13778818173334,
      "gross_win_r": 24.303301435228622,
      "last_r": -1.0578151640546016,
      "losses": 20,
      "max_drawdown_r": 8.459410640376621,
      "peak_cum_r": 11.481274172409924,
      "profit_factor": 1.418111904378232,
      "rolling_sharpe": 0.14884928550255452,
      "sum_downside_r_squared": 17.378123492642768,
      "sum_r_squared": 57.77025198908811,
      "total_decisions": 40,
      "total_pnl_usd": 71.65513253495286,
      "total_r": 7.165513253495287,
      "win_rate": 0.5,
      "wins": 20
    },
    {
      "active": true,
      "agent_id": "gen31-mut40-liq-fade-v0",
      "expectancy_r": 0.18297121513098635,
      "gross_loss_r": 12.968555825523156,
      "gross_win_r": 19.921462000500632,
      "last_r": -1.160831620355443,
      "losses": 17,
      "max_drawdown_r": 8.02040477993566,
      "peak_cum_r": 9.26253915118954,
      "profit_factor": 1.5361357323452778,
      "rolling_sharpe": 0.17768505655197506,
      "sum_downside_r_squared": 12.848010606994494,
      "sum_r_squared": 40.50644107489358,
      "total_decisions": 38,
      "total_pnl_usd": 69.52906174977483,
      "total_r": 6.952906174977482,
      "win_rate": 0.5526315789473685,
      "wins": 21
    },
    {
      "active": true,
      "agent_id": "gen280-mut382-liq-trend-v1",
      "expectancy_r": 0.19619082170406194,
      "gross_loss_r": 1.2304941588685645,
      "gross_win_r": 2.0152574456848122,
      "last_r": -0.002798698803056685,
      "losses": 2,
      "max_drawdown_r": 1.227695460065508,
      "peak_cum_r": 1.849405887142608,
      "profit_factor": 1.6377627079008934,
      "rolling_sharpe": 0.15508486369521002,
      "sum_downside_r_squared": 1.5072439753804492,
      "sum_r_squared": 4.955052850249064,
      "total_decisions": 4,
      "total_pnl_usd": 7.847632868162478,
      "total_r": 0.7847632868162477,
      "win_rate": 0.5,
      "wins": 2
    },
    {
      "active": true,
      "agent_id": "funding-trend-v0",
      "expectancy_r": 0.4297,
      "gross_loss_r": 13,
      "gross_win_r": 24,
      "last_r": 1,
      "losses": 13,
      "max_drawdown_r": 3,
      "peak_cum_r": 13.084365000000002,
      "profit_factor": 1.8461538461538463,
      "rolling_sharpe": 0.37564000000000003,
      "sum_downside_r_squared": 13,
      "sum_r_squared": 49,
      "total_decisions": 29,
      "total_pnl_usd": 124.61300000000001,
      "total_r": 12.461300000000001,
      "win_rate": 0.5517241379310345,
      "wins": 16,
      "is_warmup": true
    },
    {
      "active": true,
      "agent_id": "funding-arb-v0",
      "expectancy_r": 0.3025,
      "gross_loss_r": 10,
      "gross_win_r": 16.5,
      "last_r": 1,
      "losses": 10,
      "max_drawdown_r": 3,
      "peak_cum_r": 6.6701250000000005,
      "profit_factor": 1.65,
      "rolling_sharpe": 0.28300000000000003,
      "sum_downside_r_squared": 10,
      "sum_r_squared": 34.75,
      "total_decisions": 21,
      "total_pnl_usd": 63.525,
      "total_r": 6.3525,
      "win_rate": 0.5238095238095238,
      "wins": 11,
      "is_warmup": true
    },
    {
      "active": true,
      "agent_id": "polyedge-v0",
      "expectancy_r": 0.5931000000000001,
      "gross_loss_r": 19,
      "gross_win_r": 52.5,
      "last_r": 1,
      "losses": 19,
      "max_drawdown_r": 3,
      "peak_cum_r": 33.62877000000001,
      "profit_factor": 2.763157894736842,
      "rolling_sharpe": 0.55172,
      "sum_downside_r_squared": 19,
      "sum_r_squared": 97.75,
      "total_decisions": 54,
      "total_pnl_usd": 320.27400000000006,
      "total_r": 32.02740000000001,
      "win_rate": 0.6481481481481481,
      "wins": 35,
      "is_warmup": true
    },
    {
      "active": true,
      "agent_id": "gen280-mut377-liq-trend-v1",
      "expectancy_r": 0.4906,
      "gross_loss_r": 18,
      "gross_win_r": 36,
      "last_r": 1,
      "losses": 18,
      "max_drawdown_r": 3,
      "peak_cum_r": 21.635460000000002,
      "profit_factor": 2,
      "rolling_sharpe": 0.40871999999999997,
      "sum_downside_r_squared": 18,
      "sum_r_squared": 72,
      "total_decisions": 42,
      "total_pnl_usd": 206.052,
      "total_r": 20.6052,
      "win_rate": 0.5714285714285714,
      "wins": 24,
      "is_warmup": true
    },
    {
      "active": true,
      "agent_id": "gen280-mut378-liq-fade-v0",
      "expectancy_r": 0.4393,
      "gross_loss_r": 20,
      "gross_win_r": 43.5,
      "last_r": 1,
      "losses": 20,
      "max_drawdown_r": 3,
      "peak_cum_r": 22.601985000000003,
      "profit_factor": 2.175,
      "rolling_sharpe": 0.40715999999999997,
      "sum_downside_r_squared": 20,
      "sum_r_squared": 85.25,
      "total_decisions": 49,
      "total_pnl_usd": 215.257,
      "total_r": 21.5257,
      "win_rate": 0.5918367346938775,
      "wins": 29,
      "is_warmup": true
    },
    {
      "active": true,
      "agent_id": "gen280-mut379-funding-trend-v1",
      "expectancy_r": 0.4869,
      "gross_loss_r": 16,
      "gross_win_r": 37.5,
      "last_r": 1,
      "losses": 16,
      "max_drawdown_r": 3,
      "peak_cum_r": 20.961045000000002,
      "profit_factor": 2.34375,
      "rolling_sharpe": 0.44428,
      "sum_downside_r_squared": 16,
      "sum_r_squared": 72.25,
      "total_decisions": 41,
      "total_pnl_usd": 199.62900000000002,
      "total_r": 19.9629,
      "win_rate": 0.6097560975609756,
      "wins": 25,
      "is_warmup": true
    },
    {
      "active": true,
      "agent_id": "gen280-mut380-funding-arb-v1",
      "expectancy_r": 0.30369999999999997,
      "gross_loss_r": 10,
      "gross_win_r": 16.5,
      "last_r": 1,
      "losses": 10,
      "max_drawdown_r": 3,
      "peak_cum_r": 6.696584999999999,
      "profit_factor": 1.65,
      "rolling_sharpe": 0.28444,
      "sum_downside_r_squared": 10,