{
  "agents": [
    {
      "active": true,
      "agent_id": "vol-breakout-v0",
      "expectancy_r": 0.7495150021708308,
      "gross_loss_r": 1264.9422733204547,
      "gross_win_r": 3837.277760770756,
      "last_r": 0.9207724915539804,
      "losses": 1261,
      "max_drawdown_r": 5.374687353202262,
      "peak_cum_r": 2572.537924343584,
      "profit_factor": 3.0335595874252497,
      "rolling_sharpe": 0.5414031979562377,
      "sum_downside_r_squared": 1359.6857609642427,
      "sum_r_squared": 8503.670021025466,
      "total_decisions": 3432,
      "total_pnl_usd": 25723.35487450292,
      "total_r": 2572.335487450291,
      "win_rate": 0.6325757575757576,
      "wins": 2171
    },
    {
      "active": true,
      "agent_id": "gen2-mut25-vol-breakout-v0",
      "expectancy_r": 0.7631286096510073,
      "gross_loss_r": 1096.605896889571,
      "gross_win_r": 3279.153720491444,
      "last_r": -1.1054386615432832,
      "losses": 1078,
      "max_drawdown_r": 5.507957176917216,
      "peak_cum_r": 2183.653262263424,
      "profit_factor": 2.9902754761692263,
      "rolling_sharpe": 0.5407346083899268,
      "sum_downside_r_squared": 1174.0626061213165,
      "sum_r_squared": 7359.87713823501,
      "total_decisions": 2860,
      "total_pnl_usd": 21825.478236018957,
      "total_r": 2182.5478236018807,
      "win_rate": 0.6230769230769231,
      "wins": 1782
    },
    {
      "active": true,
      "agent_id": "vol-breakout-v1",
      "expectancy_r": 0.8688765301916768,
      "gross_loss_r": 733.3286860459426,
      "gross_win_r": 2620.528509622267,
      "last_r": 0.9207724915539804,
      "losses": 720,
      "max_drawdown_r": 5.49720477623714,
      "peak_cum_r": 1887.199823576322,
      "profit_factor": 3.5734706135007137,
      "rolling_sharpe": 0.6351826060515972,
      "sum_downside_r_squared": 791.3689134203556,
      "sum_r_squared": 5702.106958195776,
      "total_decisions": 2172,
      "total_pnl_usd": 18871.998235763287,
      "total_r": 1887.199823576322,
      "win_rate": 0.6685082872928176,
      "wins": 1452
    },
    {
      "active": true,
      "agent_id": "gen8-mut106-liq-trend-v1",
      "expectancy_r": 0.17913783133738218,
      "gross_loss_r": 17.13778818173334,
      "gross_win_r": 24.303301435228622,
      "last_r": -1.0578151640546016,
      "losses": 20,
      "max_drawdown_r": 8.459410640376621,
      "peak_cum_r": 11.481274172409924,
      "profit_factor": 1.418111904378232,
      "rolling_sharpe": 0.14884928550255452,
      "sum_downside_r_squared": 17.378123492642768,
      "sum_r_squared": 57.77025198908811,
      "total_decisions": 40,
      "total_pnl_usd": 71.65513253495286,
      "total_r": 7.165513253495287,
      "win_rate": 0.5,
      "wins": 20
    },
    {
      "active": true,
      "agent_id": "gen31-mut40-liq-fade-v0",
      "expectancy_r": 0.18297121513098635,
      "gross_loss_r": 12.968555825523156,
      "gross_win_r": 19.921462000500632,
      "last_r": -1.160831620355443,
      "losses": 17,
      "max_drawdown_r": 8.02040477993566,
      "peak_cum_r": 9.26253915118954,
      "profit_factor": 1.5361357323452778,
      "rolling_sharpe": 0.17768505655197506,
      "sum_downside_r_squared": 12.848010606994494,
      "sum_r_squared": 40.50644107489358,
      "total_decisions": 38,
      "total_pnl_usd": 69.52906174977483,
      "total_r": 6.952906174977482,
      "win_rate": 0.5526315789473685,
      "wins": 21
    },
    {
      "active": true,
      "agent_id": "funding-trend-v0",
      "expectancy_r": 0.4297,
      "gross_loss_r": 13,
      "gross_win_r": 24,
      "last_r": 1,
      "losses": 13,
      "max_drawdown_r": 3,
      "peak_cum_r": 13.084365000000002,
      "profit_factor": 1.8461538461538463,
      "rolling_sharpe": 0.37564000000000003,
      "sum_downside_r_squared": 13,
      "sum_r_squared": 49,
      "total_decisions": 29,
      "total_pnl_usd": 124.61300000000001,
      "total_r": 12.461300000000001,
      "win_rate": 0.5517241379310345,
      "wins": 16,
      "is_warmup": true
    },
    {
      "active": true,
      "agent_id": "funding-arb-v0",
      "expectancy_r": 0.3025,
      "gross_loss_r": 10,
      "gross_win_r": 16.5,
      "last_r": 1,
      "losses": 10,
      "max_drawdown_r": 3,
      "peak_cum_r": 6.6701250000000005,
      "profit_factor": 1.65,
      "rolling_sharpe": 0.28300000000000003,
      "sum_downside_r_squared": 10,
      "sum_r_squared": 34.75,
      "total_decisions": 21,
      "total_pnl_usd": 63.525,
      "total_r": 6.3525,
      "win_rate": 0.5238095238095238,
      "wins": 11,
      "is_warmup": true
    },
    {
      "active": true,
      "agent_id": "polyedge-v0",
      "expectancy_r": 0.5931000000000001,
      "gross_loss_r": 19,
      "gross_win_r": 52.5,
      "last_r": 1,
      "losses": 19,
      "max_drawdown_r": 3,
      "peak_cum_r": 33.62877000000001,
      "profit_factor": 2.763157894736842,
      "rolling_sharpe": 0.55172,
      "sum_downside_r_squared": 19,
      "sum_r_squared": 97.75,
      "total_decisions": 54,
      "total_pnl_usd": 320.27400000000006,
      "total_r": 32.02740000000001,
      "win_rate": 0.6481481481481481,
      "wins": 35,
      "is_warmup": true
    },
    {
      "active": true,
      "agent_id": "gen504-mut377-liq-trend-v1",
      "expectancy_r": 0.5083,
      "gross_loss_r": 19,
      "gross_win_r": 42,
      "last_r": 1,
      "losses": 19,
      "max_drawdown_r": 3,
      "peak_cum_r": 25.084605,
      "profit_factor": 2.210526315789474,
      "rolling_sharpe": 0.42995999999999995,
      "sum_downside_r_squared": 19,
      "sum_r_squared": 82,
      "total_decisions": 47,
      "total_pnl_usd": 238.901,
      "total_r": 23.8901,
      "win_rate": 0.5957446808510638,
      "wins": 28,
      "is_warmup": true
    },
    {
      "active": true,
      "agent_id": "gen504-mut378-liq-fade-v0",
      "expectancy_r": 0.38420000000000004,
      "gross_loss_r": 16,
      "gross_win_r": 28.5,
      "last_r": 1,
      "losses": 16,
      "max_drawdown_r": 3,
      "peak_cum_r": 14.11935,
      "profit_factor": 1.78125,
      "rolling_sharpe": 0.34104,
      "sum_downside_r_squared": 16,
      "sum_r_squared": 58.75,
      "total_decisions": 35,
      "total_pnl_usd": 134.47,
      "total_r": 13.447000000000001,
      "win_rate": 0.5428571428571428,
      "wins": 19,
      "is_warmup": true
    },
    {
      "active": true,
      "agent_id": "gen504-mut379-funding-trend-v1",
      "expectancy_r": 0.4368,
      "gross_loss_r": 13,
      "gross_win_r": 25.5,
      "last_r": 1,
      "losses": 13,
      "max_drawdown_r": 3,
      "peak_cum_r": 13.759200000000002,
      "profit_factor": 1.9615384615384615,
      "rolling_sharpe": 0.38416,
      "sum_downside_r_squared": 13,
      "sum_r_squared": 51.25,
      "total_decisions": 30,
      "total_pnl_usd": 131.04000000000002,
      "total_r": 13.104000000000001,
      "win_rate": 0.5666666666666667,
      "wins": 17,
      "is_warmup": true
    },
    {
      "active": true,
      "agent_id": "gen504-mut380-funding-arb-v1",
      "expectancy_r": 0.3324,
      "gross_loss_r": 12,
      "gross_win_r": 21,
      "last_r": 1,
      "losses": 12,
      "max_drawdown_r": 3,
      "peak_cum_r": 9.07452,
      "profit_factor": 1.75,
      "rolling_sharpe": 0.31888000000000005,
      "sum_downside_r_squared": 12,
      "sum_r_squared": 43.5,
      "total_decisions": 26,
      "total_pnl_usd": 86.42399999999998,
      "total_r": 8.642399999999999,
      "win_rate": 0.5384615384615384,
      "wins": 14,
      "is_warmup": true
    },
    {
      "active": true,
      "agent_id": "gen504-mut381-polyedge-v1",
      "expectancy_r": 0.5821000000000001,
      "gross_loss_r": 18,
      "gross_win_r": 49.5,
      "last_r": 1,
      "losses": 18,
      "max_drawdown_r": 3,
      "peak_cum_r": 31.171455000000005,
      "profit_factor": 2.75,
      "rolling_sharpe": 0.53852,
      "sum_downside_r_squared": 18,
      "sum_r_squared": 92.25,
      "total_decisions": 51,