{
  "agents": [
    {
      "active": true,
      "agent_id": "vol-breakout-v0",
      "expectancy_r": 0.7518144633904208,
      "gross_loss_r": 1826.0651075238916,
      "gross_win_r": 5561.079361647497,
      "last_r": 0.8656128950199954,
      "losses": 1813,
      "max_drawdown_r": 5.374687353202262,
      "peak_cum_r": 3735.0142541236105,
      "profit_factor": 3.0453894216226556,
      "rolling_sharpe": 0.5436725426876922,
      "sum_downside_r_squared": 1963.7645998502192,
      "sum_r_squared": 12306.224664758027,
      "total_decisions": 4968,
      "total_pnl_usd": 37350.142541235975,
      "total_r": 3735.0142541236105,
      "win_rate": 0.6350644122383253,
      "wins": 3155
    },
    {
      "active": true,
      "agent_id": "gen2-mut25-vol-breakout-v0",
      "expectancy_r": 0.7653101874560553,
      "gross_loss_r": 1584.8963793675164,
      "gross_win_r": 4759.403036935234,
      "last_r": 1.874044541456459,
      "losses": 1558,
      "max_drawdown_r": 5.507957176917216,
      "peak_cum_r": 3175.5964625259858,
      "profit_factor": 3.002974263108965,
      "rolling_sharpe": 0.5428588016143542,
      "sum_downside_r_squared": 1696.79808346703,
      "sum_r_squared": 10671.532517968506,
      "total_decisions": 4148,
      "total_pnl_usd": 31745.066575677716,
      "total_r": 3174.5066575677174,
      "win_rate": 0.624397299903568,
      "wins": 2590
    },
    {
      "active": true,
      "agent_id": "vol-breakout-v1",
      "expectancy_r": 0.8699482144836551,
      "gross_loss_r": 1059.252546510806,
      "gross_win_r": 3797.849525705349,
      "last_r": 0.826673470095652,
      "losses": 1040,
      "max_drawdown_r": 5.49720477623714,
      "peak_cum_r": 2738.5969791945463,
      "profit_factor": 3.585405140837776,
      "rolling_sharpe": 0.6367547490343692,
      "sum_downside_r_squared": 1143.0884304960705,
      "sum_r_squared": 8256.508121445122,
      "total_decisions": 3148,
      "total_pnl_usd": 27385.96979194548,
      "total_r": 2738.5969791945463,
      "win_rate": 0.6696315120711563,
      "wins": 2108
    },
    {
      "active": true,
      "agent_id": "gen8-mut106-liq-trend-v1",
      "expectancy_r": 0.17913783133738218,
      "gross_loss_r": 17.13778818173334,
      "gross_win_r": 24.303301435228622,
      "last_r": -1.0578151640546016,
      "losses": 20,
      "max_drawdown_r": 8.459410640376621,
      "peak_cum_r": 11.481274172409924,
      "profit_factor": 1.418111904378232,
      "rolling_sharpe": 0.14884928550255452,
      "sum_downside_r_squared": 17.378123492642768,
      "sum_r_squared": 57.77025198908811,
      "total_decisions": 40,
      "total_pnl_usd": 71.65513253495286,
      "total_r": 7.165513253495287,
      "win_rate": 0.5,
      "wins": 20
    },
    {
      "active": true,
      "agent_id": "gen31-mut40-liq-fade-v0",
      "expectancy_r": 0.18297121513098635,
      "gross_loss_r": 12.968555825523156,
      "gross_win_r": 19.921462000500632,
      "last_r": -1.160831620355443,
      "losses": 17,
      "max_drawdown_r": 8.02040477993566,
      "peak_cum_r": 9.26253915118954,
      "profit_factor": 1.5361357323452778,
      "rolling_sharpe": 0.17768505655197506,
      "sum_downside_r_squared": 12.848010606994494,
      "sum_r_squared": 40.50644107489358,
      "total_decisions": 38,
      "total_pnl_usd": 69.52906174977483,
      "total_r": 6.952906174977482,
      "win_rate": 0.5526315789473685,
      "wins": 21
    },
    {
      "active": true,
      "agent_id": "funding-trend-v0",
      "expectancy_r": 0.4297,
      "gross_loss_r": 13,
      "gross_win_r": 24,
      "last_r": 1,
      "losses": 13,
      "max_drawdown_r": 3,
      "peak_cum_r": 13.084365000000002,
      "profit_factor": 1.8461538461538463,
      "rolling_sharpe": 0.37564000000000003,
      "sum_downside_r_squared": 13,
      "sum_r_squared": 49,
      "total_decisions": 29,
      "total_pnl_usd": 124.61300000000001,
      "total_r": 12.461300000000001,
      "win_rate": 0.5517241379310345,
      "wins": 16,
      "is_warmup": true
    },
    {
      "active": true,
      "agent_id": "funding-arb-v0",
      "expectancy_r": 0.3025,
      "gross_loss_r": 10,
      "gross_win_r": 16.5,
      "last_r": 1,
      "losses": 10,
      "max_drawdown_r": 3,
      "peak_cum_r": 6.6701250000000005,
      "profit_factor": 1.65,
      "rolling_sharpe": 0.28300000000000003,
      "sum_downside_r_squared": 10,
      "sum_r_squared": 34.75,
      "total_decisions": 21,
      "total_pnl_usd": 63.525,
      "total_r": 6.3525,
      "win_rate": 0.5238095238095238,
      "wins": 11,
      "is_warmup": true
    },
    {
      "active": true,
      "agent_id": "polyedge-v0",
      "expectancy_r": 0.5931000000000001,
      "gross_loss_r": 19,
      "gross_win_r": 52.5,
      "last_r": 1,
      "losses": 19,
      "max_drawdown_r": 3,
      "peak_cum_r": 33.62877000000001,
      "profit_factor": 2.763157894736842,
      "rolling_sharpe": 0.55172,
      "sum_downside_r_squared": 19,
      "sum_r_squared": 97.75,
      "total_decisions": 54,
      "total_pnl_usd": 320.27400000000006,
      "total_r": 32.02740000000001,
      "win_rate": 0.6481481481481481,
      "wins": 35,
      "is_warmup": true
    },
    {
      "active": true,
      "agent_id": "gen728-mut377-liq-trend-v1",
      "expectancy_r": 0.5411,
      "gross_loss_r": 22,
      "gross_win_r": 52.5,
      "last_r": 1,
      "losses": 22,
      "max_drawdown_r": 3,
      "peak_cum_r": 32.384835,
      "profit_factor": 2.3863636363636362,
      "rolling_sharpe": 0.46931999999999996,
      "sum_downside_r_squared": 22,
      "sum_r_squared": 100.75,
      "total_decisions": 57,
      "total_pnl_usd": 308.427,
      "total_r": 30.8427,
      "win_rate": 0.6140350877192983,
      "wins": 35,
      "is_warmup": true
    },
    {
      "active": true,
      "agent_id": "gen728-mut378-liq-fade-v0",
      "expectancy_r": 0.4234,
      "gross_loss_r": 19,
      "gross_win_r": 39,
      "last_r": 1,
      "losses": 19,
      "max_drawdown_r": 3,
      "peak_cum_r": 20.005650000000003,
      "profit_factor": 2.0526315789473686,
      "rolling_sharpe": 0.38808,
      "sum_downside_r_squared": 19,
      "sum_r_squared": 77.5,
      "total_decisions": 45,
      "total_pnl_usd": 190.53,
      "total_r": 19.053,
      "win_rate": 0.5777777777777777,
      "wins": 26,
      "is_warmup": true
    },
    {
      "active": true,
      "agent_id": "gen728-mut379-funding-trend-v1",
      "expectancy_r": 0.4152,
      "gross_loss_r": 12,
      "gross_win_r": 19.5,
      "last_r": 1,
      "losses": 12,
      "max_drawdown_r": 3,
      "peak_cum_r": 10.899000000000001,
      "profit_factor": 1.625,
      "rolling_sharpe": 0.35824,
      "sum_downside_r_squared": 12,
      "sum_r_squared": 41.25,
      "total_decisions": 25,
      "total_pnl_usd": 103.80000000000001,
      "total_r": 10.38,
      "win_rate": 0.52,
      "wins": 13,
      "is_warmup": true
    },
    {
      "active": true,
      "agent_id": "gen728-mut380-funding-arb-v1",
      "expectancy_r": 0.3684,
      "gross_loss_r": 15,
      "gross_win_r": 28.5,
      "last_r": 1,
      "losses": 15,
      "max_drawdown_r": 3,
      "peak_cum_r": 13.151880000000002,
      "profit_factor": 1.9,
      "rolling_sharpe": 0.36208,
      "sum_downside_r_squared": 15,
      "sum_r_squared": 57.75,
      "total_decisions": 34,
      "total_pnl_usd": 125.256,
      "total_r": 12.5256,
      "win_rate": 0.5588235294117647,
      "wins": 19,
      "is_warmup": true
    },
    {
      "active": true,
      "agent_id": "gen728-mut381-polyedge-v1",
      "expectancy_r": 0.5749000000000001,
      "gross_loss_r": 18,
      "gross_win_r": 46.5,
      "last_r": 1,
      "losses": 18,
      "max_drawdown_r": 3,
      "peak_cum_r": 29.578605000000007,
      "profit_factor": 2.5833333333333335,
      "rolling_sharpe": 0.52988,
      "sum_downside_r_squared": 18,
      "sum_r_squared": 87.75,
      "total_decisions": 49,
      "total_pnl_usd": 281.701,