{
  "agents": [
    {
      "active": true,
      "agent_id": "vol-breakout-v1",
      "expectancy_r": 0.8784727989024397,
      "gross_loss_r": 570.6500616389573,
      "gross_win_r": 2083.3802213489616,
      "last_r": -0.08772117560013937,
      "losses": 562,
      "max_drawdown_r": 5.49720477623714,
      "peak_cum_r": 1512.8178808856012,
      "profit_factor": 3.6508893302583902,
      "rolling_sharpe": 0.6454648625651692,
      "sum_downside_r_squared": 615.5551032424027,
      "sum_r_squared": 4516.701328024928,
      "total_decisions": 1722,
      "total_pnl_usd": 15127.301597100077,
      "total_r": 1512.730159710001,
      "win_rate": 0.6736353077816493,
      "wins": 1160
    },
    {
      "active": true,
      "agent_id": "vol-breakout-v0",
      "expectancy_r": 0.7627164742234589,
      "gross_loss_r": 985.2656560237084,
      "gross_win_r": 3052.227301169296,
      "last_r": -0.08772117560013937,
      "losses": 975,
      "max_drawdown_r": 5.374687353202262,
      "peak_cum_r": 2067.5242566443544,
      "profit_factor": 3.097872418985292,
      "rolling_sharpe": 0.5532848041491688,
      "sum_downside_r_squared": 1058.6427579685499,
      "sum_r_squared": 6724.496637903939,
      "total_decisions": 2710,
      "total_pnl_usd": 20669.6164514558,
      "total_r": 2066.9616451455736,
      "win_rate": 0.6402214022140221,
      "wins": 1735
    },
    {
      "active": true,
      "agent_id": "gen2-mut25-vol-breakout-v0",
      "expectancy_r": 0.7710155212322349,
      "gross_loss_r": 852.7048546074157,
      "gross_win_r": 2590.573839464869,
      "last_r": -0.08772117560013937,
      "losses": 840,
      "max_drawdown_r": 5.507957176917216,
      "peak_cum_r": 1737.9872232119121,
      "profit_factor": 3.03806624937953,
      "rolling_sharpe": 0.5482431743590558,
      "sum_downside_r_squared": 912.6544622844804,
      "sum_r_squared": 5795.880708991025,
      "total_decisions": 2254,
      "total_pnl_usd": 17378.689848574577,
      "total_r": 1737.8689848574575,
      "win_rate": 0.6273291925465838,
      "wins": 1414
    },
    {
      "active": true,
      "agent_id": "gen31-mut40-liq-fade-v0",
      "expectancy_r": 0.18297121513098635,
      "gross_loss_r": 12.968555825523156,
      "gross_win_r": 19.921462000500632,
      "last_r": -1.160831620355443,
      "losses": 17,
      "max_drawdown_r": 8.02040477993566,
      "peak_cum_r": 9.26253915118954,
      "profit_factor": 1.5361357323452778,
      "rolling_sharpe": 0.17768505655197506,
      "sum_downside_r_squared": 12.848010606994494,
      "sum_r_squared": 40.50644107489358,
      "total_decisions": 38,
      "total_pnl_usd": 69.52906174977483,
      "total_r": 6.952906174977482,
      "win_rate": 0.5526315789473685,
      "wins": 21
    },
    {
      "active": true,
      "agent_id": "gen8-mut106-liq-trend-v1",
      "expectancy_r": 0.17913783133738218,
      "gross_loss_r": 17.13778818173334,
      "gross_win_r": 24.303301435228622,
      "last_r": -1.0578151640546016,
      "losses": 20,
      "max_drawdown_r": 8.459410640376621,
      "peak_cum_r": 11.481274172409924,
      "profit_factor": 1.418111904378232,
      "rolling_sharpe": 0.14884928550255452,
      "sum_downside_r_squared": 17.378123492642768,
      "sum_r_squared": 57.77025198908811,
      "total_decisions": 40,
      "total_pnl_usd": 71.65513253495286,
      "total_r": 7.165513253495287,
      "win_rate": 0.5,
      "wins": 20
    },
    {
      "active": true,
      "agent_id": "funding-trend-v0",
      "expectancy_r": 0.4297,
      "gross_loss_r": 13,
      "gross_win_r": 24,
      "last_r": 1,
      "losses": 13,
      "max_drawdown_r": 3,
      "peak_cum_r": 13.084365000000002,
      "profit_factor": 1.8461538461538463,
      "rolling_sharpe": 0.37564000000000003,
      "sum_downside_r_squared": 13,
      "sum_r_squared": 49,
      "total_decisions": 29,
      "total_pnl_usd": 124.61300000000001,
      "total_r": 12.461300000000001,
      "win_rate": 0.5517241379310345,
      "wins": 16,
      "is_warmup": true
    },
    {
      "active": true,
      "agent_id": "funding-arb-v0",
      "expectancy_r": 0.3025,
      "gross_loss_r": 10,
      "gross_win_r": 16.5,
      "last_r": 1,
      "losses": 10,
      "max_drawdown_r": 3,
      "peak_cum_r": 6.6701250000000005,
      "profit_factor": 1.65,
      "rolling_sharpe": 0.28300000000000003,
      "sum_downside_r_squared": 10,
      "sum_r_squared": 34.75,
      "total_decisions": 21,
      "total_pnl_usd": 63.525,
      "total_r": 6.3525,
      "win_rate": 0.5238095238095238,
      "wins": 11,
      "is_warmup": true
    },
    {
      "active": true,
      "agent_id": "polyedge-v0",
      "expectancy_r": 0.5931000000000001,
      "gross_loss_r": 19,
      "gross_win_r": 52.5,
      "last_r": 1,
      "losses": 19,
      "max_drawdown_r": 3,
      "peak_cum_r": 33.62877000000001,
      "profit_factor": 2.763157894736842,
      "rolling_sharpe": 0.55172,
      "sum_downside_r_squared": 19,
      "sum_r_squared": 97.75,
      "total_decisions": 54,
      "total_pnl_usd": 320.27400000000006,
      "total_r": 32.02740000000001,
      "win_rate": 0.6481481481481481,
      "wins": 35,
      "is_warmup": true
    },
    {
      "active": true,
      "agent_id": "gen392-mut378-liq-fade-v0",
      "expectancy_r": 0.37570000000000003,
      "gross_loss_r": 15,
      "gross_win_r": 27,
      "last_r": 1,
      "losses": 15,
      "max_drawdown_r": 3,
      "peak_cum_r": 13.018005000000002,
      "profit_factor": 1.8,
      "rolling_sharpe": 0.33083999999999997,
      "sum_downside_r_squared": 15,
      "sum_r_squared": 55.5,
      "total_decisions": 33,
      "total_pnl_usd": 123.98100000000001,
      "total_r": 12.398100000000001,
      "win_rate": 0.5454545454545454,
      "wins": 18,
      "is_warmup": true
    },
    {
      "active": true,
      "agent_id": "gen392-mut379-funding-trend-v1",
      "expectancy_r": 0.4737,
      "gross_loss_r": 15,
      "gross_win_r": 34.5,
      "last_r": 1,
      "losses": 15,
      "max_drawdown_r": 3,
      "peak_cum_r": 18.90063,
      "profit_factor": 2.3,
      "rolling_sharpe": 0.42844000000000004,
      "sum_downside_r_squared": 15,
      "sum_r_squared": 66.75,
      "total_decisions": 38,
      "total_pnl_usd": 180.00599999999997,
      "total_r": 18.0006,
      "win_rate": 0.6052631578947368,
      "wins": 23,
      "is_warmup": true
    },
    {
      "active": true,
      "agent_id": "gen392-mut380-funding-arb-v1",
      "expectancy_r": 0.30889999999999995,
      "gross_loss_r": 11,
      "gross_win_r": 16.5,
      "last_r": 1,
      "losses": 11,
      "max_drawdown_r": 3,
      "peak_cum_r": 7.135589999999999,
      "profit_factor": 1.5,
      "rolling_sharpe": 0.29068000000000005,
      "sum_downside_r_squared": 11,
      "sum_r_squared": 35.75,
      "total_decisions": 22,
      "total_pnl_usd": 67.95799999999998,
      "total_r": 6.795799999999999,
      "win_rate": 0.5,
      "wins": 11,
      "is_warmup": true
    },
    {
      "active": true,
      "agent_id": "gen392-mut381-polyedge-v1",
      "expectancy_r": 0.5786,
      "gross_loss_r": 18,
      "gross_win_r": 48,
      "last_r": 1,
      "losses": 18,
      "max_drawdown_r": 3,
      "peak_cum_r": 30.3765,
      "profit_factor": 2.6666666666666665,
      "rolling_sharpe": 0.53432,
      "sum_downside_r_squared": 18,
      "sum_r_squared": 90,
      "total_decisions": 50,
      "total_pnl_usd": 289.3,
      "total_r": 28.93,
      "win_rate": 0.64,
      "wins": 32,
      "is_warmup": true
    },
    {
      "active": true,
      "agent_id": "gen392-mut383-liq-fade-v0",
      "expectancy_r": 0.41590000000000005,
      "gross_loss_r": 18,
      "gross_win_r": 37.5,
      "last_r": 1,
      "losses": 18,
      "max_drawdown_r": 3,
      "peak_cum_r": 18.777885,
      "profit_factor": 2.0833333333333335,
      "rolling_sharpe": 0.37908,
      "sum_downside_r_squared": 18,
      "sum_r_squared": 74.25,
      "total_decisions": 43,