{
  "agents": [
    {
      "active": true,
      "agent_id": "vol-breakout-v0",
      "expectancy_r": 0.7680287055958678,
      "gross_loss_r": 210.42087788293404,
      "gross_win_r": 655.1094984229414,
      "last_r": 0.6141316879735947,
      "losses": 207,
      "max_drawdown_r": 5.374687353201978,
      "peak_cum_r": 444.68862054000743,
      "profit_factor": 3.1133293664301047,
      "rolling_sharpe": 0.556675840593505,
      "sum_downside_r_squared": 226.52915629314634,
      "sum_r_squared": 1441.7497259119395,
      "total_decisions": 579,
      "total_pnl_usd": 4446.886205400069,
      "total_r": 444.68862054000743,
      "win_rate": 0.6424870466321243,
      "wins": 372
    },
    {
      "active": true,
      "agent_id": "gen2-mut25-vol-breakout-v0",
      "expectancy_r": 0.7566554826368406,
      "gross_loss_r": 181.02368437882984,
      "gross_win_r": 538.1650721834185,
      "last_r": 1.874268856226088,
      "losses": 178,
      "max_drawdown_r": 5.507957176917159,
      "peak_cum_r": 357.14138780458876,
      "profit_factor": 2.9728986791429777,
      "rolling_sharpe": 0.5365815700046509,
      "sum_downside_r_squared": 193.85062025280212,
      "sum_r_squared": 1206.8149094814962,
      "total_decisions": 472,
      "total_pnl_usd": 3571.413878045884,
      "total_r": 357.14138780458876,
      "win_rate": 0.6228813559322034,
      "wins": 294
    },
    {
      "active": true,
      "agent_id": "vol-breakout-v1",
      "expectancy_r": 0.8815875285215932,
      "gross_loss_r": 122.22144767432371,
      "gross_win_r": 447.5272456987917,
      "last_r": 0.6141316879735947,
      "losses": 120,
      "max_drawdown_r": 5.497204776236856,
      "peak_cum_r": 325.3057980244679,
      "profit_factor": 3.661609760107663,
      "rolling_sharpe": 0.6474992554660959,
      "sum_downside_r_squared": 131.89481890339272,
      "sum_r_squared": 968.9673640161183,
      "total_decisions": 369,
      "total_pnl_usd": 3253.0579802446746,
      "total_r": 325.3057980244679,
      "win_rate": 0.6747967479674797,
      "wins": 249
    },
    {
      "active": true,
      "agent_id": "gen8-mut106-liq-trend-v1",
      "expectancy_r": 0.17913783133738218,
      "gross_loss_r": 17.13778818173334,
      "gross_win_r": 24.303301435228622,
      "last_r": -1.0578151640546016,
      "losses": 20,
      "max_drawdown_r": 8.459410640376621,
      "peak_cum_r": 11.481274172409924,
      "profit_factor": 1.418111904378232,
      "rolling_sharpe": 0.14884928550255452,
      "sum_downside_r_squared": 17.378123492642768,
      "sum_r_squared": 57.77025198908811,
      "total_decisions": 40,
      "total_pnl_usd": 71.65513253495286,
      "total_r": 7.165513253495287,
      "win_rate": 0.5,
      "wins": 20
    },
    {
      "active": true,
      "agent_id": "gen31-mut40-liq-fade-v0",
      "expectancy_r": 0.18297121513098635,
      "gross_loss_r": 12.968555825523156,
      "gross_win_r": 19.921462000500632,
      "last_r": -1.160831620355443,
      "losses": 17,
      "max_drawdown_r": 8.02040477993566,
      "peak_cum_r": 9.26253915118954,
      "profit_factor": 1.5361357323452778,
      "rolling_sharpe": 0.17768505655197506,
      "sum_downside_r_squared": 12.848010606994494,
      "sum_r_squared": 40.50644107489358,
      "total_decisions": 38,
      "total_pnl_usd": 69.52906174977483,
      "total_r": 6.952906174977482,
      "win_rate": 0.5526315789473685,
      "wins": 21
    },
    {
      "active": true,
      "agent_id": "funding-trend-v0",
      "expectancy_r": 0.4297,
      "gross_loss_r": 13,
      "gross_win_r": 24,
      "last_r": 1,
      "losses": 13,
      "max_drawdown_r": 3,
      "peak_cum_r": 13.084365000000002,
      "profit_factor": 1.8461538461538463,
      "rolling_sharpe": 0.37564000000000003,
      "sum_downside_r_squared": 13,
      "sum_r_squared": 49,
      "total_decisions": 29,
      "total_pnl_usd": 124.61300000000001,
      "total_r": 12.461300000000001,
      "win_rate": 0.5517241379310345,
      "wins": 16,
      "is_warmup": true
    },
    {
      "active": true,
      "agent_id": "funding-arb-v0",
      "expectancy_r": 0.3025,
      "gross_loss_r": 10,
      "gross_win_r": 16.5,
      "last_r": 1,
      "losses": 10,
      "max_drawdown_r": 3,
      "peak_cum_r": 6.6701250000000005,
      "profit_factor": 1.65,
      "rolling_sharpe": 0.28300000000000003,
      "sum_downside_r_squared": 10,
      "sum_r_squared": 34.75,
      "total_decisions": 21,
      "total_pnl_usd": 63.525,
      "total_r": 6.3525,
      "win_rate": 0.5238095238095238,
      "wins": 11,
      "is_warmup": true
    },
    {
      "active": true,
      "agent_id": "polyedge-v0",
      "expectancy_r": 0.5931000000000001,
      "gross_loss_r": 19,
      "gross_win_r": 52.5,
      "last_r": 1,
      "losses": 19,
      "max_drawdown_r": 3,
      "peak_cum_r": 33.62877000000001,
      "profit_factor": 2.763157894736842,
      "rolling_sharpe": 0.55172,
      "sum_downside_r_squared": 19,
      "sum_r_squared": 97.75,
      "total_decisions": 54,
      "total_pnl_usd": 320.27400000000006,
      "total_r": 32.02740000000001,
      "win_rate": 0.6481481481481481,
      "wins": 35,
      "is_warmup": true
    },
    {
      "active": true,
      "agent_id": "gen84-mut378-liq-fade-v0",
      "expectancy_r": 0.3709,
      "gross_loss_r": 15,
      "gross_win_r": 24,
      "last_r": 1,
      "losses": 15,
      "max_drawdown_r": 3,
      "peak_cum_r": 12.072795,
      "profit_factor": 1.6,
      "rolling_sharpe": 0.32508,
      "sum_downside_r_squared": 15,
      "sum_r_squared": 51,
      "total_decisions": 31,
      "total_pnl_usd": 114.979,
      "total_r": 11.4979,
      "win_rate": 0.5161290322580645,
      "wins": 16,
      "is_warmup": true
    },
    {
      "active": true,
      "agent_id": "gen84-mut379-funding-trend-v1",
      "expectancy_r": 0.4025,
      "gross_loss_r": 11,
      "gross_win_r": 18,
      "last_r": 1,
      "losses": 11,
      "max_drawdown_r": 3,
      "peak_cum_r": 9.720375,
      "profit_factor": 1.6363636363636365,
      "rolling_sharpe": 0.343,
      "sum_downside_r_squared": 11,
      "sum_r_squared": 38,
      "total_decisions": 23,
      "total_pnl_usd": 92.575,
      "total_r": 9.2575,
      "win_rate": 0.5217391304347826,
      "wins": 12,
      "is_warmup": true
    },
    {
      "active": true,
      "agent_id": "gen84-mut380-funding-arb-v1",
      "expectancy_r": 0.37289999999999995,
      "gross_loss_r": 15,
      "gross_win_r": 30,
      "last_r": 1,
      "losses": 15,
      "max_drawdown_r": 3,
      "peak_cum_r": 13.704075,
      "profit_factor": 2,
      "rolling_sharpe": 0.36748000000000003,
      "sum_downside_r_squared": 15,
      "sum_r_squared": 60,
      "total_decisions": 35,
      "total_pnl_usd": 130.515,
      "total_r": 13.051499999999999,
      "win_rate": 0.5714285714285714,
      "wins": 20,
      "is_warmup": true
    },
    {
      "active": true,
      "agent_id": "gen84-mut381-polyedge-v1",
      "expectancy_r": 0.5754,
      "gross_loss_r": 18,
      "gross_win_r": 46.5,
      "last_r": 1,
      "losses": 18,
      "max_drawdown_r": 3,
      "peak_cum_r": 29.60433,
      "profit_factor": 2.5833333333333335,
      "rolling_sharpe": 0.53048,
      "sum_downside_r_squared": 18,
      "sum_r_squared": 87.75,
      "total_decisions": 49,
      "total_pnl_usd": 281.946,
      "total_r": 28.1946,
      "win_rate": 0.6326530612244898,
      "wins": 31,
      "is_warmup": true
    },
    {
      "active": true,
      "agent_id": "gen84-mut383-liq-fade-v0",
      "expectancy_r": 0.38230000000000003,
      "gross_loss_r": 16,
      "gross_win_r": 27,
      "last_r": 1,
      "losses": 16,
      "max_drawdown_r": 3,
      "peak_cum_r": 13.64811,
      "profit_factor": 1.6875,
      "rolling_sharpe": 0.33876,
      "sum_downside_r_squared": 16,
      "sum_r_squared": 56.5,
      "total_decisions": 34,
      "total_pnl_usd": 129.982,
      "total_r": 12.9982,
      "win_rate": 0.5294117647058824,
      "wins": 18,