{
  "agents": [
    {
      "active": true,
      "agent_id": "vol-breakout-v1",
      "expectancy_r": 0.8732864580155811,
      "gross_loss_r": 441.1015594457694,
      "gross_win_r": 1576.373954866025,
      "last_r": 1.8591339151130082,
      "losses": 430,
      "max_drawdown_r": 5.49720477623714,
      "peak_cum_r": 1135.2723954202554,
      "profit_factor": 3.5737211105004723,
      "rolling_sharpe": 0.6370365109647981,
      "sum_downside_r_squared": 477.5052081890344,
      "sum_r_squared": 3432.5651314677684,
      "total_decisions": 1300,
      "total_pnl_usd": 11352.72395420256,
      "total_r": 1135.2723954202554,
      "win_rate": 0.6692307692307692,
      "wins": 870
    },
    {
      "active": true,
      "agent_id": "vol-breakout-v0",
      "expectancy_r": 0.8021053602868798,
      "gross_loss_r": 712.8103557685536,
      "gross_win_r": 2325.042129945187,
      "last_r": 1.8591339151130082,
      "losses": 700,
      "max_drawdown_r": 5.374687353202262,
      "peak_cum_r": 1612.2317741766285,
      "profit_factor": 3.2617962283086106,
      "rolling_sharpe": 0.5833868427281212,
      "sum_downside_r_squared": 768.1106269398819,
      "sum_r_squared": 5090.957218052222,
      "total_decisions": 2010,
      "total_pnl_usd": 16122.317741766326,
      "total_r": 1612.2317741766285,
      "win_rate": 0.6517412935323383,
      "wins": 1310
    },
    {
      "active": true,
      "agent_id": "gen2-mut25-vol-breakout-v0",
      "expectancy_r": 0.7930646956890338,
      "gross_loss_r": 621.9802061390874,
      "gross_win_r": 1951.1566361139064,
      "last_r": 1.859115321326751,
      "losses": 618,
      "max_drawdown_r": 5.507957176917216,
      "peak_cum_r": 1329.1764299748206,
      "profit_factor": 3.1370076038683266,
      "rolling_sharpe": 0.5657848056305699,
      "sum_downside_r_squared": 664.785427784944,
      "sum_r_squared": 4345.135048648944,
      "total_decisions": 1676,
      "total_pnl_usd": 13291.764299748183,
      "total_r": 1329.1764299748206,
      "win_rate": 0.6312649164677804,
      "wins": 1058
    },
    {
      "active": true,
      "agent_id": "gen33-mut40-liq-fade-v0",
      "expectancy_r": 0.18297121513098633,
      "gross_loss_r": 12.968555825523156,
      "gross_win_r": 19.921462000500632,
      "last_r": -1.160831620355443,
      "losses": 17,
      "max_drawdown_r": 8.02040477993566,
      "peak_cum_r": 9.26253915118954,
      "profit_factor": 1.5361357323452778,
      "rolling_sharpe": 0.177685056551975,
      "sum_downside_r_squared": 12.848010606994494,
      "sum_r_squared": 40.50644107489359,
      "total_decisions": 38,
      "total_pnl_usd": 69.52906174977483,
      "total_r": 6.95290617497748,
      "win_rate": 0.5526315789473685,
      "wins": 21
    },
    {
      "active": true,
      "agent_id": "gen8-mut106-liq-trend-v1",
      "expectancy_r": 0.17913783133738218,
      "gross_loss_r": 17.13778818173334,
      "gross_win_r": 24.303301435228622,
      "last_r": -1.0578151640546016,
      "losses": 20,
      "max_drawdown_r": 8.459410640376621,
      "peak_cum_r": 11.481274172409924,
      "profit_factor": 1.418111904378232,
      "rolling_sharpe": 0.1488492855025545,
      "sum_downside_r_squared": 17.378123492642768,
      "sum_r_squared": 57.77025198908812,
      "total_decisions": 40,
      "total_pnl_usd": 71.65513253495286,
      "total_r": 7.165513253495287,
      "win_rate": 0.5,
      "wins": 20
    },
    {
      "active": true,
      "agent_id": "funding-trend-v0",
      "expectancy_r": 0.4297,
      "gross_loss_r": 13,
      "gross_win_r": 24,
      "last_r": 1,
      "losses": 13,
      "max_drawdown_r": 3,
      "peak_cum_r": 13.084365000000002,
      "profit_factor": 1.8461538461538463,
      "rolling_sharpe": 0.37564000000000003,
      "sum_downside_r_squared": 13,
      "sum_r_squared": 49,
      "total_decisions": 29,
      "total_pnl_usd": 124.61300000000001,
      "total_r": 12.461300000000001,
      "win_rate": 0.5517241379310345,
      "wins": 16,
      "is_warmup": true
    },
    {
      "active": true,
      "agent_id": "funding-arb-v0",
      "expectancy_r": 0.3025,
      "gross_loss_r": 10,
      "gross_win_r": 16.5,
      "last_r": 1,
      "losses": 10,
      "max_drawdown_r": 3,
      "peak_cum_r": 6.6701250000000005,
      "profit_factor": 1.65,
      "rolling_sharpe": 0.28300000000000003,
      "sum_downside_r_squared": 10,
      "sum_r_squared": 34.75,
      "total_decisions": 21,
      "total_pnl_usd": 63.525,
      "total_r": 6.3525,
      "win_rate": 0.5238095238095238,
      "wins": 11,
      "is_warmup": true
    },
    {
      "active": true,
      "agent_id": "polyedge-v0",
      "expectancy_r": 0.5931000000000001,
      "gross_loss_r": 19,
      "gross_win_r": 52.5,
      "last_r": 1,
      "losses": 19,
      "max_drawdown_r": 3,
      "peak_cum_r": 33.62877000000001,
      "profit_factor": 2.763157894736842,
      "rolling_sharpe": 0.55172,
      "sum_downside_r_squared": 19,
      "sum_r_squared": 97.75,
      "total_decisions": 54,
      "total_pnl_usd": 320.27400000000006,
      "total_r": 32.02740000000001,
      "win_rate": 0.6481481481481481,
      "wins": 35,
      "is_warmup": true
    },
    {
      "active": true,
      "agent_id": "gen300-mut404-liq-trend-v1",
      "expectancy_r": 0.4808,
      "gross_loss_r": 17,
      "gross_win_r": 33,
      "last_r": 1,
      "losses": 17,
      "max_drawdown_r": 3,
      "peak_cum_r": 19.688760000000002,
      "profit_factor": 1.9411764705882353,
      "rolling_sharpe": 0.39696,
      "sum_downside_r_squared": 17,
      "sum_r_squared": 66.5,
      "total_decisions": 39,
      "total_pnl_usd": 187.512,
      "total_r": 18.7512,
      "win_rate": 0.5641025641025641,
      "wins": 22,
      "is_warmup": true
    },
    {
      "active": true,
      "agent_id": "gen300-mut405-liq-fade-v0",
      "expectancy_r": 0.4409,
      "gross_loss_r": 20,
      "gross_win_r": 45,
      "last_r": 1,
      "losses": 20,
      "max_drawdown_r": 3,
      "peak_cum_r": 23.147250000000003,
      "profit_factor": 2.25,
      "rolling_sharpe": 0.40908,
      "sum_downside_r_squared": 20,
      "sum_r_squared": 87.5,
      "total_decisions": 50,
      "total_pnl_usd": 220.45000000000002,
      "total_r": 22.045,
      "win_rate": 0.6,
      "wins": 30,
      "is_warmup": true
    },
    {
      "active": true,
      "agent_id": "gen300-mut406-funding-trend-v1",
      "expectancy_r": 0.4099,
      "gross_loss_r": 11,
      "gross_win_r": 19.5,
      "last_r": 1,
      "losses": 11,
      "max_drawdown_r": 3,
      "peak_cum_r": 10.32948,
      "profit_factor": 1.7727272727272727,
      "rolling_sharpe": 0.35188,
      "sum_downside_r_squared": 11,
      "sum_r_squared": 40.25,
      "total_decisions": 24,
      "total_pnl_usd": 98.376,
      "total_r": 9.8376,
      "win_rate": 0.5416666666666666,
      "wins": 13,
      "is_warmup": true
    },
    {
      "active": true,
      "agent_id": "gen300-mut407-funding-arb-v1",
      "expectancy_r": 0.393,
      "gross_loss_r": 16,
      "gross_win_r": 34.5,
      "last_r": 1,
      "losses": 16,
      "max_drawdown_r": 3,
      "peak_cum_r": 16.09335,
      "profit_factor": 2.15625,
      "rolling_sharpe": 0.39160000000000006,
      "sum_downside_r_squared": 16,
      "sum_r_squared": 67.75,
      "total_decisions": 39,
      "total_pnl_usd": 153.27,
      "total_r": 15.327,
      "win_rate": 0.5897435897435898,
      "wins": 23,
      "is_warmup": true
    },
    {
      "active": true,
      "agent_id": "gen300-mut408-polyedge-v1",
      "expectancy_r": 0.5673,
      "gross_loss_r": 18,
      "gross_win_r": 43.5,
      "last_r": 1,
      "losses": 18,
      "max_drawdown_r": 3,
      "peak_cum_r": 27.996255,
      "profit_factor": 2.4166666666666665,
      "rolling_sharpe": 0.52076,
      "sum_downside_r_squared": 18,
      "sum_r_squared": 83.25,
      "total_decisions": 47,
      "total_pnl_usd": 266.631,
      "total_r": 26.6631,
      "win_rate": 0.6170212765957447,