{
  "agents": [
    {
      "active": true,
      "agent_id": "vol-breakout-v0",
      "expectancy_r": 0.7428015913366579,
      "gross_loss_r": 281.61179990297296,
      "gross_win_r": 846.1410093188325,
      "last_r": -1.123310877318398,
      "losses": 283,
      "max_drawdown_r": 5.3746873532020345,
      "peak_cum_r": 568.6239839068446,
      "profit_factor": 3.0046362034913434,
      "rolling_sharpe": 0.5352454062520883,
      "sum_downside_r_squared": 302.28520855585407,
      "sum_r_squared": 1881.1115591711698,
      "total_decisions": 760,
      "total_pnl_usd": 5645.292094158594,
      "total_r": 564.52920941586,
      "win_rate": 0.6276315789473684,
      "wins": 477
    },
    {
      "active": true,
      "agent_id": "gen2-mut25-vol-breakout-v0",
      "expectancy_r": 0.7474856124615915,
      "gross_loss_r": 242.07455352017442,
      "gross_win_r": 707.0106044712845,
      "last_r": -1.107688473616058,
      "losses": 238,
      "max_drawdown_r": 5.507957176917159,
      "peak_cum_r": 468.72985296265676,
      "profit_factor": 2.920631657438387,
      "rolling_sharpe": 0.5276716605992022,
      "sum_downside_r_squared": 259.22478936444026,
      "sum_r_squared": 1593.6813252221807,
      "total_decisions": 622,
      "total_pnl_usd": 4649.360509511093,
      "total_r": 464.9360509511099,
      "win_rate": 0.617363344051447,
      "wins": 384
    },
    {
      "active": true,
      "agent_id": "vol-breakout-v1",
      "expectancy_r": 0.8657249770852211,
      "gross_loss_r": 162.96193023243168,
      "gross_win_r": 578.5099192333378,
      "last_r": -0.21592707799313238,
      "losses": 160,
      "max_drawdown_r": 5.497204776236856,
      "peak_cum_r": 417.9564038311497,
      "profit_factor": 3.5499697285630596,
      "rolling_sharpe": 0.631084285227629,
      "sum_downside_r_squared": 175.85975853785698,
      "sum_r_squared": 1261.1567554321798,
      "total_decisions": 480,
      "total_pnl_usd": 4155.479890009059,
      "total_r": 415.5479890009061,
      "win_rate": 0.6666666666666666,
      "wins": 320
    },
    {
      "active": true,
      "agent_id": "gen8-mut106-liq-trend-v1",
      "expectancy_r": 0.17913783133738218,
      "gross_loss_r": 17.13778818173334,
      "gross_win_r": 24.303301435228622,
      "last_r": -1.0578151640546016,
      "losses": 20,
      "max_drawdown_r": 8.459410640376621,
      "peak_cum_r": 11.481274172409924,
      "profit_factor": 1.418111904378232,
      "rolling_sharpe": 0.14884928550255452,
      "sum_downside_r_squared": 17.378123492642768,
      "sum_r_squared": 57.77025198908811,
      "total_decisions": 40,
      "total_pnl_usd": 71.65513253495286,
      "total_r": 7.165513253495287,
      "win_rate": 0.5,
      "wins": 20
    },
    {
      "active": true,
      "agent_id": "gen31-mut40-liq-fade-v0",
      "expectancy_r": 0.18297121513098635,
      "gross_loss_r": 12.968555825523156,
      "gross_win_r": 19.921462000500632,
      "last_r": -1.160831620355443,
      "losses": 17,
      "max_drawdown_r": 8.02040477993566,
      "peak_cum_r": 9.26253915118954,
      "profit_factor": 1.5361357323452778,
      "rolling_sharpe": 0.17768505655197506,
      "sum_downside_r_squared": 12.848010606994494,
      "sum_r_squared": 40.50644107489358,
      "total_decisions": 38,
      "total_pnl_usd": 69.52906174977483,
      "total_r": 6.952906174977482,
      "win_rate": 0.5526315789473685,
      "wins": 21
    },
    {
      "active": true,
      "agent_id": "gen112-mut382-liq-trend-v1",
      "expectancy_r": 0.09415011017109103,
      "gross_loss_r": 1.472805446458244,
      "gross_win_r": 1.849405887142608,
      "last_r": -0.1968086170078575,
      "losses": 3,
      "max_drawdown_r": 1.4728054464582438,
      "peak_cum_r": 1.849405887142608,
      "profit_factor": 1.255702775672103,
      "rolling_sharpe": 0.07342084681390894,
      "sum_downside_r_squared": 1.548302796678459,
      "sum_r_squared": 4.968604932076196,
      "total_decisions": 4,
      "total_pnl_usd": 3.7660044068436407,
      "total_r": 0.3766004406843641,
      "win_rate": 0.25,
      "wins": 1
    },
    {
      "active": true,
      "agent_id": "funding-trend-v0",
      "expectancy_r": 0.4297,
      "gross_loss_r": 13,
      "gross_win_r": 24,
      "last_r": 1,
      "losses": 13,
      "max_drawdown_r": 3,
      "peak_cum_r": 13.084365000000002,
      "profit_factor": 1.8461538461538463,
      "rolling_sharpe": 0.37564000000000003,
      "sum_downside_r_squared": 13,
      "sum_r_squared": 49,
      "total_decisions": 29,
      "total_pnl_usd": 124.61300000000001,
      "total_r": 12.461300000000001,
      "win_rate": 0.5517241379310345,
      "wins": 16,
      "is_warmup": true
    },
    {
      "active": true,
      "agent_id": "funding-arb-v0",
      "expectancy_r": 0.3025,
      "gross_loss_r": 10,
      "gross_win_r": 16.5,
      "last_r": 1,
      "losses": 10,
      "max_drawdown_r": 3,
      "peak_cum_r": 6.6701250000000005,
      "profit_factor": 1.65,
      "rolling_sharpe": 0.28300000000000003,
      "sum_downside_r_squared": 10,
      "sum_r_squared": 34.75,
      "total_decisions": 21,
      "total_pnl_usd": 63.525,
      "total_r": 6.3525,
      "win_rate": 0.5238095238095238,
      "wins": 11,
      "is_warmup": true
    },
    {
      "active": true,
      "agent_id": "polyedge-v0",
      "expectancy_r": 0.5931000000000001,
      "gross_loss_r": 19,
      "gross_win_r": 52.5,
      "last_r": 1,
      "losses": 19,
      "max_drawdown_r": 3,
      "peak_cum_r": 33.62877000000001,
      "profit_factor": 2.763157894736842,
      "rolling_sharpe": 0.55172,
      "sum_downside_r_squared": 19,
      "sum_r_squared": 97.75,
      "total_decisions": 54,
      "total_pnl_usd": 320.27400000000006,
      "total_r": 32.02740000000001,
      "win_rate": 0.6481481481481481,
      "wins": 35,
      "is_warmup": true
    },
    {
      "active": true,
      "agent_id": "gen112-mut377-liq-trend-v1",
      "expectancy_r": 0.4644,
      "gross_loss_r": 15,
      "gross_win_r": 28.5,
      "last_r": 1,
      "losses": 15,
      "max_drawdown_r": 3,
      "peak_cum_r": 16.57908,
      "profit_factor": 1.9,
      "rolling_sharpe": 0.37728,
      "sum_downside_r_squared": 15,
      "sum_r_squared": 57.75,
      "total_decisions": 34,
      "total_pnl_usd": 157.89600000000002,
      "total_r": 15.7896,
      "win_rate": 0.5588235294117647,
      "wins": 19,
      "is_warmup": true
    },
    {
      "active": true,
      "agent_id": "gen112-mut378-liq-fade-v0",
      "expectancy_r": 0.39270000000000005,
      "gross_loss_r": 17,
      "gross_win_r": 30,
      "last_r": 1,
      "losses": 17,
      "max_drawdown_r": 3,
      "peak_cum_r": 15.256395000000001,
      "profit_factor": 1.7647058823529411,
      "rolling_sharpe": 0.35124,
      "sum_downside_r_squared": 17,
      "sum_r_squared": 62,
      "total_decisions": 37,
      "total_pnl_usd": 145.299,
      "total_r": 14.529900000000001,
      "win_rate": 0.5405405405405406,
      "wins": 20,
      "is_warmup": true
    },
    {
      "active": true,
      "agent_id": "gen112-mut379-funding-trend-v1",
      "expectancy_r": 0.4091,
      "gross_loss_r": 11,
      "gross_win_r": 19.5,
      "last_r": 1,
      "losses": 11,
      "max_drawdown_r": 3,
      "peak_cum_r": 10.309320000000001,
      "profit_factor": 1.7727272727272727,
      "rolling_sharpe": 0.35092,
      "sum_downside_r_squared": 11,
      "sum_r_squared": 40.25,
      "total_decisions": 24,
      "total_pnl_usd": 98.184,
      "total_r": 9.8184,
      "win_rate": 0.5416666666666666,
      "wins": 13,
      "is_warmup": true
    },
    {
      "active": true,
      "agent_id": "gen112-mut380-funding-arb-v1",
      "expectancy_r": 0.3751,
      "gross_loss_r": 15,
      "gross_win_r": 30,
      "last_r": 1,
      "losses": 15,
      "max_drawdown_r": 3,
      "peak_cum_r": 13.784925,
      "profit_factor": 2,
      "rolling_sharpe": 0.37012,
      "sum_downside_r_squared": 15,
      "sum_r_squared": 60,