{
  "agents": [
    {
      "active": true,
      "agent_id": "vol-breakout-v1",
      "expectancy_r": 0.8732839210282954,
      "gross_loss_r": 132.33046783373072,
      "gross_win_r": 472.91119703476613,
      "last_r": 1.8590954873275813,
      "losses": 129,
      "max_drawdown_r": 5.497204776236856,
      "peak_cum_r": 340.58072920103524,
      "profit_factor": 3.5737136335750352,
      "rolling_sharpe": 0.6364630993243928,
      "sum_downside_r_squared": 143.25156245671053,
      "sum_r_squared": 1029.7658919434823,
      "total_decisions": 390,
      "total_pnl_usd": 3405.807292010348,
      "total_r": 340.58072920103524,
      "win_rate": 0.6692307692307692,
      "wins": 261
    },
    {
      "active": true,
      "agent_id": "vol-breakout-v0",
      "expectancy_r": 0.8021037194493345,
      "gross_loss_r": 213.84310673056618,
      "gross_win_r": 697.5116495585148,
      "last_r": 1.8375884211841018,
      "losses": 210,
      "max_drawdown_r": 5.374687353201978,
      "peak_cum_r": 483.66854282794867,
      "profit_factor": 3.2617916014349335,
      "rolling_sharpe": 0.5830472942815245,
      "sum_downside_r_squared": 230.43318808196486,
      "sum_r_squared": 1527.2835179188191,
      "total_decisions": 603,
      "total_pnl_usd": 4836.685428279481,
      "total_r": 483.66854282794867,
      "win_rate": 0.6517412935323383,
      "wins": 393
    },
    {
      "active": true,
      "agent_id": "gen2-mut25-vol-breakout-v0",
      "expectancy_r": 0.7791800196365092,
      "gross_loss_r": 185.1346849753983,
      "gross_win_r": 569.2704346561974,
      "last_r": 1.8722404256067535,
      "losses": 184,
      "max_drawdown_r": 5.507957176917159,
      "peak_cum_r": 384.13574968079905,
      "profit_factor": 3.074898875550225,
      "rolling_sharpe": 0.5543745717357188,
      "sum_downside_r_squared": 197.91364644783337,
      "sum_r_squared": 1271.238947102857,
      "total_decisions": 493,
      "total_pnl_usd": 3841.3574968079865,
      "total_r": 384.13574968079905,
      "win_rate": 0.6267748478701826,
      "wins": 309
    },
    {
      "active": true,
      "agent_id": "gen33-mut40-liq-fade-v0",
      "expectancy_r": 0.18297121513098635,
      "gross_loss_r": 12.968555825523156,
      "gross_win_r": 19.921462000500632,
      "last_r": -1.160831620355443,
      "losses": 17,
      "max_drawdown_r": 8.02040477993566,
      "peak_cum_r": 9.26253915118954,
      "profit_factor": 1.5361357323452778,
      "rolling_sharpe": 0.17768505655197506,
      "sum_downside_r_squared": 12.848010606994494,
      "sum_r_squared": 40.50644107489358,
      "total_decisions": 38,
      "total_pnl_usd": 69.52906174977483,
      "total_r": 6.952906174977482,
      "win_rate": 0.5526315789473685,
      "wins": 21
    },
    {
      "active": true,
      "agent_id": "gen8-mut106-liq-trend-v1",
      "expectancy_r": 0.17913783133738218,
      "gross_loss_r": 17.13778818173334,
      "gross_win_r": 24.303301435228622,
      "last_r": -1.0578151640546016,
      "losses": 20,
      "max_drawdown_r": 8.459410640376621,
      "peak_cum_r": 11.481274172409924,
      "profit_factor": 1.418111904378232,
      "rolling_sharpe": 0.14884928550255452,
      "sum_downside_r_squared": 17.378123492642768,
      "sum_r_squared": 57.77025198908811,
      "total_decisions": 40,
      "total_pnl_usd": 71.65513253495286,
      "total_r": 7.165513253495287,
      "win_rate": 0.5,
      "wins": 20
    },
    {
      "active": true,
      "agent_id": "funding-trend-v0",
      "expectancy_r": 0.4297,
      "gross_loss_r": 13,
      "gross_win_r": 24,
      "last_r": 1,
      "losses": 13,
      "max_drawdown_r": 3,
      "peak_cum_r": 13.084365000000002,
      "profit_factor": 1.8461538461538463,
      "rolling_sharpe": 0.37564000000000003,
      "sum_downside_r_squared": 13,
      "sum_r_squared": 49,
      "total_decisions": 29,
      "total_pnl_usd": 124.61300000000001,
      "total_r": 12.461300000000001,
      "win_rate": 0.5517241379310345,
      "wins": 16,
      "is_warmup": true
    },
    {
      "active": true,
      "agent_id": "funding-arb-v0",
      "expectancy_r": 0.3025,
      "gross_loss_r": 10,
      "gross_win_r": 16.5,
      "last_r": 1,
      "losses": 10,
      "max_drawdown_r": 3,
      "peak_cum_r": 6.6701250000000005,
      "profit_factor": 1.65,
      "rolling_sharpe": 0.28300000000000003,
      "sum_downside_r_squared": 10,
      "sum_r_squared": 34.75,
      "total_decisions": 21,
      "total_pnl_usd": 63.525,
      "total_r": 6.3525,
      "win_rate": 0.5238095238095238,
      "wins": 11,
      "is_warmup": true
    },
    {
      "active": true,
      "agent_id": "polyedge-v0",
      "expectancy_r": 0.5931000000000001,
      "gross_loss_r": 19,
      "gross_win_r": 52.5,
      "last_r": 1,
      "losses": 19,
      "max_drawdown_r": 3,
      "peak_cum_r": 33.62877000000001,
      "profit_factor": 2.763157894736842,
      "rolling_sharpe": 0.55172,
      "sum_downside_r_squared": 19,
      "sum_r_squared": 97.75,
      "total_decisions": 54,
      "total_pnl_usd": 320.27400000000006,
      "total_r": 32.02740000000001,
      "win_rate": 0.6481481481481481,
      "wins": 35,
      "is_warmup": true
    },
    {
      "active": true,
      "agent_id": "gen90-mut405-liq-trend-v1",
      "expectancy_r": 0.5451,
      "gross_loss_r": 22,
      "gross_win_r": 55.5,
      "last_r": 1,
      "losses": 22,
      "max_drawdown_r": 3,
      "peak_cum_r": 33.76894500000001,
      "profit_factor": 2.522727272727273,
      "rolling_sharpe": 0.47412,
      "sum_downside_r_squared": 22,
      "sum_r_squared": 105.25,
      "total_decisions": 59,
      "total_pnl_usd": 321.60900000000004,
      "total_r": 32.160900000000005,
      "win_rate": 0.6271186440677966,
      "wins": 37,
      "is_warmup": true
    },
    {
      "active": true,
      "agent_id": "gen90-mut406-liq-fade-v0",
      "expectancy_r": 0.4294,
      "gross_loss_r": 19,
      "gross_win_r": 42,
      "last_r": 1,
      "losses": 19,
      "max_drawdown_r": 3,
      "peak_cum_r": 21.19089,
      "profit_factor": 2.210526315789474,
      "rolling_sharpe": 0.39527999999999996,
      "sum_downside_r_squared": 19,
      "sum_r_squared": 82,
      "total_decisions": 47,
      "total_pnl_usd": 201.81799999999998,
      "total_r": 20.1818,
      "win_rate": 0.5957446808510638,
      "wins": 28,
      "is_warmup": true
    },
    {
      "active": true,
      "agent_id": "gen90-mut407-funding-trend-v1",
      "expectancy_r": 0.426,
      "gross_loss_r": 13,
      "gross_win_r": 22.5,
      "last_r": 1,
      "losses": 13,
      "max_drawdown_r": 3,
      "peak_cum_r": 12.5244,
      "profit_factor": 1.7307692307692308,
      "rolling_sharpe": 0.37120000000000003,
      "sum_downside_r_squared": 13,
      "sum_r_squared": 46.75,
      "total_decisions": 28,
      "total_pnl_usd": 119.27999999999999,
      "total_r": 11.927999999999999,
      "win_rate": 0.5357142857142857,
      "wins": 15,
      "is_warmup": true
    },
    {
      "active": true,
      "agent_id": "gen90-mut408-funding-arb-v1",
      "expectancy_r": 0.3131,
      "gross_loss_r": 11,
      "gross_win_r": 18,
      "last_r": 1,
      "losses": 11,
      "max_drawdown_r": 3,
      "peak_cum_r": 7.561365,
      "profit_factor": 1.6363636363636365,
      "rolling_sharpe": 0.29572000000000004,
      "sum_downside_r_squared": 11,
      "sum_r_squared": 38,
      "total_decisions": 23,
      "total_pnl_usd": 72.013,
      "total_r": 7.2013,
      "win_rate": 0.5217391304347826,
      "wins": 12,
      "is_warmup": true
    },
    {
      "active": true,
      "agent_id": "gen90-mut409-polyedge-v1",
      "expectancy_r": 0.5352,
      "gross_loss_r": 15,
      "gross_win_r": 34.5,
      "last_r": 1,
      "losses": 15,
      "max_drawdown_r": 3,
      "peak_cum_r": 21.354480000000002,
      "profit_factor": 2.3,
      "rolling_sharpe": 0.48224,
      "sum_downside_r_squared": 15,
      "sum_r_squared": 66.75,
      "total_decisions": 38,