{
  "agents": [
    {
      "active": true,
      "agent_id": "vol-breakout-v1",
      "expectancy_r": 0.8732930226290658,
      "gross_loss_r": 44.110155944576924,
      "gross_win_r": 157.63824888635548,
      "last_r": 1.8373806391931828,
      "losses": 43,
      "max_drawdown_r": 5.497204776236835,
      "peak_cum_r": 113.52809294177855,
      "profit_factor": 3.573740457513303,
      "rolling_sharpe": 0.6348283905951068,
      "sum_downside_r_squared": 47.7505208189035,
      "sum_r_squared": 343.25972083483043,
      "total_decisions": 130,
      "total_pnl_usd": 1135.2809294177855,
      "total_r": 113.52809294177855,
      "win_rate": 0.6692307692307692,
      "wins": 87
    },
    {
      "active": true,
      "agent_id": "vol-breakout-v0",
      "expectancy_r": 0.8021096060567977,
      "gross_loss_r": 71.28103557685549,
      "gross_win_r": 232.5050663942717,
      "last_r": 1.8465545045715737,
      "losses": 70,
      "max_drawdown_r": 5.04549615505735,
      "peak_cum_r": 161.22403081741635,
      "profit_factor": 3.261808200634008,
      "rolling_sharpe": 0.5820803079479405,
      "sum_downside_r_squared": 76.81106269398823,
      "sum_r_squared": 509.09892949327593,
      "total_decisions": 201,
      "total_pnl_usd": 1612.240308174163,
      "total_r": 161.22403081741635,
      "win_rate": 0.6517412935323383,
      "wins": 131
    },
    {
      "active": true,
      "agent_id": "gen2-mut25-vol-breakout-v0",
      "expectancy_r": 0.7363022914800867,
      "gross_loss_r": 60.32167892862992,
      "gross_win_r": 174.44853410804336,
      "last_r": 1.8373806391931828,
      "losses": 60,
      "max_drawdown_r": 5.5079571769171025,
      "peak_cum_r": 114.12685517941345,
      "profit_factor": 2.891970800654331,
      "rolling_sharpe": 0.5198338276687806,
      "sum_downside_r_squared": 64.5217089229447,
      "sum_r_squared": 392.9930699732051,
      "total_decisions": 155,
      "total_pnl_usd": 1141.268551794134,
      "total_r": 114.12685517941345,
      "win_rate": 0.6129032258064516,
      "wins": 95
    },
    {
      "active": true,
      "agent_id": "gen19-mut261-liq-fade-v0",
      "expectancy_r": 0.1898983418062527,
      "gross_loss_r": 5.838854126194359,
      "gross_win_r": 9.446922620513162,
      "last_r": 0.1490529008633311,
      "losses": 8,
      "max_drawdown_r": 3.5497876891067617,
      "peak_cum_r": 7.008803282562232,
      "profit_factor": 1.6179411946827424,
      "rolling_sharpe": 0.1832339303755192,
      "sum_downside_r_squared": 5.641990359066757,
      "sum_r_squared": 20.01833558424041,
      "total_decisions": 19,
      "total_pnl_usd": 36.080684943188,
      "total_r": 3.6080684943188013,
      "win_rate": 0.5789473684210527,
      "wins": 11
    },
    {
      "active": true,
      "agent_id": "gen8-mut106-liq-trend-v1",
      "expectancy_r": 0.1791378313373821,
      "gross_loss_r": 17.13778818173334,
      "gross_win_r": 24.303301435228626,
      "last_r": -1.0578151640546016,
      "losses": 20,
      "max_drawdown_r": 8.459410640376621,
      "peak_cum_r": 11.481274172409922,
      "profit_factor": 1.418111904378232,
      "rolling_sharpe": 0.1488492855025544,
      "sum_downside_r_squared": 17.378123492642768,
      "sum_r_squared": 57.77025198908812,
      "total_decisions": 40,
      "total_pnl_usd": 71.65513253495286,
      "total_r": 7.165513253495283,
      "win_rate": 0.5,
      "wins": 20
    },
    {
      "active": true,
      "agent_id": "gen29-mut405-liq-fade-v0",
      "expectancy_r": 0.1490529008633311,
      "gross_loss_r": 0.0,
      "gross_win_r": 0.1490529008633311,
      "last_r": 0.1490529008633311,
      "losses": 0,
      "max_drawdown_r": 0.0,
      "peak_cum_r": 0.1490529008633311,
      "profit_factor": null,
      "rolling_sharpe": 0.0,
      "sum_downside_r_squared": 0.0,
      "sum_r_squared": 0.022216767255774005,
      "total_decisions": 1,
      "total_pnl_usd": 1.490529008633311,
      "total_r": 0.1490529008633311,
      "win_rate": 1.0,
      "wins": 1
    },
    {
      "active": true,
      "agent_id": "funding-trend-v0",
      "expectancy_r": 0.0,
      "gross_loss_r": 0.0,
      "gross_win_r": 0.0,
      "last_r": 0.0,
      "losses": 0,
      "max_drawdown_r": 0.0,
      "peak_cum_r": 0.0,
      "profit_factor": 0.0,
      "rolling_sharpe": 0.0,
      "sum_downside_r_squared": 0.0,
      "sum_r_squared": 0.0,
      "total_decisions": 0,
      "total_pnl_usd": 0.0,
      "total_r": 0.0,
      "win_rate": 0.0,
      "wins": 0
    },
    {
      "active": true,
      "agent_id": "funding-arb-v0",
      "expectancy_r": 0.0,
      "gross_loss_r": 0.0,
      "gross_win_r": 0.0,
      "last_r": 0.0,
      "losses": 0,
      "max_drawdown_r": 0.0,
      "peak_cum_r": 0.0,
      "profit_factor": 0.0,
      "rolling_sharpe": 0.0,
      "sum_downside_r_squared": 0.0,
      "sum_r_squared": 0.0,
      "total_decisions": 0,
      "total_pnl_usd": 0.0,
      "total_r": 0.0,
      "win_rate": 0.0,
      "wins": 0
    },
    {
      "active": true,
      "agent_id": "polyedge-v0",
      "expectancy_r": 0.0,
      "gross_loss_r": 0.0,
      "gross_win_r": 0.0,
      "last_r": 0.0,
      "losses": 0,
      "max_drawdown_r": 0.0,
      "peak_cum_r": 0.0,
      "profit_factor": 0.0,
      "rolling_sharpe": 0.0,
      "sum_downside_r_squared": 0.0,
      "sum_r_squared": 0.0,
      "total_decisions": 0,
      "total_pnl_usd": 0.0,
      "total_r": 0.0,
      "win_rate": 0.0,
      "wins": 0
    },
    {
      "active": true,
      "agent_id": "gen29-mut395-liq-fade-v0",
      "expectancy_r": 0.0,
      "gross_loss_r": 0.0,
      "gross_win_r": 0.0,
      "last_r": 0.0,
      "losses": 0,
      "max_drawdown_r": 0.0,
      "peak_cum_r": 0.0,
      "profit_factor": 0.0,
      "rolling_sharpe": 0.0,
      "sum_downside_r_squared": 0.0,
      "sum_r_squared": 0.0,
      "total_decisions": 0,
      "total_pnl_usd": 0.0,
      "total_r": 0.0,
      "win_rate": 0.0,
      "wins": 0
    },
    {
      "active": true,
      "agent_id": "gen29-mut396-funding-trend-v1",
      "expectancy_r": 0.0,
      "gross_loss_r": 0.0,
      "gross_win_r": 0.0,
      "last_r": 0.0,
      "losses": 0,
      "max_drawdown_r": 0.0,
      "peak_cum_r": 0.0,
      "profit_factor": 0.0,
      "rolling_sharpe": 0.0,
      "sum_downside_r_squared": 0.0,
      "sum_r_squared": 0.0,
      "total_decisions": 0,
      "total_pnl_usd": 0.0,
      "total_r": 0.0,
      "win_rate": 0.0,
      "wins": 0
    },
    {
      "active": true,
      "agent_id": "gen29-mut397-funding-arb-v1",
      "expectancy_r": 0.0,
      "gross_loss_r": 0.0,
      "gross_win_r": 0.0,
      "last_r": 0.0,
      "losses": 0,
      "max_drawdown_r": 0.0,
      "peak_cum_r": 0.0,
      "profit_factor": 0.0,
      "rolling_sharpe": 0.0,
      "sum_downside_r_squared": 0.0,
      "sum_r_squared": 0.0,
      "total_decisions": 0,
      "total_pnl_usd": 0.0,
      "total_r": 0.0,
      "win_rate": 0.0,
      "wins": 0
    },
    {
      "active": true,
      "agent_id": "gen29-mut398-polyedge-v1",
      "expectancy_r": 0.0,
      "gross_loss_r": 0.0,
      "gross_win_r": 0.0,
      "last_r": 0.0,
      "losses": 0,
      "max_drawdown_r": 0.0,
      "peak_cum_r": 0.0,
      "profit_factor": 0.0,
      "rolling_sharpe": 0.0,
      "sum_downside_r_squared": 0.0,
      "sum_r_squared": 0.0,
      "total_decisions": 0,
      "total_pnl_usd": 0.0,
      "total_r": 0.0,
      "win_rate": 0.0,
      "wins": 0
    },
    {
      "active": true,
      "agent_id": "gen29-mut401-funding-trend-v0",
      "expectancy_r": 0.0,
      "gross_loss_r": 0.0,
      "gross_win_r": 0.0,
      "last_r": 0.0,
      "losses": 0,
      "max_drawdown_r": 0.0,
      "peak_cum_r": 0.0,
      "profit_factor": 0.0,
      "rolling_sharpe": 0.0,
      "sum_downside_r_squared": 0.0,
      "sum_r_squared": 0.0,
      "total_decisions": 0,
      "total_pnl_usd": 0.0,
      "total_r": 0.0,
      "win_rate": 0.0,
      "wins": 0
    },
    {
      "active": true,