{
  "agents": [
    {
      "active": true,
      "agent_id": "vol-breakout-v1",
      "expectancy_r": 0.873289005085201,
      "gross_loss_r": 44.11015594457692,
      "gross_win_r": 157.63772660565309,
      "last_r": 1.8725203953201763,
      "losses": 43,
      "max_drawdown_r": 5.497204776236835,
      "peak_cum_r": 113.52757066107613,
      "profit_factor": 3.573728617140237,
      "rolling_sharpe": 0.634826822139661,
      "sum_downside_r_squared": 47.7505208189035,
      "sum_r_squared": 343.2577688001026,
      "total_decisions": 130,
      "total_pnl_usd": 1135.2757066107617,
      "total_r": 113.52757066107613,
      "win_rate": 0.6692307692307692,
      "wins": 87
    },
    {
      "active": true,
      "agent_id": "vol-breakout-v0",
      "expectancy_r": 0.802107007645343,
      "gross_loss_r": 71.28103557685549,
      "gross_win_r": 232.5045441135693,
      "last_r": 1.837386910856674,
      "losses": 70,
      "max_drawdown_r": 5.04549615505735,
      "peak_cum_r": 161.22350853671395,
      "profit_factor": 3.2618008735701096,
      "rolling_sharpe": 0.5820792761571811,
      "sum_downside_r_squared": 76.81106269398823,
      "sum_r_squared": 509.0969774585481,
      "total_decisions": 201,
      "total_pnl_usd": 1612.2350853671392,
      "total_r": 161.22350853671395,
      "win_rate": 0.6517412935323383,
      "wins": 131
    },
    {
      "active": true,
      "agent_id": "gen2-mut25-vol-breakout-v0",
      "expectancy_r": 0.7362989219271682,
      "gross_loss_r": 60.32167892862992,
      "gross_win_r": 174.448011827341,
      "last_r": 1.8465074058368494,
      "losses": 60,
      "max_drawdown_r": 5.5079571769171025,
      "peak_cum_r": 114.12633289871107,
      "profit_factor": 2.8919621423956148,
      "rolling_sharpe": 0.5198324438895989,
      "sum_downside_r_squared": 64.5217089229447,
      "sum_r_squared": 392.99111793847726,
      "total_decisions": 155,
      "total_pnl_usd": 1141.26332898711,
      "total_r": 114.12633289871107,
      "win_rate": 0.6129032258064516,
      "wins": 95
    },
    {
      "active": true,
      "agent_id": "gen19-mut261-liq-fade-v0",
      "expectancy_r": 0.19858165780672815,
      "gross_loss_r": 5.838854126194359,
      "gross_win_r": 9.611905624522194,
      "last_r": 0.3140359048723646,
      "losses": 8,
      "max_drawdown_r": 3.5497876891067617,
      "peak_cum_r": 7.008803282562232,
      "profit_factor": 1.6461972532249285,
      "rolling_sharpe": 0.1915515391210303,
      "sum_downside_r_squared": 5.641990359066757,
      "sum_r_squared": 20.094737366533643,
      "total_decisions": 19,
      "total_pnl_usd": 37.73051498327833,
      "total_r": 3.7730514983278347,
      "win_rate": 0.5789473684210527,
      "wins": 11
    },
    {
      "active": true,
      "agent_id": "gen8-mut106-liq-trend-v1",
      "expectancy_r": 0.17913783133738218,
      "gross_loss_r": 17.13778818173334,
      "gross_win_r": 24.303301435228626,
      "last_r": -1.0578151640546016,
      "losses": 20,
      "max_drawdown_r": 8.459410640376621,
      "peak_cum_r": 11.481274172409925,
      "profit_factor": 1.418111904378232,
      "rolling_sharpe": 0.14884928550255452,
      "sum_downside_r_squared": 17.378123492642768,
      "sum_r_squared": 57.770251989088116,
      "total_decisions": 40,
      "total_pnl_usd": 71.65513253495286,
      "total_r": 7.165513253495287,
      "win_rate": 0.5,
      "wins": 20
    },
    {
      "active": true,
      "agent_id": "gen29-mut405-liq-fade-v0",
      "expectancy_r": 0.3140359048723646,
      "gross_loss_r": 0.0,
      "gross_win_r": 0.3140359048723646,
      "last_r": 0.3140359048723646,
      "losses": 0,
      "max_drawdown_r": 0.0,
      "peak_cum_r": 0.3140359048723646,
      "profit_factor": null,
      "rolling_sharpe": 0.0,
      "sum_downside_r_squared": 0.0,
      "sum_r_squared": 0.09861854954900483,
      "total_decisions": 1,
      "total_pnl_usd": 3.140359048723646,
      "total_r": 0.3140359048723646,
      "win_rate": 1.0,
      "wins": 1
    },
    {
      "active": true,
      "agent_id": "funding-trend-v0",
      "expectancy_r": 0.0,
      "gross_loss_r": 0.0,
      "gross_win_r": 0.0,
      "last_r": 0.0,
      "losses": 0,
      "max_drawdown_r": 0.0,
      "peak_cum_r": 0.0,
      "profit_factor": 0.0,
      "rolling_sharpe": 0.0,
      "sum_downside_r_squared": 0.0,
      "sum_r_squared": 0.0,
      "total_decisions": 0,
      "total_pnl_usd": 0.0,
      "total_r": 0.0,
      "win_rate": 0.0,
      "wins": 0
    },
    {
      "active": true,
      "agent_id": "funding-arb-v0",
      "expectancy_r": 0.0,
      "gross_loss_r": 0.0,
      "gross_win_r": 0.0,
      "last_r": 0.0,
      "losses": 0,
      "max_drawdown_r": 0.0,
      "peak_cum_r": 0.0,
      "profit_factor": 0.0,
      "rolling_sharpe": 0.0,
      "sum_downside_r_squared": 0.0,
      "sum_r_squared": 0.0,
      "total_decisions": 0,
      "total_pnl_usd": 0.0,
      "total_r": 0.0,
      "win_rate": 0.0,
      "wins": 0
    },
    {
      "active": true,
      "agent_id": "polyedge-v0",
      "expectancy_r": 0.0,
      "gross_loss_r": 0.0,
      "gross_win_r": 0.0,
      "last_r": 0.0,
      "losses": 0,
      "max_drawdown_r": 0.0,
      "peak_cum_r": 0.0,
      "profit_factor": 0.0,
      "rolling_sharpe": 0.0,
      "sum_downside_r_squared": 0.0,
      "sum_r_squared": 0.0,
      "total_decisions": 0,
      "total_pnl_usd": 0.0,
      "total_r": 0.0,
      "win_rate": 0.0,
      "wins": 0
    },
    {
      "active": true,
      "agent_id": "gen29-mut395-liq-fade-v0",
      "expectancy_r": 0.0,
      "gross_loss_r": 0.0,
      "gross_win_r": 0.0,
      "last_r": 0.0,
      "losses": 0,
      "max_drawdown_r": 0.0,
      "peak_cum_r": 0.0,
      "profit_factor": 0.0,
      "rolling_sharpe": 0.0,
      "sum_downside_r_squared": 0.0,
      "sum_r_squared": 0.0,
      "total_decisions": 0,
      "total_pnl_usd": 0.0,
      "total_r": 0.0,
      "win_rate": 0.0,
      "wins": 0
    },
    {
      "active": true,
      "agent_id": "gen29-mut396-funding-trend-v1",
      "expectancy_r": 0.0,
      "gross_loss_r": 0.0,
      "gross_win_r": 0.0,
      "last_r": 0.0,
      "losses": 0,
      "max_drawdown_r": 0.0,
      "peak_cum_r": 0.0,
      "profit_factor": 0.0,
      "rolling_sharpe": 0.0,
      "sum_downside_r_squared": 0.0,
      "sum_r_squared": 0.0,
      "total_decisions": 0,
      "total_pnl_usd": 0.0,
      "total_r": 0.0,
      "win_rate": 0.0,
      "wins": 0
    },
    {
      "active": true,
      "agent_id": "gen29-mut397-funding-arb-v1",
      "expectancy_r": 0.0,
      "gross_loss_r": 0.0,
      "gross_win_r": 0.0,
      "last_r": 0.0,
      "losses": 0,
      "max_drawdown_r": 0.0,
      "peak_cum_r": 0.0,
      "profit_factor": 0.0,
      "rolling_sharpe": 0.0,
      "sum_downside_r_squared": 0.0,
      "sum_r_squared": 0.0,
      "total_decisions": 0,
      "total_pnl_usd": 0.0,
      "total_r": 0.0,
      "win_rate": 0.0,
      "wins": 0
    },
    {
      "active": true,
      "agent_id": "gen29-mut398-polyedge-v1",
      "expectancy_r": 0.0,
      "gross_loss_r": 0.0,
      "gross_win_r": 0.0,
      "last_r": 0.0,
      "losses": 0,
      "max_drawdown_r": 0.0,
      "peak_cum_r": 0.0,
      "profit_factor": 0.0,
      "rolling_sharpe": 0.0,
      "sum_downside_r_squared": 0.0,
      "sum_r_squared": 0.0,
      "total_decisions": 0,
      "total_pnl_usd": 0.0,
      "total_r": 0.0,
      "win_rate": 0.0,
      "wins": 0
    },
    {
      "active": true,
      "agent_id": "gen29-mut401-funding-trend-v0",
      "expectancy_r": 0.0,
      "gross_loss_r": 0.0,
      "gross_win_r": 0.0,
      "last_r": 0.0,
      "losses": 0,
      "max_drawdown_r": 0.0,
      "peak_cum_r": 0.0,
      "profit_factor": 0.0,
      "rolling_sharpe": 0.0,
      "sum_downside_r_squared": 0.0,
      "sum_r_squared": 0.0,
      "total_decisions": 0,
      "total_pnl_usd": 0.0,
      "total_r": 0.0,
      "win_rate": 0.0,
      "wins": 0
    },
    {
      "active": true,