{"marketSummary":{"event_id":"3506","condition_id":["0xe0658c4beed2102c181b3987edff5edd578ad2952a6eb5fa8018925e5d7a48fd"],"total_open_positions":25,"total_closed_positions":1890,"total_cost_basis":3.2877515362184998e+06,"total_size":1.3278317319730995e+07,"largest_open_position":6.517160129311998e+06,"total_split_count":10516,"total_merge_count":6370,"total_transfer_in_count":10523,"total_transfer_out_count":10523,"median_hold_duration":1.9340026e+07,"mean_hold_duration":1.5813372224219989e+07,"realized_pnl_min":-7.865106637885602e+06,"realized_pnl_max":5.740012643231001e+06,"realized_pnl_distribution":[-7.865106637885602e+06,-0.0004640700000001232,0,0,0,0,0,0,0,0,0,0,0,0,0,0,0,0,0,0,0,0,0,0,0,0,0,0,0,0,0,0,0,0,0,0,0,0,0,0,0,0,0,0,0,0,0,0,0.004424200000000001,0.004998999999999754,0.004999,0.004999,0.004999,0.004999999999922124,0.004999999999999698,0.0049999999999999975,0.0049999999999999975,0.0049999999999999975,0.0049999999999999975,0.0049999999999999975,0.005000000000000001,0.005000000000013501,0.0050009999999999985,0.0050009999999999985,0.0050009999999999985,0.0050009999999999985,0.0050009999999999985,0.0050009999999999985,0.0050009999999999985,0.0050009999999999985,0.005001000000000033,0.005001999999491318,0.0050019999999999995,0.0050019999999999995,0.005002000000000333,0.005002999999999997,0.0050030000000000005,0.005003999999999998,0.005003999999999998,0.005004,0.005004999999999999,0.005005000000000002,0.02702471999999977,0.08465381,0.18793447999998755,0.9774607999999982,0.9875942000000001,1.4782852199999994,2.895303360000001,9.447513760000009,22.662117050000024,42.58716966500023,115.41884054000022,395.2592025350006,642.6806325299999,1170.814592225,1824.0363070999997,6320.507612499988,14243.85263083999,74042.54808001958],"win_rate":0.5288259958071279,"avg_size":48280.608293311605,"outcome_pricing":[{"condition_id":"0xe0658c4beed2102c181b3987edff5edd578ad2952a6eb5fa8018925e5d7a48fd","token_id":"111299642775108135148113523472260651188510255643046337855221699185339755388694","outcome_name":"Republican","weighted_avg_entry_price":5.283318038929714e-06,"weighted_avg_exit_price":0.1733132532287334,"open_pos_avg_price_distribution":[10,0,0,0,0,0,0,0,0,0,0,0,0,0,0,0,0,0,0,0,0,0,0,0,0,0,0,0,0,0,0,0,0,0,0,0,0,0,0,0,0,0,0,0,0,0,0,0,0,0,3,0,0,0,0,0,0,0,0,0,0,0,0,0,0,0,0,0,0,0,0,0,0,0,0,0,0,0,0,0,0,0,0,0,0,0,0,0,0,0,0,0,0,0,0,0,0,0,0,0,0],"closed_pos_avg_exit_price_distribution":[872,1,2,1,1,0,1,1,1,1,0,0,1,3,0,0,2,1,1,0,0,0,1,1,1,2,1,2,0,0,0,2,1,2,0,2,1,2,3,1,1,1,0,2,2,3,5,1,6,11,24,0,0,0,0,0,0,0,0,0,0,0,0,0,0,0,0,0,0,0,0,0,0,0,0,0,0,0,0,0,0,0,0,0,0,0,0,0,0,0,0,0,0,0,0,0,0,0,0,0,0]},{"condition_id":"0xe0658c4beed2102c181b3987edff5edd578ad2952a6eb5fa8018925e5d7a48fd","token_id":"69984203794322070924779554468751071533998686576952069110752844084141678897886","outcome_name":"Democratic","weighted_avg_entry_price":0.49999998379977273,"weighted_avg_exit_price":0.29762704432736364,"open_pos_avg_price_distribution":[9,0,0,0,0,0,0,0,0,0,0,0,0,0,0,0,0,0,0,0,0,0,0,0,0,0,0,0,0,0,0,0,0,0,0,0,0,0,0,0,0,0,0,0,0,0,0,0,0,0,3,0,0,0,0,0,0,0,0,0,0,0,0,0,0,0,0,0,0,0,0,0,0,0,0,0,0,0,0,0,0,0,0,0,0,0,0,0,0,0,0,0,0,0,0,0,0,0,0,0,0],"closed_pos_avg_exit_price_distribution":[172,2,0,2,0,1,0,1,0,0,8,55,1,0,0,1,0,1,0,3,1,5,0,424,2,7,1,1,0,1,1,2,0,1,1,0,2,3,2,1,2,1,2,1,0,4,1,3,5,11,27,2,0,0,1,1,2,0,1,0,0,0,0,0,1,0,0,0,0,0,0,0,0,1,0,0,0,0,0,0,0,0,0,1,1,1,0,0,0,0,0,0,1,0,0,0,0,0,1,0,168]}]}}