{"traderProfile":{"wallet_address":"0xf1302aafc43aa3a69bcd8058fc7a0259dac246ab","total_position_count":1047,"closed_position_count":1047,"total_size":1.9327389717371872e+08,"total_realized_pnl":9.49165202155992e+07,"win_rate_by_positions":80.70678127984718,"largest_win":5.740012643231001e+06,"largest_loss":-48.26,"avg_holding_duration":3429946,"total_closed_pos_value":1.9327389717371872e+08}}