{
  "agents": [
    {
      "active": true,
      "agent_id": "gen411-mut277-funding-trend-v1",
      "expectancy_r": 0.5657020754564711,
      "gross_loss_r": 1.3361785193663374,
      "gross_win_r": 7.558901349387519,
      "last_r": 1.8373057084905948,
      "losses": 2,
      "max_drawdown_r": 1.336178519366337,
      "peak_cum_r": 6.222722830021182,
      "profit_factor": 5.657104376271678,
      "rolling_sharpe": 0.6610995792896527,
      "sum_downside_r_squared": 1.2420774844630906,
      "sum_r_squared": 10.84241051602328,
      "total_decisions": 11,
      "total_pnl_usd": 62.22722830021182,
      "total_r": 6.222722830021182,
      "win_rate": 0.8181818181818182,
      "wins": 9
    },
    {
      "active": true,
      "agent_id": "vol-breakout-v1",
      "expectancy_r": 0.8732864580155798,
      "gross_loss_r": 617.5421832240769,
      "gross_win_r": 2206.923536812434,
      "last_r": 1.8591339151130082,
      "losses": 602,
      "max_drawdown_r": 5.49720477623714,
      "peak_cum_r": 1589.3813535883553,
      "profit_factor": 3.5737211105004723,
      "rolling_sharpe": 0.6371065650158096,
      "sum_downside_r_squared": 668.5072914646483,
      "sum_r_squared": 4805.591184054881,
      "total_decisions": 1820,
      "total_pnl_usd": 15893.813535883599,
      "total_r": 1589.3813535883553,
      "win_rate": 0.6692307692307692,
      "wins": 1218
    },
    {
      "active": true,
      "agent_id": "vol-breakout-v0",
      "expectancy_r": 0.80210536028688,
      "gross_loss_r": 997.9344980759747,
      "gross_win_r": 3255.058981923265,
      "last_r": 1.8377889238327885,
      "losses": 980,
      "max_drawdown_r": 5.374687353202262,
      "peak_cum_r": 2257.1244838472803,
      "profit_factor": 3.261796228308615,
      "rolling_sharpe": 0.5834283250649134,
      "sum_downside_r_squared": 1075.3548777158353,
      "sum_r_squared": 7127.340105273099,
      "total_decisions": 2814,
      "total_pnl_usd": 22571.2448384728,
      "total_r": 2257.1244838472803,
      "win_rate": 0.6517412935323383,
      "wins": 1834
    },
    {
      "active": true,
      "agent_id": "gen2-mut25-vol-breakout-v0",
      "expectancy_r": 0.7947271811621173,
      "gross_loss_r": 871.6062182326227,
      "gross_win_r": 2740.8045483259184,
      "last_r": 1.837819482668835,
      "losses": 866,
      "max_drawdown_r": 5.507957176917216,
      "peak_cum_r": 1869.1983300932998,
      "profit_factor": 3.1445445098860296,
      "rolling_sharpe": 0.5671591250853922,
      "sum_downside_r_squared": 931.5693028347216,
      "sum_r_squared": 6101.642119128236,
      "total_decisions": 2352,
      "total_pnl_usd": 18691.98330093302,
      "total_r": 1869.1983300932998,
      "win_rate": 0.6318027210884354,
      "wins": 1486
    },
    {
      "active": true,
      "agent_id": "gen390-mut413-liq-trend-v1",
      "expectancy_r": 0.2221774287063078,
      "gross_loss_r": 17.34006118168722,
      "gross_win_r": 26.893690616058453,
      "last_r": -1.0856954789845685,
      "losses": 18,
      "max_drawdown_r": 10.655600583054223,
      "peak_cum_r": 13.949118988758325,
      "profit_factor": 1.550957077617511,
      "rolling_sharpe": 0.18805210864981428,
      "sum_downside_r_squared": 18.11822971190025,
      "sum_r_squared": 60.7489361664512,
      "total_decisions": 43,
      "total_pnl_usd": 95.53629434371237,
      "total_r": 9.553629434371235,
      "win_rate": 0.5813953488372093,
      "wins": 25
    },
    {
      "active": true,
      "agent_id": "gen33-mut40-liq-fade-v0",
      "expectancy_r": 0.18297121513098635,
      "gross_loss_r": 12.968555825523156,
      "gross_win_r": 19.921462000500632,
      "last_r": -1.160831620355443,
      "losses": 17,
      "max_drawdown_r": 8.02040477993566,
      "peak_cum_r": 9.26253915118954,
      "profit_factor": 1.5361357323452778,
      "rolling_sharpe": 0.17768505655197506,
      "sum_downside_r_squared": 12.848010606994496,
      "sum_r_squared": 40.50644107489357,
      "total_decisions": 38,
      "total_pnl_usd": 69.52906174977483,
      "total_r": 6.952906174977482,
      "win_rate": 0.5526315789473685,
      "wins": 21
    },
    {
      "active": true,
      "agent_id": "funding-arb-v0",
      "expectancy_r": 0.0,
      "gross_loss_r": 0.0,
      "gross_win_r": 0.0,
      "last_r": 0.0,
      "losses": 0,
      "max_drawdown_r": 0.0,
      "peak_cum_r": 0.0,
      "profit_factor": 0.0,
      "rolling_sharpe": 0.0,
      "sum_downside_r_squared": 0.0,
      "sum_r_squared": 0.0,
      "total_decisions": 0,
      "total_pnl_usd": 0.0,
      "total_r": 0.0,
      "win_rate": 0.0,
      "wins": 0
    },
    {
      "active": true,
      "agent_id": "polyedge-v0",
      "expectancy_r": 0.0,
      "gross_loss_r": 0.0,
      "gross_win_r": 0.0,
      "last_r": 0.0,
      "losses": 0,
      "max_drawdown_r": 0.0,
      "peak_cum_r": 0.0,
      "profit_factor": 0.0,
      "rolling_sharpe": 0.0,
      "sum_downside_r_squared": 0.0,
      "sum_r_squared": 0.0,
      "total_decisions": 0,
      "total_pnl_usd": 0.0,
      "total_r": 0.0,
      "win_rate": 0.0,
      "wins": 0
    },
    {
      "active": true,
      "agent_id": "gen420-mut398-liq-trend-v1",
      "expectancy_r": 0.0,
      "gross_loss_r": 0.0,
      "gross_win_r": 0.0,
      "last_r": 0.0,
      "losses": 0,
      "max_drawdown_r": 0.0,
      "peak_cum_r": 0.0,
      "profit_factor": 0.0,
      "rolling_sharpe": 0.0,
      "sum_downside_r_squared": 0.0,
      "sum_r_squared": 0.0,
      "total_decisions": 0,
      "total_pnl_usd": 0.0,
      "total_r": 0.0,
      "win_rate": 0.0,
      "wins": 0
    },
    {
      "active": true,
      "agent_id": "gen420-mut399-liq-fade-v0",
      "expectancy_r": 0.0,
      "gross_loss_r": 0.0,
      "gross_win_r": 0.0,
      "last_r": 0.0,
      "losses": 0,
      "max_drawdown_r": 0.0,
      "peak_cum_r": 0.0,
      "profit_factor": 0.0,
      "rolling_sharpe": 0.0,
      "sum_downside_r_squared": 0.0,
      "sum_r_squared": 0.0,
      "total_decisions": 0,
      "total_pnl_usd": 0.0,
      "total_r": 0.0,
      "win_rate": 0.0,
      "wins": 0
    },
    {
      "active": true,
      "agent_id": "gen420-mut400-funding-trend-v0",
      "expectancy_r": 0.0,
      "gross_loss_r": 0.0,
      "gross_win_r": 0.0,
      "last_r": 0.0,
      "losses": 0,
      "max_drawdown_r": 0.0,
      "peak_cum_r": 0.0,
      "profit_factor": 0.0,
      "rolling_sharpe": 0.0,
      "sum_downside_r_squared": 0.0,
      "sum_r_squared": 0.0,
      "total_decisions": 0,
      "total_pnl_usd": 0.0,
      "total_r": 0.0,
      "win_rate": 0.0,
      "wins": 0
    },
    {
      "active": true,
      "agent_id": "gen420-mut401-funding-arb-v1",
      "expectancy_r": 0.0,
      "gross_loss_r": 0.0,
      "gross_win_r": 0.0,
      "last_r": 0.0,
      "losses": 0,
      "max_drawdown_r": 0.0,
      "peak_cum_r": 0.0,
      "profit_factor": 0.0,
      "rolling_sharpe": 0.0,
      "sum_downside_r_squared": 0.0,
      "sum_r_squared": 0.0,
      "total_decisions": 0,
      "total_pnl_usd": 0.0,
      "total_r": 0.0,
      "win_rate": 0.0,
      "wins": 0
    },
    {
      "active": true,
      "agent_id": "gen420-mut402-polyedge-v1",
      "expectancy_r": 0.0,
      "gross_loss_r": 0.0,
      "gross_win_r": 0.0,
      "last_r": 0.0,
      "losses": 0,
      "max_drawdown_r": 0.0,
      "peak_cum_r": 0.0,
      "profit_factor": 0.0,
      "rolling_sharpe": 0.0,
      "sum_downside_r_squared": 0.0,
      "sum_r_squared": 0.0,
      "total_decisions": 0,
      "total_pnl_usd": 0.0,
      "total_r": 0.0,
      "win_rate": 0.0,
      "wins": 0
    },
    {
      "active": true,
      "agent_id": "gen420-mut403-liq-trend-v1",
      "expectancy_r": 0.0,
      "gross_loss_r": 0.0,
      "gross_win_r": 0.0,
      "last_r": 0.0,
      "losses": 0,
      "max_drawdown_r": 0.0,
      "peak_cum_r": 0.0,
      "profit_factor": 0.0,
      "rolling_sharpe": 0.0,
      "sum_downside_r_squared": 0.0,
      "sum_r_squared": 0.0,
      "total_decisions": 0,