{
  "agents": [
    {
      "active": true,
      "agent_id": "vol-breakout-v1",
      "expectancy_r": 0.8732864580155807,
      "gross_loss_r": 485.2117153903464,
      "gross_win_r": 1734.0113503526277,
      "last_r": 1.8377889238327885,
      "losses": 473,
      "max_drawdown_r": 5.49720477623714,
      "peak_cum_r": 1248.7996349622804,
      "profit_factor": 3.573721110500472,
      "rolling_sharpe": 0.6370588017257247,
      "sum_downside_r_squared": 525.2557290079378,
      "sum_r_squared": 3775.821644614547,
      "total_decisions": 1430,
      "total_pnl_usd": 12487.99634962282,
      "total_r": 1248.7996349622804,
      "win_rate": 0.6692307692307692,
      "wins": 957
    },
    {
      "active": true,
      "agent_id": "vol-breakout-v0",
      "expectancy_r": 0.8021053602868795,
      "gross_loss_r": 784.0913913454089,
      "gross_win_r": 2557.5463429397064,
      "last_r": 1.8591339151130082,
      "losses": 770,
      "max_drawdown_r": 5.374687353202262,
      "peak_cum_r": 1773.4549515942906,
      "profit_factor": 3.261796228308612,
      "rolling_sharpe": 0.5834000419734079,
      "sum_downside_r_squared": 844.9216896338701,
      "sum_r_squared": 5600.052939857442,
      "total_decisions": 2211,
      "total_pnl_usd": 17734.54951594294,
      "total_r": 1773.4549515942906,
      "win_rate": 0.6517412935323383,
      "wins": 1441
    },
    {
      "active": true,
      "agent_id": "gen2-mut25-vol-breakout-v0",
      "expectancy_r": 0.7935945284576913,
      "gross_loss_r": 684.3867091624712,
      "gross_win_r": 2148.5686141669103,
      "last_r": 1.837819482668835,
      "losses": 680,
      "max_drawdown_r": 5.507957176917216,
      "peak_cum_r": 1464.1819050044405,
      "profit_factor": 3.1394072757436424,
      "rolling_sharpe": 0.5662226147427717,
      "sum_downside_r_squared": 731.4813965473884,
      "sum_r_squared": 4784.261816268767,
      "total_decisions": 1845,
      "total_pnl_usd": 14641.819050044383,
      "total_r": 1464.1819050044405,
      "win_rate": 0.6314363143631436,
      "wins": 1165
    },
    {
      "active": true,
      "agent_id": "gen33-mut40-liq-fade-v0",
      "expectancy_r": 0.18297121513098635,
      "gross_loss_r": 12.968555825523156,
      "gross_win_r": 19.921462000500632,
      "last_r": -1.160831620355443,
      "losses": 17,
      "max_drawdown_r": 8.02040477993566,
      "peak_cum_r": 9.26253915118954,
      "profit_factor": 1.5361357323452778,
      "rolling_sharpe": 0.17768505655197503,
      "sum_downside_r_squared": 12.848010606994494,
      "sum_r_squared": 40.50644107489359,
      "total_decisions": 38,
      "total_pnl_usd": 69.52906174977483,
      "total_r": 6.952906174977482,
      "win_rate": 0.5526315789473685,
      "wins": 21
    },
    {
      "active": true,
      "agent_id": "gen8-mut106-liq-trend-v1",
      "expectancy_r": 0.17913783133738218,
      "gross_loss_r": 17.13778818173334,
      "gross_win_r": 24.303301435228622,
      "last_r": -1.0578151640546016,
      "losses": 20,
      "max_drawdown_r": 8.459410640376621,
      "peak_cum_r": 11.481274172409924,
      "profit_factor": 1.418111904378232,
      "rolling_sharpe": 0.14884928550255452,
      "sum_downside_r_squared": 17.378123492642768,
      "sum_r_squared": 57.77025198908811,
      "total_decisions": 40,
      "total_pnl_usd": 71.65513253495286,
      "total_r": 7.165513253495287,
      "win_rate": 0.5,
      "wins": 20
    },
    {
      "active": true,
      "agent_id": "funding-trend-v0",
      "expectancy_r": 0.0,
      "gross_loss_r": 0.0,
      "gross_win_r": 0.0,
      "last_r": 0.0,
      "losses": 0,
      "max_drawdown_r": 0.0,
      "peak_cum_r": 0.0,
      "profit_factor": 0.0,
      "rolling_sharpe": 0.0,
      "sum_downside_r_squared": 0.0,
      "sum_r_squared": 0.0,
      "total_decisions": 0,
      "total_pnl_usd": 0.0,
      "total_r": 0.0,
      "win_rate": 0.0,
      "wins": 0
    },
    {
      "active": true,
      "agent_id": "funding-arb-v0",
      "expectancy_r": 0.0,
      "gross_loss_r": 0.0,
      "gross_win_r": 0.0,
      "last_r": 0.0,
      "losses": 0,
      "max_drawdown_r": 0.0,
      "peak_cum_r": 0.0,
      "profit_factor": 0.0,
      "rolling_sharpe": 0.0,
      "sum_downside_r_squared": 0.0,
      "sum_r_squared": 0.0,
      "total_decisions": 0,
      "total_pnl_usd": 0.0,
      "total_r": 0.0,
      "win_rate": 0.0,
      "wins": 0
    },
    {
      "active": true,
      "agent_id": "polyedge-v0",
      "expectancy_r": 0.0,
      "gross_loss_r": 0.0,
      "gross_win_r": 0.0,
      "last_r": 0.0,
      "losses": 0,
      "max_drawdown_r": 0.0,
      "peak_cum_r": 0.0,
      "profit_factor": 0.0,
      "rolling_sharpe": 0.0,
      "sum_downside_r_squared": 0.0,
      "sum_r_squared": 0.0,
      "total_decisions": 0,
      "total_pnl_usd": 0.0,
      "total_r": 0.0,
      "win_rate": 0.0,
      "wins": 0
    },
    {
      "active": true,
      "agent_id": "gen330-mut406-liq-trend-v1",
      "expectancy_r": 0.0,
      "gross_loss_r": 0.0,
      "gross_win_r": 0.0,
      "last_r": 0.0,
      "losses": 0,
      "max_drawdown_r": 0.0,
      "peak_cum_r": 0.0,
      "profit_factor": 0.0,
      "rolling_sharpe": 0.0,
      "sum_downside_r_squared": 0.0,
      "sum_r_squared": 0.0,
      "total_decisions": 0,
      "total_pnl_usd": 0.0,
      "total_r": 0.0,
      "win_rate": 0.0,
      "wins": 0
    },
    {
      "active": true,
      "agent_id": "gen330-mut407-liq-fade-v0",
      "expectancy_r": 0.0,
      "gross_loss_r": 0.0,
      "gross_win_r": 0.0,
      "last_r": 0.0,
      "losses": 0,
      "max_drawdown_r": 0.0,
      "peak_cum_r": 0.0,
      "profit_factor": 0.0,
      "rolling_sharpe": 0.0,
      "sum_downside_r_squared": 0.0,
      "sum_r_squared": 0.0,
      "total_decisions": 0,
      "total_pnl_usd": 0.0,
      "total_r": 0.0,
      "win_rate": 0.0,
      "wins": 0
    },
    {
      "active": true,
      "agent_id": "gen330-mut408-funding-trend-v1",
      "expectancy_r": 0.0,
      "gross_loss_r": 0.0,
      "gross_win_r": 0.0,
      "last_r": 0.0,
      "losses": 0,
      "max_drawdown_r": 0.0,
      "peak_cum_r": 0.0,
      "profit_factor": 0.0,
      "rolling_sharpe": 0.0,
      "sum_downside_r_squared": 0.0,
      "sum_r_squared": 0.0,
      "total_decisions": 0,
      "total_pnl_usd": 0.0,
      "total_r": 0.0,
      "win_rate": 0.0,
      "wins": 0
    },
    {
      "active": true,
      "agent_id": "gen330-mut409-funding-arb-v1",
      "expectancy_r": 0.0,
      "gross_loss_r": 0.0,
      "gross_win_r": 0.0,
      "last_r": 0.0,
      "losses": 0,
      "max_drawdown_r": 0.0,
      "peak_cum_r": 0.0,
      "profit_factor": 0.0,
      "rolling_sharpe": 0.0,
      "sum_downside_r_squared": 0.0,
      "sum_r_squared": 0.0,
      "total_decisions": 0,
      "total_pnl_usd": 0.0,
      "total_r": 0.0,
      "win_rate": 0.0,
      "wins": 0
    },
    {
      "active": true,
      "agent_id": "gen330-mut410-polyedge-v1",
      "expectancy_r": 0.0,
      "gross_loss_r": 0.0,
      "gross_win_r": 0.0,
      "last_r": 0.0,
      "losses": 0,
      "max_drawdown_r": 0.0,
      "peak_cum_r": 0.0,
      "profit_factor": 0.0,
      "rolling_sharpe": 0.0,
      "sum_downside_r_squared": 0.0,
      "sum_r_squared": 0.0,
      "total_decisions": 0,
      "total_pnl_usd": 0.0,
      "total_r": 0.0,
      "win_rate": 0.0,
      "wins": 0
    },
    {
      "active": true,
      "agent_id": "gen330-mut411-liq-trend-v1",
      "expectancy_r": 0.0,
      "gross_loss_r": 0.0,
      "gross_win_r": 0.0,
      "last_r": 0.0,
      "losses": 0,
      "max_drawdown_r": 0.0,
      "peak_cum_r": 0.0,
      "profit_factor": 0.0,
      "rolling_sharpe": 0.0,
      "sum_downside_r_squared": 0.0,
      "sum_r_squared": 0.0,
      "total_decisions": 0,
      "total_pnl_usd": 0.0,
      "total_r": 0.0,
      "win_rate": 0.0,
      "wins": 0
    },
    {
      "active": true,
      "agent_id": "gen330-mut412-liq-fade-v0",
      "expectancy_r": 0.0,
      "gross_loss_r": 0.0,