{
  "agents": [
    {
      "active": true,
      "agent_id": "gen1-mut10-vol-breakout-v0",
      "expectancy_r": 0.7401759553960404,
      "gross_loss_r": 297.1968895318318,
      "gross_win_r": 864.1716713651982,
      "last_r": 1.9057573832459287,
      "losses": 282,
      "max_drawdown_r": 7.797284014091531,
      "peak_cum_r": 566.9747818333669,
      "profit_factor": 2.907741304851845,
      "rolling_sharpe": 0.5260699781878428,
      "sum_downside_r_squared": 324.5689069413966,
      "sum_r_squared": 1934.074155596955,
      "total_decisions": 766,
      "total_pnl_usd": 5668.895480732057,
      "total_r": 566.9747818333669,
      "win_rate": 0.6318537859007833,
      "wins": 484
    },
    {
      "active": true,
      "agent_id": "vol-breakout-v0",
      "expectancy_r": 0.7144571380447235,
      "gross_loss_r": 299.24012458021144,
      "gross_win_r": 856.5166922550957,
      "last_r": 1.9057573832459287,
      "losses": 295,
      "max_drawdown_r": 6.876573185397689,
      "peak_cum_r": 557.2765676748844,
      "profit_factor": 2.8623056264819393,
      "rolling_sharpe": 0.5117501559884157,
      "sum_downside_r_squared": 325.83337586905503,
      "sum_r_squared": 1916.5070586431573,
      "total_decisions": 780,
      "total_pnl_usd": 5571.9133391472415,
      "total_r": 557.2765676748844,
      "win_rate": 0.6217948717948718,
      "wins": 485
    },
    {
      "active": true,
      "agent_id": "vol-breakout-v1",
      "expectancy_r": 0.8307559222878157,
      "gross_loss_r": 176.29722166420717,
      "gross_win_r": 598.3212301864176,
      "last_r": 1.929316336335954,
      "losses": 176,
      "max_drawdown_r": 6.831895547163384,
      "peak_cum_r": 422.02400852221035,
      "profit_factor": 3.393821096772803,
      "rolling_sharpe": 0.6028854185449097,
      "sum_downside_r_squared": 189.554779854114,
      "sum_r_squared": 1313.2863519765292,
      "total_decisions": 508,
      "total_pnl_usd": 4220.240085222101,
      "total_r": 422.02400852221035,
      "win_rate": 0.6535433070866141,
      "wins": 332
    },
    {
      "active": true,
      "agent_id": "gen113-mut1515-liq-trend-v0",
      "expectancy_r": 0.17980416719845355,
      "gross_loss_r": 5.3268097807340595,
      "gross_win_r": 8.203676455909315,
      "last_r": 0.9565620692283016,
      "losses": 8,
      "max_drawdown_r": 3.0276150569078855,
      "peak_cum_r": 3.104957711312517,
      "profit_factor": 1.5400731007103485,
      "rolling_sharpe": 0.179385962282099,
      "sum_downside_r_squared": 4.377962694417331,
      "sum_r_squared": 15.587293547140447,
      "total_decisions": 16,
      "total_pnl_usd": 28.76866675175256,
      "total_r": 2.8768666751752567,
      "win_rate": 0.5,
      "wins": 8
    },
    {
      "active": true,
      "agent_id": "gen105-mut1414-liq-fade-v1",
      "expectancy_r": 0.1926154142813603,
      "gross_loss_r": 2.702801438829648,
      "gross_win_r": 5.399417238768693,
      "last_r": -1.0635485915836203,
      "losses": 4,
      "max_drawdown_r": 2.6496198062607723,
      "peak_cum_r": 5.346235606199817,
      "profit_factor": 1.9977113972185536,
      "rolling_sharpe": 0.2231754617221652,
      "sum_downside_r_squared": 2.555148427889609,
      "sum_r_squared": 10.202914000578582,
      "total_decisions": 14,
      "total_pnl_usd": 26.966157999390457,
      "total_r": 2.6966157999390443,
      "win_rate": 0.7142857142857143,
      "wins": 10
    },
    {
      "active": true,
      "agent_id": "gen115-mut1545-liq-trend-v0",
      "expectancy_r": 0.9565620692283016,
      "gross_loss_r": 0.0,
      "gross_win_r": 0.9565620692283016,
      "last_r": 0.9565620692283016,
      "losses": 0,
      "max_drawdown_r": 0.0,
      "peak_cum_r": 0.9565620692283016,
      "profit_factor": null,
      "rolling_sharpe": 0.0,
      "sum_downside_r_squared": 0.0,
      "sum_r_squared": 0.91501099228633,
      "total_decisions": 1,
      "total_pnl_usd": 9.565620692283016,
      "total_r": 0.9565620692283016,
      "win_rate": 1.0,
      "wins": 1
    },
    {
      "active": true,
      "agent_id": "gen115-mut1550-liq-trend-v0",
      "expectancy_r": 0.9565620692283016,
      "gross_loss_r": 0.0,
      "gross_win_r": 0.9565620692283016,
      "last_r": 0.9565620692283016,
      "losses": 0,
      "max_drawdown_r": 0.0,
      "peak_cum_r": 0.9565620692283016,
      "profit_factor": null,
      "rolling_sharpe": 0.0,
      "sum_downside_r_squared": 0.0,
      "sum_r_squared": 0.91501099228633,
      "total_decisions": 1,
      "total_pnl_usd": 9.565620692283016,
      "total_r": 0.9565620692283016,
      "win_rate": 1.0,
      "wins": 1
    },
    {
      "active": true,
      "agent_id": "funding-trend-v0",
      "expectancy_r": 0.0,
      "gross_loss_r": 0.0,
      "gross_win_r": 0.0,
      "last_r": 0.0,
      "losses": 0,
      "max_drawdown_r": 0.0,
      "peak_cum_r": 0.0,
      "profit_factor": 0.0,
      "rolling_sharpe": 0.0,
      "sum_downside_r_squared": 0.0,
      "sum_r_squared": 0.0,
      "total_decisions": 0,
      "total_pnl_usd": 0.0,
      "total_r": 0.0,
      "win_rate": 0.0,
      "wins": 0
    },
    {
      "active": true,
      "agent_id": "funding-arb-v0",
      "expectancy_r": 0.0,
      "gross_loss_r": 0.0,
      "gross_win_r": 0.0,
      "last_r": 0.0,
      "losses": 0,
      "max_drawdown_r": 0.0,
      "peak_cum_r": 0.0,
      "profit_factor": 0.0,
      "rolling_sharpe": 0.0,
      "sum_downside_r_squared": 0.0,
      "sum_r_squared": 0.0,
      "total_decisions": 0,
      "total_pnl_usd": 0.0,
      "total_r": 0.0,
      "win_rate": 0.0,
      "wins": 0
    },
    {
      "active": true,
      "agent_id": "polyedge-v0",
      "expectancy_r": 0.0,
      "gross_loss_r": 0.0,
      "gross_win_r": 0.0,
      "last_r": 0.0,
      "losses": 0,
      "max_drawdown_r": 0.0,
      "peak_cum_r": 0.0,
      "profit_factor": 0.0,
      "rolling_sharpe": 0.0,
      "sum_downside_r_squared": 0.0,
      "sum_r_squared": 0.0,
      "total_decisions": 0,
      "total_pnl_usd": 0.0,
      "total_r": 0.0,
      "win_rate": 0.0,
      "wins": 0
    },
    {
      "active": true,
      "agent_id": "gen115-mut1541-liq-trend-v0",
      "expectancy_r": 0.0,
      "gross_loss_r": 0.0,
      "gross_win_r": 0.0,
      "last_r": 0.0,
      "losses": 0,
      "max_drawdown_r": 0.0,
      "peak_cum_r": 0.0,
      "profit_factor": 0.0,
      "rolling_sharpe": 0.0,
      "sum_downside_r_squared": 0.0,
      "sum_r_squared": 0.0,
      "total_decisions": 0,
      "total_pnl_usd": 0.0,
      "total_r": 0.0,
      "win_rate": 0.0,
      "wins": 0
    },
    {
      "active": true,
      "agent_id": "gen115-mut1542-funding-trend-v1",
      "expectancy_r": 0.0,
      "gross_loss_r": 0.0,
      "gross_win_r": 0.0,
      "last_r": 0.0,
      "losses": 0,
      "max_drawdown_r": 0.0,
      "peak_cum_r": 0.0,
      "profit_factor": 0.0,
      "rolling_sharpe": 0.0,
      "sum_downside_r_squared": 0.0,
      "sum_r_squared": 0.0,
      "total_decisions": 0,
      "total_pnl_usd": 0.0,
      "total_r": 0.0,
      "win_rate": 0.0,
      "wins": 0
    },
    {
      "active": true,
      "agent_id": "gen115-mut1543-funding-arb-v1",
      "expectancy_r": 0.0,
      "gross_loss_r": 0.0,
      "gross_win_r": 0.0,
      "last_r": 0.0,
      "losses": 0,
      "max_drawdown_r": 0.0,
      "peak_cum_r": 0.0,
      "profit_factor": 0.0,
      "rolling_sharpe": 0.0,
      "sum_downside_r_squared": 0.0,
      "sum_r_squared": 0.0,
      "total_decisions": 0,
      "total_pnl_usd": 0.0,
      "total_r": 0.0,
      "win_rate": 0.0,
      "wins": 0
    },
    {
      "active": true,
      "agent_id": "gen115-mut1544-polyedge-v1",
      "expectancy_r": 0.0,
      "gross_loss_r": 0.0,
      "gross_win_r": 0.0,
      "last_r": 0.0,
      "losses": 0,
      "max_drawdown_r": 0.0,
      "peak_cum_r": 0.0,
      "profit_factor": 0.0,
      "rolling_sharpe": 0.0,
      "sum_downside_r_squared": 0.0,
      "sum_r_squared": 0.0,
      "total_decisions": 0,