{
  "agents": [
    {
      "active": true,
      "agent_id": "vol-breakout-v1",
      "expectancy_r": 0.8581532342292592,
      "gross_loss_r": 128.1023124287285,
      "gross_win_r": 450.76792849892996,
      "last_r": -1.1404264623064466,
      "losses": 127,
      "max_drawdown_r": 5.497204776236856,
      "peak_cum_r": 323.8060425325079,
      "profit_factor": 3.518811799355464,
      "rolling_sharpe": 0.624958588450719,
      "sum_downside_r_squared": 138.30548875265737,
      "sum_r_squared": 983.9601312982442,
      "total_decisions": 376,
      "total_pnl_usd": 3226.6561607020108,
      "total_r": 322.66561607020145,
      "win_rate": 0.6622340425531915,
      "wins": 249
    },
    {
      "active": true,
      "agent_id": "gen84-mut360-liq-fade-v0",
      "expectancy_r": 0.5459280914640979,
      "gross_loss_r": 1.8316488660254138,
      "gross_win_r": 8.38278596359459,
      "last_r": 0.5140338034153362,
      "losses": 4,
      "max_drawdown_r": 1.1215509628113698,
      "peak_cum_r": 6.551137097569176,
      "profit_factor": 4.576633720078027,
      "rolling_sharpe": 0.6130515012764064,
      "sum_downside_r_squared": 1.469046774497881,
      "sum_r_squared": 12.299525620982562,
      "total_decisions": 12,
      "total_pnl_usd": 65.51137097569176,
      "total_r": 6.551137097569176,
      "win_rate": 0.6666666666666666,
      "wins": 8
    },
    {
      "active": true,
      "agent_id": "vol-breakout-v0",
      "expectancy_r": 0.7699097402409872,
      "gross_loss_r": 213.8383552553428,
      "gross_win_r": 665.7753727768023,
      "last_r": 1.8897233933078137,
      "losses": 210,
      "max_drawdown_r": 5.374687353201978,
      "peak_cum_r": 451.9370175214595,
      "profit_factor": 3.1134516162070405,
      "rolling_sharpe": 0.5572752418323876,
      "sum_downside_r_squared": 230.42225444299285,
      "sum_r_squared": 1466.455238236358,
      "total_decisions": 587,
      "total_pnl_usd": 4519.370175214591,
      "total_r": 451.9370175214595,
      "win_rate": 0.6422487223168655,
      "wins": 377
    },
    {
      "active": true,
      "agent_id": "gen2-mut25-vol-breakout-v0",
      "expectancy_r": 0.7520462042954515,
      "gross_loss_r": 184.44092793304463,
      "gross_win_r": 543.1669673819749,
      "last_r": -1.1404264623064466,
      "losses": 181,
      "max_drawdown_r": 5.507957176917159,
      "peak_cum_r": 359.86646591123684,
      "profit_factor": 2.944937294932469,
      "rolling_sharpe": 0.5320431518518413,
      "sum_downside_r_squared": 197.74320418848512,
      "sum_r_squared": 1220.8262240073059,
      "total_decisions": 477,
      "total_pnl_usd": 3587.260394489301,
      "total_r": 358.7260394489304,
      "win_rate": 0.6205450733752621,
      "wins": 296
    },
    {
      "active": true,
      "agent_id": "gen8-mut106-liq-trend-v1",
      "expectancy_r": 0.17913783133738218,
      "gross_loss_r": 17.13778818173334,
      "gross_win_r": 24.303301435228622,
      "last_r": -1.0578151640546016,
      "losses": 20,
      "max_drawdown_r": 8.459410640376621,
      "peak_cum_r": 11.481274172409924,
      "profit_factor": 1.418111904378232,
      "rolling_sharpe": 0.1488492855025545,
      "sum_downside_r_squared": 17.378123492642768,
      "sum_r_squared": 57.77025198908812,
      "total_decisions": 40,
      "total_pnl_usd": 71.65513253495286,
      "total_r": 7.165513253495287,
      "win_rate": 0.5,
      "wins": 20
    },
    {
      "active": true,
      "agent_id": "funding-trend-v0",
      "expectancy_r": 0.0,
      "gross_loss_r": 0.0,
      "gross_win_r": 0.0,
      "last_r": 0.0,
      "losses": 0,
      "max_drawdown_r": 0.0,
      "peak_cum_r": 0.0,
      "profit_factor": 0.0,
      "rolling_sharpe": 0.0,
      "sum_downside_r_squared": 0.0,
      "sum_r_squared": 0.0,
      "total_decisions": 0,
      "total_pnl_usd": 0.0,
      "total_r": 0.0,
      "win_rate": 0.0,
      "wins": 0
    },
    {
      "active": true,
      "agent_id": "funding-arb-v0",
      "expectancy_r": 0.0,
      "gross_loss_r": 0.0,
      "gross_win_r": 0.0,
      "last_r": 0.0,
      "losses": 0,
      "max_drawdown_r": 0.0,
      "peak_cum_r": 0.0,
      "profit_factor": 0.0,
      "rolling_sharpe": 0.0,
      "sum_downside_r_squared": 0.0,
      "sum_r_squared": 0.0,
      "total_decisions": 0,
      "total_pnl_usd": 0.0,
      "total_r": 0.0,
      "win_rate": 0.0,
      "wins": 0
    },
    {
      "active": true,
      "agent_id": "polyedge-v0",
      "expectancy_r": 0.0,
      "gross_loss_r": 0.0,
      "gross_win_r": 0.0,
      "last_r": 0.0,
      "losses": 0,
      "max_drawdown_r": 0.0,
      "peak_cum_r": 0.0,
      "profit_factor": 0.0,
      "rolling_sharpe": 0.0,
      "sum_downside_r_squared": 0.0,
      "sum_r_squared": 0.0,
      "total_decisions": 0,
      "total_pnl_usd": 0.0,
      "total_r": 0.0,
      "win_rate": 0.0,
      "wins": 0
    },
    {
      "active": true,
      "agent_id": "gen86-mut387-liq-trend-v1",
      "expectancy_r": 0.0,
      "gross_loss_r": 0.0,
      "gross_win_r": 0.0,
      "last_r": 0.0,
      "losses": 0,
      "max_drawdown_r": 0.0,
      "peak_cum_r": 0.0,
      "profit_factor": 0.0,
      "rolling_sharpe": 0.0,
      "sum_downside_r_squared": 0.0,
      "sum_r_squared": 0.0,
      "total_decisions": 0,
      "total_pnl_usd": 0.0,
      "total_r": 0.0,
      "win_rate": 0.0,
      "wins": 0
    },
    {
      "active": true,
      "agent_id": "gen86-mut388-liq-fade-v0",
      "expectancy_r": 0.0,
      "gross_loss_r": 0.0,
      "gross_win_r": 0.0,
      "last_r": 0.0,
      "losses": 0,
      "max_drawdown_r": 0.0,
      "peak_cum_r": 0.0,
      "profit_factor": 0.0,
      "rolling_sharpe": 0.0,
      "sum_downside_r_squared": 0.0,
      "sum_r_squared": 0.0,
      "total_decisions": 0,
      "total_pnl_usd": 0.0,
      "total_r": 0.0,
      "win_rate": 0.0,
      "wins": 0
    },
    {
      "active": true,
      "agent_id": "gen86-mut389-funding-trend-v1",
      "expectancy_r": 0.0,
      "gross_loss_r": 0.0,
      "gross_win_r": 0.0,
      "last_r": 0.0,
      "losses": 0,
      "max_drawdown_r": 0.0,
      "peak_cum_r": 0.0,
      "profit_factor": 0.0,
      "rolling_sharpe": 0.0,
      "sum_downside_r_squared": 0.0,
      "sum_r_squared": 0.0,
      "total_decisions": 0,
      "total_pnl_usd": 0.0,
      "total_r": 0.0,
      "win_rate": 0.0,
      "wins": 0
    },
    {
      "active": true,
      "agent_id": "gen86-mut390-funding-arb-v1",
      "expectancy_r": 0.0,
      "gross_loss_r": 0.0,
      "gross_win_r": 0.0,
      "last_r": 0.0,
      "losses": 0,
      "max_drawdown_r": 0.0,
      "peak_cum_r": 0.0,
      "profit_factor": 0.0,
      "rolling_sharpe": 0.0,
      "sum_downside_r_squared": 0.0,
      "sum_r_squared": 0.0,
      "total_decisions": 0,
      "total_pnl_usd": 0.0,
      "total_r": 0.0,
      "win_rate": 0.0,
      "wins": 0
    },
    {
      "active": true,
      "agent_id": "gen86-mut391-polyedge-v1",
      "expectancy_r": 0.0,
      "gross_loss_r": 0.0,
      "gross_win_r": 0.0,
      "last_r": 0.0,
      "losses": 0,
      "max_drawdown_r": 0.0,
      "peak_cum_r": 0.0,
      "profit_factor": 0.0,
      "rolling_sharpe": 0.0,
      "sum_downside_r_squared": 0.0,
      "sum_r_squared": 0.0,
      "total_decisions": 0,
      "total_pnl_usd": 0.0,
      "total_r": 0.0,
      "win_rate": 0.0,
      "wins": 0
    },
    {
      "active": true,
      "agent_id": "gen86-mut392-liq-trend-v1",
      "expectancy_r": 0.0,
      "gross_loss_r": 0.0,
      "gross_win_r": 0.0,
      "last_r": 0.0,
      "losses": 0,
      "max_drawdown_r": 0.0,
      "peak_cum_r": 0.0,
      "profit_factor": 0.0,
      "rolling_sharpe": 0.0,
      "sum_downside_r_squared": 0.0,
      "sum_r_squared": 0.0,
      "total_decisions": 0,
      "total_pnl_usd": 0.0,
      "total_r": 0.0,
      "win_rate": 0.0,
      "wins": 0
    },
    {
      "active": true,
      "agent_id": "gen86-mut393-liq-fade-v0",
      "expectancy_r": 0.0,
      "gross_loss_r": 0.0,