{
  "agents": [
    {
      "active": true,
      "agent_id": "vol-breakout-v1",
      "expectancy_r": 0.8421598469363183,
      "gross_loss_r": 441.1015594457694,
      "gross_win_r": 1502.222966585531,
      "last_r": -1.1417083845731337,
      "losses": 430,
      "max_drawdown_r": 5.497204776236856,
      "peak_cum_r": 1062.2631155243341,
      "profit_factor": 3.4056169932226674,
      "rolling_sharpe": 0.6097744659580643,
      "sum_downside_r_squared": 477.5052081890344,
      "sum_r_squared": 3295.0991826493196,
      "total_decisions": 1260,
      "total_pnl_usd": 10611.214071397617,
      "total_r": 1061.121407139761,
      "win_rate": 0.6587301587301587,
      "wins": 830
    },
    {
      "active": true,
      "agent_id": "vol-breakout-v0",
      "expectancy_r": 0.7807518874799524,
      "gross_loss_r": 712.8103557685536,
      "gross_win_r": 2250.891574104064,
      "last_r": 1.8852536877462587,
      "losses": 700,
      "max_drawdown_r": 5.374687353202262,
      "peak_cum_r": 1538.0812183355063,
      "profit_factor": 3.1577705849645636,
      "rolling_sharpe": 0.5655458758699728,
      "sum_downside_r_squared": 768.110626939882,
      "sum_r_squared": 4953.493064526198,
      "total_decisions": 1970,
      "total_pnl_usd": 15380.812183355109,
      "total_r": 1538.0812183355063,
      "win_rate": 0.6446700507614214,
      "wins": 1270
    },
    {
      "active": true,
      "agent_id": "gen2-mut25-vol-breakout-v0",
      "expectancy_r": 0.769074575345628,
      "gross_loss_r": 620.6750006462975,
      "gross_win_r": 1878.881005911743,
      "last_r": -0.5334437748950484,
      "losses": 614,
      "max_drawdown_r": 5.507957176917216,
      "peak_cum_r": 1258.7394490403424,
      "profit_factor": 3.027157536480926,
      "rolling_sharpe": 0.5462396717073478,
      "sum_downside_r_squared": 664.6459010756547,
      "sum_r_squared": 4208.722591844218,
      "total_decisions": 1636,
      "total_pnl_usd": 12582.060052654444,
      "total_r": 1258.2060052654474,
      "win_rate": 0.6246943765281173,
      "wins": 1022
    },
    {
      "active": true,
      "agent_id": "gen58-mut389-liq-trend-v1",
      "expectancy_r": 0.3144873896258217,
      "gross_loss_r": 16.813860586394878,
      "gross_win_r": 30.651305729931025,
      "last_r": -1.0795628261391592,
      "losses": 16,
      "max_drawdown_r": 9.99751276274388,
      "peak_cum_r": 17.093247681986966,
      "profit_factor": 1.822978463062366,
      "rolling_sharpe": 0.25851129788921884,
      "sum_downside_r_squared": 17.927360247200337,
      "sum_r_squared": 67.98960653810465,
      "total_decisions": 44,
      "total_pnl_usd": 138.37445143536152,
      "total_r": 13.837445143536154,
      "win_rate": 0.6363636363636364,
      "wins": 28
    },
    {
      "active": true,
      "agent_id": "gen287-mut319-liq-trend-v1",
      "expectancy_r": 0.15816751727198086,
      "gross_loss_r": 1.7963320662539197,
      "gross_win_r": 3.061672204429766,
      "last_r": -0.12244134336722996,
      "losses": 3,
      "max_drawdown_r": 1.7095395377969975,
      "peak_cum_r": 2.9748796759728444,
      "profit_factor": 1.70440213251584,
      "rolling_sharpe": 0.178875492583686,
      "sum_downside_r_squared": 1.5720440578890138,
      "sum_r_squared": 5.673205041210951,
      "total_decisions": 8,
      "total_pnl_usd": 12.653401381758464,
      "total_r": 1.265340138175847,
      "win_rate": 0.625,
      "wins": 5
    },
    {
      "active": true,
      "agent_id": "gen175-mut13-funding-arb-v1",
      "expectancy_r": 0.1823833296685997,
      "gross_loss_r": 37.866021971509056,
      "gross_win_r": 50.63285504831104,
      "last_r": -1.0804231105841575,
      "losses": 37,
      "max_drawdown_r": 7.793902855139553,
      "peak_cum_r": 20.56073593194153,
      "profit_factor": 1.3371580222080877,
      "rolling_sharpe": 0.13301059966762246,
      "sum_downside_r_squared": 40.53717142025037,
      "sum_r_squared": 132.06038424207438,
      "total_decisions": 70,
      "total_pnl_usd": 127.6683307680198,
      "total_r": 12.766833076801976,
      "win_rate": 0.4714285714285714,
      "wins": 33
    },
    {
      "active": true,
      "agent_id": "gen280-mut231-liq-fade-v0",
      "expectancy_r": 0.14685810307518174,
      "gross_loss_r": 22.00171625293165,
      "gross_win_r": 28.610330891314835,
      "last_r": 0.15357229363131017,
      "losses": 25,
      "max_drawdown_r": 8.747796285818414,
      "peak_cum_r": 13.195295895576852,
      "profit_factor": 1.3003681423035627,
      "rolling_sharpe": 0.11467631807669437,
      "sum_downside_r_squared": 22.632860785423293,
      "sum_r_squared": 73.13127619602584,
      "total_decisions": 45,
      "total_pnl_usd": 66.08614638383182,
      "total_r": 6.6086146383831785,
      "win_rate": 0.4444444444444444,
      "wins": 20
    },
    {
      "active": true,
      "agent_id": "gen279-mut217-funding-trend-v0",
      "expectancy_r": 0.0,
      "gross_loss_r": 0.0,
      "gross_win_r": 0.0,
      "last_r": 0.0,
      "losses": 0,
      "max_drawdown_r": 0.0,
      "peak_cum_r": 0.0,
      "profit_factor": 0.0,
      "rolling_sharpe": 0.0,
      "sum_downside_r_squared": 0.0,
      "sum_r_squared": 0.0,
      "total_decisions": 0,
      "total_pnl_usd": 0.0,
      "total_r": 0.0,
      "win_rate": 0.0,
      "wins": 0
    },
    {
      "active": true,
      "agent_id": "polyedge-v0",
      "expectancy_r": 0.0,
      "gross_loss_r": 0.0,
      "gross_win_r": 0.0,
      "last_r": 0.0,
      "losses": 0,
      "max_drawdown_r": 0.0,
      "peak_cum_r": 0.0,
      "profit_factor": 0.0,
      "rolling_sharpe": 0.0,
      "sum_downside_r_squared": 0.0,
      "sum_r_squared": 0.0,
      "total_decisions": 0,
      "total_pnl_usd": 0.0,
      "total_r": 0.0,
      "win_rate": 0.0,
      "wins": 0
    },
    {
      "active": true,
      "agent_id": "gen290-mut348-liq-fade-v0",
      "expectancy_r": 0.0,
      "gross_loss_r": 0.0,
      "gross_win_r": 0.0,
      "last_r": 0.0,
      "losses": 0,
      "max_drawdown_r": 0.0,
      "peak_cum_r": 0.0,
      "profit_factor": 0.0,
      "rolling_sharpe": 0.0,
      "sum_downside_r_squared": 0.0,
      "sum_r_squared": 0.0,
      "total_decisions": 0,
      "total_pnl_usd": 0.0,
      "total_r": 0.0,
      "win_rate": 0.0,
      "wins": 0
    },
    {
      "active": true,
      "agent_id": "gen290-mut349-funding-trend-v1",
      "expectancy_r": 0.0,
      "gross_loss_r": 0.0,
      "gross_win_r": 0.0,
      "last_r": 0.0,
      "losses": 0,
      "max_drawdown_r": 0.0,
      "peak_cum_r": 0.0,
      "profit_factor": 0.0,
      "rolling_sharpe": 0.0,
      "sum_downside_r_squared": 0.0,
      "sum_r_squared": 0.0,
      "total_decisions": 0,
      "total_pnl_usd": 0.0,
      "total_r": 0.0,
      "win_rate": 0.0,
      "wins": 0
    },
    {
      "active": true,
      "agent_id": "gen290-mut351-polyedge-v1",
      "expectancy_r": 0.0,
      "gross_loss_r": 0.0,
      "gross_win_r": 0.0,
      "last_r": 0.0,
      "losses": 0,
      "max_drawdown_r": 0.0,
      "peak_cum_r": 0.0,
      "profit_factor": 0.0,
      "rolling_sharpe": 0.0,
      "sum_downside_r_squared": 0.0,
      "sum_r_squared": 0.0,
      "total_decisions": 0,
      "total_pnl_usd": 0.0,
      "total_r": 0.0,
      "win_rate": 0.0,
      "wins": 0
    },
    {
      "active": true,
      "agent_id": "gen290-mut352-liq-trend-v1",
      "expectancy_r": 0.0,
      "gross_loss_r": 0.0,
      "gross_win_r": 0.0,
      "last_r": 0.0,
      "losses": 0,
      "max_drawdown_r": 0.0,
      "peak_cum_r": 0.0,
      "profit_factor": 0.0,
      "rolling_sharpe": 0.0,
      "sum_downside_r_squared": 0.0,
      "sum_r_squared": 0.0,
      "total_decisions": 0,
      "total_pnl_usd": 0.0,
      "total_r": 0.0,
      "win_rate": 0.0,
      "wins": 0
    },
    {
      "active": true,
      "agent_id": "gen290-mut353-liq-fade-v0",
      "expectancy_r": 0.0,
      "gross_loss_r": 0.0,
      "gross_win_r": 0.0,
      "last_r": 0.0,
      "losses": 0,