{
  "agents": [
    {
      "active": true,
      "agent_id": "vol-breakout-v1",
      "expectancy_r": 0.8421598469363183,
      "gross_loss_r": 396.9914035011924,
      "gross_win_r": 1352.0006699269777,
      "last_r": -1.1417083845731337,
      "losses": 387,
      "max_drawdown_r": 5.497204776236856,
      "peak_cum_r": 956.1509748103581,
      "profit_factor": 3.405616993222668,
      "rolling_sharpe": 0.6097475580099474,
      "sum_downside_r_squared": 429.7546873701311,
      "sum_r_squared": 2965.5892643843868,
      "total_decisions": 1134,
      "total_pnl_usd": 9550.09266425785,
      "total_r": 955.009266425785,
      "win_rate": 0.6587301587301587,
      "wins": 747
    },
    {
      "active": true,
      "agent_id": "vol-breakout-v0",
      "expectancy_r": 0.7807518420119063,
      "gross_loss_r": 641.5293201916983,
      "gross_win_r": 2025.8023360788109,
      "last_r": 1.9153823136230304,
      "losses": 630,
      "max_drawdown_r": 5.374687353202262,
      "peak_cum_r": 1384.2730158871098,
      "profit_factor": 3.1577704593041385,
      "rolling_sharpe": 0.5655298994964771,
      "sum_downside_r_squared": 691.2995642458937,
      "sum_r_squared": 4458.143468246342,
      "total_decisions": 1773,
      "total_pnl_usd": 13842.730158871134,
      "total_r": 1384.2730158871098,
      "win_rate": 0.6446700507614214,
      "wins": 1143
    },
    {
      "active": true,
      "agent_id": "gen2-mut25-vol-breakout-v0",
      "expectancy_r": 0.7688108642026679,
      "gross_loss_r": 557.9644983732452,
      "gross_win_r": 1688.8852796153672,
      "last_r": -0.3088757240820327,
      "losses": 552,
      "max_drawdown_r": 5.507957176917216,
      "peak_cum_r": 1131.2296569662064,
      "profit_factor": 3.0268687067713813,
      "rolling_sharpe": 0.5460839899360455,
      "sum_downside_r_squared": 597.7180148423924,
      "sum_r_squared": 3783.1147794208314,
      "total_decisions": 1471,
      "total_pnl_usd": 11309.207812421211,
      "total_r": 1130.9207812421243,
      "win_rate": 0.6247450713800136,
      "wins": 919
    },
    {
      "active": true,
      "agent_id": "gen58-mut389-liq-trend-v1",
      "expectancy_r": 0.3144873896258217,
      "gross_loss_r": 16.813860586394878,
      "gross_win_r": 30.651305729931025,
      "last_r": -1.0795628261391592,
      "losses": 16,
      "max_drawdown_r": 9.99751276274388,
      "peak_cum_r": 17.093247681986966,
      "profit_factor": 1.822978463062366,
      "rolling_sharpe": 0.25851129788921884,
      "sum_downside_r_squared": 17.927360247200337,
      "sum_r_squared": 67.98960653810465,
      "total_decisions": 44,
      "total_pnl_usd": 138.37445143536152,
      "total_r": 13.837445143536154,
      "win_rate": 0.6363636363636364,
      "wins": 28
    },
    {
      "active": true,
      "agent_id": "gen255-mut285-liq-fade-v0",
      "expectancy_r": 0.15911364664240193,
      "gross_loss_r": 13.04038230203893,
      "gross_win_r": 18.132018994595793,
      "last_r": 0.4736435325326981,
      "losses": 16,
      "max_drawdown_r": 4.206475055890703,
      "peak_cum_r": 6.919454475319502,
      "profit_factor": 1.390451489429168,
      "rolling_sharpe": 0.14118967196947088,
      "sum_downside_r_squared": 12.82720614335863,
      "sum_r_squared": 40.180627445059876,
      "total_decisions": 32,
      "total_pnl_usd": 50.916366925568624,
      "total_r": 5.091636692556862,
      "win_rate": 0.5,
      "wins": 16
    },
    {
      "active": true,
      "agent_id": "gen175-mut13-funding-arb-v1",
      "expectancy_r": 0.1823833296685997,
      "gross_loss_r": 37.866021971509056,
      "gross_win_r": 50.63285504831104,
      "last_r": -1.0804231105841575,
      "losses": 37,
      "max_drawdown_r": 7.793902855139553,
      "peak_cum_r": 20.56073593194153,
      "profit_factor": 1.3371580222080877,
      "rolling_sharpe": 0.13301059966762246,
      "sum_downside_r_squared": 40.53717142025037,
      "sum_r_squared": 132.06038424207438,
      "total_decisions": 70,
      "total_pnl_usd": 127.6683307680198,
      "total_r": 12.766833076801976,
      "win_rate": 0.4714285714285714,
      "wins": 33
    },
    {
      "active": true,
      "agent_id": "funding-trend-v0",
      "expectancy_r": 0.0,
      "gross_loss_r": 0.0,
      "gross_win_r": 0.0,
      "last_r": 0.0,
      "losses": 0,
      "max_drawdown_r": 0.0,
      "peak_cum_r": 0.0,
      "profit_factor": 0.0,
      "rolling_sharpe": 0.0,
      "sum_downside_r_squared": 0.0,
      "sum_r_squared": 0.0,
      "total_decisions": 0,
      "total_pnl_usd": 0.0,
      "total_r": 0.0,
      "win_rate": 0.0,
      "wins": 0
    },
    {
      "active": true,
      "agent_id": "polyedge-v0",
      "expectancy_r": 0.0,
      "gross_loss_r": 0.0,
      "gross_win_r": 0.0,
      "last_r": 0.0,
      "losses": 0,
      "max_drawdown_r": 0.0,
      "peak_cum_r": 0.0,
      "profit_factor": 0.0,
      "rolling_sharpe": 0.0,
      "sum_downside_r_squared": 0.0,
      "sum_r_squared": 0.0,
      "total_decisions": 0,
      "total_pnl_usd": 0.0,
      "total_r": 0.0,
      "win_rate": 0.0,
      "wins": 0
    },
    {
      "active": true,
      "agent_id": "gen261-mut355-liq-trend-v1",
      "expectancy_r": 0.0,
      "gross_loss_r": 0.0,
      "gross_win_r": 0.0,
      "last_r": 0.0,
      "losses": 0,
      "max_drawdown_r": 0.0,
      "peak_cum_r": 0.0,
      "profit_factor": 0.0,
      "rolling_sharpe": 0.0,
      "sum_downside_r_squared": 0.0,
      "sum_r_squared": 0.0,
      "total_decisions": 0,
      "total_pnl_usd": 0.0,
      "total_r": 0.0,
      "win_rate": 0.0,
      "wins": 0
    },
    {
      "active": true,
      "agent_id": "gen261-mut356-liq-fade-v0",
      "expectancy_r": 0.0,
      "gross_loss_r": 0.0,
      "gross_win_r": 0.0,
      "last_r": 0.0,
      "losses": 0,
      "max_drawdown_r": 0.0,
      "peak_cum_r": 0.0,
      "profit_factor": 0.0,
      "rolling_sharpe": 0.0,
      "sum_downside_r_squared": 0.0,
      "sum_r_squared": 0.0,
      "total_decisions": 0,
      "total_pnl_usd": 0.0,
      "total_r": 0.0,
      "win_rate": 0.0,
      "wins": 0
    },
    {
      "active": true,
      "agent_id": "gen261-mut357-funding-trend-v1",
      "expectancy_r": 0.0,
      "gross_loss_r": 0.0,
      "gross_win_r": 0.0,
      "last_r": 0.0,
      "losses": 0,
      "max_drawdown_r": 0.0,
      "peak_cum_r": 0.0,
      "profit_factor": 0.0,
      "rolling_sharpe": 0.0,
      "sum_downside_r_squared": 0.0,
      "sum_r_squared": 0.0,
      "total_decisions": 0,
      "total_pnl_usd": 0.0,
      "total_r": 0.0,
      "win_rate": 0.0,
      "wins": 0
    },
    {
      "active": true,
      "agent_id": "gen261-mut358-funding-arb-v1",
      "expectancy_r": 0.0,
      "gross_loss_r": 0.0,
      "gross_win_r": 0.0,
      "last_r": 0.0,
      "losses": 0,
      "max_drawdown_r": 0.0,
      "peak_cum_r": 0.0,
      "profit_factor": 0.0,
      "rolling_sharpe": 0.0,
      "sum_downside_r_squared": 0.0,
      "sum_r_squared": 0.0,
      "total_decisions": 0,
      "total_pnl_usd": 0.0,
      "total_r": 0.0,
      "win_rate": 0.0,
      "wins": 0
    },
    {
      "active": true,
      "agent_id": "gen261-mut359-polyedge-v1",
      "expectancy_r": 0.0,
      "gross_loss_r": 0.0,
      "gross_win_r": 0.0,
      "last_r": 0.0,
      "losses": 0,
      "max_drawdown_r": 0.0,
      "peak_cum_r": 0.0,
      "profit_factor": 0.0,
      "rolling_sharpe": 0.0,
      "sum_downside_r_squared": 0.0,
      "sum_r_squared": 0.0,
      "total_decisions": 0,
      "total_pnl_usd": 0.0,
      "total_r": 0.0,
      "win_rate": 0.0,
      "wins": 0
    },
    {
      "active": true,
      "agent_id": "gen261-mut360-liq-trend-v1",
      "expectancy_r": 0.0,
      "gross_loss_r": 0.0,
      "gross_win_r": 0.0,
      "last_r": 0.0,
      "losses": 0,
      "max_drawdown_r": 0.0,
      "peak_cum_r": 0.0,
      "profit_factor": 0.0,
      "rolling_sharpe": 0.0,
      "sum_downside_r_squared": 0.0,
      "sum_r_squared": 0.0,
      "total_decisions": 0,