{
  "agents": [
    {
      "active": true,
      "agent_id": "vol-breakout-v1",
      "expectancy_r": 0.8732857859572715,
      "gross_loss_r": 749.8726510578074,
      "gross_win_r": 2679.834238023379,
      "last_r": 1.8591339151130082,
      "losses": 731,
      "max_drawdown_r": 5.49720477623714,
      "peak_cum_r": 1929.96158696557,
      "profit_factor": 3.5737191298323423,
      "rolling_sharpe": 0.6371371990549012,
      "sum_downside_r_squared": 811.7588539213589,
      "sum_r_squared": 5835.35525550485,
      "total_decisions": 2210,
      "total_pnl_usd": 19299.615869655736,
      "total_r": 1929.96158696557,
      "win_rate": 0.6692307692307692,
      "wins": 1479
    },
    {
      "active": true,
      "agent_id": "vol-breakout-v0",
      "expectancy_r": 0.8021049256223033,
      "gross_loss_r": 1211.7776048065443,
      "gross_win_r": 3952.5701356579652,
      "last_r": 1.8591339151130082,
      "losses": 1190,
      "max_drawdown_r": 5.374687353202262,
      "peak_cum_r": 2740.7925308514104,
      "profit_factor": 3.261795002630848,
      "rolling_sharpe": 0.5834464483963332,
      "sum_downside_r_squared": 1305.7880657978021,
      "sum_r_squared": 8654.621802698399,
      "total_decisions": 3417,
      "total_pnl_usd": 27407.925308514074,
      "total_r": 2740.7925308514104,
      "win_rate": 0.6517412935323383,
      "wins": 2227
    },
    {
      "active": true,
      "agent_id": "gen2-mut25-vol-breakout-v0",
      "expectancy_r": 0.7954570530123799,
      "gross_loss_r": 1058.825727302775,
      "gross_win_r": 3333.0374418651604,
      "last_r": 1.837819482668835,
      "losses": 1052,
      "max_drawdown_r": 5.507957176917216,
      "peak_cum_r": 2274.2117145623943,
      "profit_factor": 3.1478621608068145,
      "rolling_sharpe": 0.5677634707966354,
      "sum_downside_r_squared": 1131.6572091220553,
      "sum_r_squared": 7419.011174499387,
      "total_decisions": 2859,
      "total_pnl_usd": 22742.11714562404,
      "total_r": 2274.2117145623943,
      "win_rate": 0.6320391745365512,
      "wins": 1807
    },
    {
      "active": true,
      "agent_id": "gen505-mut309-funding-trend-v1",
      "expectancy_r": 0.5269704696534985,
      "gross_loss_r": 5.0212947134652754,
      "gross_win_r": 19.24949739410973,
      "last_r": 0.23157305623840632,
      "losses": 7,
      "max_drawdown_r": 2.205160136739055,
      "peak_cum_r": 16.201789761145108,
      "profit_factor": 3.8335725131786473,
      "rolling_sharpe": 0.542871619985337,
      "sum_downside_r_squared": 5.088347552797547,
      "sum_r_squared": 31.99702718962191,
      "total_decisions": 27,
      "total_pnl_usd": 142.2820268064446,
      "total_r": 14.22820268064446,
      "win_rate": 0.7407407407407407,
      "wins": 20
    },
    {
      "active": true,
      "agent_id": "gen439-mut246-funding-trend-v1",
      "expectancy_r": 0.22195319913288905,
      "gross_loss_r": 31.40360030762108,
      "gross_win_r": 47.38423064518909,
      "last_r": -1.0884362391462663,
      "losses": 34,
      "max_drawdown_r": 8.658177248371599,
      "peak_cum_r": 24.63880758593961,
      "profit_factor": 1.5088789241050748,
      "rolling_sharpe": 0.18043009260733717,
      "sum_downside_r_squared": 32.1945190823087,
      "sum_r_squared": 110.98626509387908,
      "total_decisions": 72,
      "total_pnl_usd": 159.80630337568022,
      "total_r": 15.98063033756801,
      "win_rate": 0.5277777777777778,
      "wins": 38
    },
    {
      "active": true,
      "agent_id": "gen33-mut40-liq-fade-v0",
      "expectancy_r": 0.18297121513098635,
      "gross_loss_r": 12.968555825523156,
      "gross_win_r": 19.921462000500632,
      "last_r": -1.160831620355443,
      "losses": 17,
      "max_drawdown_r": 8.02040477993566,
      "peak_cum_r": 9.26253915118954,
      "profit_factor": 1.5361357323452778,
      "rolling_sharpe": 0.17768505655197506,
      "sum_downside_r_squared": 12.848010606994494,
      "sum_r_squared": 40.50644107489358,
      "total_decisions": 38,
      "total_pnl_usd": 69.52906174977483,
      "total_r": 6.952906174977482,
      "win_rate": 0.5526315789473685,
      "wins": 21
    },
    {
      "active": true,
      "agent_id": "funding-arb-v0",
      "expectancy_r": 0.0,
      "gross_loss_r": 0.0,
      "gross_win_r": 0.0,
      "last_r": 0.0,
      "losses": 0,
      "max_drawdown_r": 0.0,
      "peak_cum_r": 0.0,
      "profit_factor": 0.0,
      "rolling_sharpe": 0.0,
      "sum_downside_r_squared": 0.0,
      "sum_r_squared": 0.0,
      "total_decisions": 0,
      "total_pnl_usd": 0.0,
      "total_r": 0.0,
      "win_rate": 0.0,
      "wins": 0
    },
    {
      "active": true,
      "agent_id": "polyedge-v0",
      "expectancy_r": 0.0,
      "gross_loss_r": 0.0,
      "gross_win_r": 0.0,
      "last_r": 0.0,
      "losses": 0,
      "max_drawdown_r": 0.0,
      "peak_cum_r": 0.0,
      "profit_factor": 0.0,
      "rolling_sharpe": 0.0,
      "sum_downside_r_squared": 0.0,
      "sum_r_squared": 0.0,
      "total_decisions": 0,
      "total_pnl_usd": 0.0,
      "total_r": 0.0,
      "win_rate": 0.0,
      "wins": 0
    },
    {
      "active": true,
      "agent_id": "gen510-mut366-liq-trend-v1",
      "expectancy_r": 0.0,
      "gross_loss_r": 0.0,
      "gross_win_r": 0.0,
      "last_r": 0.0,
      "losses": 0,
      "max_drawdown_r": 0.0,
      "peak_cum_r": 0.0,
      "profit_factor": 0.0,
      "rolling_sharpe": 0.0,
      "sum_downside_r_squared": 0.0,
      "sum_r_squared": 0.0,
      "total_decisions": 0,
      "total_pnl_usd": 0.0,
      "total_r": 0.0,
      "win_rate": 0.0,
      "wins": 0
    },
    {
      "active": true,
      "agent_id": "gen510-mut367-liq-fade-v0",
      "expectancy_r": 0.0,
      "gross_loss_r": 0.0,
      "gross_win_r": 0.0,
      "last_r": 0.0,
      "losses": 0,
      "max_drawdown_r": 0.0,
      "peak_cum_r": 0.0,
      "profit_factor": 0.0,
      "rolling_sharpe": 0.0,
      "sum_downside_r_squared": 0.0,
      "sum_r_squared": 0.0,
      "total_decisions": 0,
      "total_pnl_usd": 0.0,
      "total_r": 0.0,
      "win_rate": 0.0,
      "wins": 0
    },
    {
      "active": true,
      "agent_id": "gen510-mut368-funding-arb-v1",
      "expectancy_r": 0.0,
      "gross_loss_r": 0.0,
      "gross_win_r": 0.0,
      "last_r": 0.0,
      "losses": 0,
      "max_drawdown_r": 0.0,
      "peak_cum_r": 0.0,
      "profit_factor": 0.0,
      "rolling_sharpe": 0.0,
      "sum_downside_r_squared": 0.0,
      "sum_r_squared": 0.0,
      "total_decisions": 0,
      "total_pnl_usd": 0.0,
      "total_r": 0.0,
      "win_rate": 0.0,
      "wins": 0
    },
    {
      "active": true,
      "agent_id": "gen510-mut369-polyedge-v1",
      "expectancy_r": 0.0,
      "gross_loss_r": 0.0,
      "gross_win_r": 0.0,
      "last_r": 0.0,
      "losses": 0,
      "max_drawdown_r": 0.0,
      "peak_cum_r": 0.0,
      "profit_factor": 0.0,
      "rolling_sharpe": 0.0,
      "sum_downside_r_squared": 0.0,
      "sum_r_squared": 0.0,
      "total_decisions": 0,
      "total_pnl_usd": 0.0,
      "total_r": 0.0,
      "win_rate": 0.0,
      "wins": 0
    },
    {
      "active": true,
      "agent_id": "gen510-mut370-liq-trend-v1",
      "expectancy_r": 0.0,
      "gross_loss_r": 0.0,
      "gross_win_r": 0.0,
      "last_r": 0.0,
      "losses": 0,
      "max_drawdown_r": 0.0,
      "peak_cum_r": 0.0,
      "profit_factor": 0.0,
      "rolling_sharpe": 0.0,
      "sum_downside_r_squared": 0.0,
      "sum_r_squared": 0.0,
      "total_decisions": 0,
      "total_pnl_usd": 0.0,
      "total_r": 0.0,
      "win_rate": 0.0,
      "wins": 0
    },
    {
      "active": true,
      "agent_id": "gen510-mut371-liq-fade-v0",
      "expectancy_r": 0.0,
      "gross_loss_r": 0.0,
      "gross_win_r": 0.0,
      "last_r": 0.0,
      "losses": 0,
      "max_drawdown_r": 0.0,
      "peak_cum_r": 0.0,
      "profit_factor": 0.0,
      "rolling_sharpe": 0.0,
      "sum_downside_r_squared": 0.0,
      "sum_r_squared": 0.0,
      "total_decisions": 0,