{
  "agents": [
    {
      "active": true,
      "agent_id": "vol-breakout-v1",
      "expectancy_r": 0.8732748958389027,
      "gross_loss_r": 44.110155944576924,
      "gross_win_r": 157.63589240363427,
      "last_r": 1.8588774716348233,
      "losses": 43,
      "max_drawdown_r": 5.497204776236835,
      "peak_cum_r": 113.52573645905736,
      "profit_factor": 3.57368703483386,
      "rolling_sharpe": 0.6348212844325932,
      "sum_downside_r_squared": 47.7505208189035,
      "sum_r_squared": 343.25093608063975,
      "total_decisions": 130,
      "total_pnl_usd": 1135.257364590574,
      "total_r": 113.52573645905736,
      "win_rate": 0.6692307692307692,
      "wins": 87
    },
    {
      "active": true,
      "agent_id": "vol-breakout-v0",
      "expectancy_r": 0.8020978822621648,
      "gross_loss_r": 71.28103557685549,
      "gross_win_r": 232.50270991155048,
      "last_r": 1.871397841492901,
      "losses": 70,
      "max_drawdown_r": 5.37468735320202,
      "peak_cum_r": 161.22167433469514,
      "profit_factor": 3.261775141592397,
      "rolling_sharpe": 0.5820756352488903,
      "sum_downside_r_squared": 76.81106269398823,
      "sum_r_squared": 509.09014473908525,
      "total_decisions": 201,
      "total_pnl_usd": 1612.2167433469515,
      "total_r": 161.22167433469514,
      "win_rate": 0.6517412935323383,
      "wins": 131
    },
    {
      "active": true,
      "agent_id": "gen2-mut25-vol-breakout-v0",
      "expectancy_r": 0.7362870883657567,
      "gross_loss_r": 60.321678928629915,
      "gross_win_r": 174.44617762532218,
      "last_r": 1.871397841492901,
      "losses": 60,
      "max_drawdown_r": 5.5079571769171025,
      "peak_cum_r": 114.1244986966923,
      "profit_factor": 2.8919317353835523,
      "rolling_sharpe": 0.5198275651275387,
      "sum_downside_r_squared": 64.5217089229447,
      "sum_r_squared": 392.98428521901445,
      "total_decisions": 155,
      "total_pnl_usd": 1141.2449869669226,
      "total_r": 114.1244986966923,
      "win_rate": 0.6129032258064516,
      "wins": 95
    },
    {
      "active": true,
      "agent_id": "gen29-mut400-liq-fade-v0",
      "expectancy_r": 0.32608014936922614,
      "gross_loss_r": 0.5653403702504272,
      "gross_win_r": 1.5435808183581057,
      "last_r": 0.3420677613266744,
      "losses": 1,
      "max_drawdown_r": 0.5653403702504272,
      "peak_cum_r": 0.9782404481076784,
      "profit_factor": 2.730356612732875,
      "rolling_sharpe": 0.3690629948411364,
      "sum_downside_r_squared": 0.3196097342348901,
      "sum_r_squared": 1.880253713790948,
      "total_decisions": 3,
      "total_pnl_usd": 9.782404481076783,
      "total_r": 0.9782404481076784,
      "win_rate": 0.6666666666666666,
      "wins": 2
    },
    {
      "active": true,
      "agent_id": "gen19-mut261-liq-fade-v0",
      "expectancy_r": 0.19858165780672823,
      "gross_loss_r": 5.838854126194359,
      "gross_win_r": 9.611905624522194,
      "last_r": 0.3140359048723646,
      "losses": 8,
      "max_drawdown_r": 3.5497876891067617,
      "peak_cum_r": 7.0088032825622335,
      "profit_factor": 1.6461972532249285,
      "rolling_sharpe": 0.19155153912103037,
      "sum_downside_r_squared": 5.641990359066757,
      "sum_r_squared": 20.094737366533643,
      "total_decisions": 19,
      "total_pnl_usd": 37.73051498327833,
      "total_r": 3.7730514983278365,
      "win_rate": 0.5789473684210527,
      "wins": 11
    },
    {
      "active": true,
      "agent_id": "gen8-mut106-liq-trend-v1",
      "expectancy_r": 0.1791378313373821,
      "gross_loss_r": 17.13778818173334,
      "gross_win_r": 24.303301435228626,
      "last_r": -1.0578151640546016,
      "losses": 20,
      "max_drawdown_r": 8.459410640376621,
      "peak_cum_r": 11.481274172409922,
      "profit_factor": 1.418111904378232,
      "rolling_sharpe": 0.1488492855025544,
      "sum_downside_r_squared": 17.378123492642768,
      "sum_r_squared": 57.77025198908812,
      "total_decisions": 40,
      "total_pnl_usd": 71.65513253495286,
      "total_r": 7.165513253495283,
      "win_rate": 0.5,
      "wins": 20
    },
    {
      "active": true,
      "agent_id": "gen29-mut405-liq-fade-v0",
      "expectancy_r": 0.3140359048723646,
      "gross_loss_r": 0.0,
      "gross_win_r": 0.3140359048723646,
      "last_r": 0.3140359048723646,
      "losses": 0,
      "max_drawdown_r": 0.0,
      "peak_cum_r": 0.3140359048723646,
      "profit_factor": null,
      "rolling_sharpe": 0.0,
      "sum_downside_r_squared": 0.0,
      "sum_r_squared": 0.09861854954900483,
      "total_decisions": 1,
      "total_pnl_usd": 3.140359048723646,
      "total_r": 0.3140359048723646,
      "win_rate": 1.0,
      "wins": 1
    },
    {
      "active": true,
      "agent_id": "funding-trend-v0",
      "expectancy_r": 0.0,
      "gross_loss_r": 0.0,
      "gross_win_r": 0.0,
      "last_r": 0.0,
      "losses": 0,
      "max_drawdown_r": 0.0,
      "peak_cum_r": 0.0,
      "profit_factor": 0.0,
      "rolling_sharpe": 0.0,
      "sum_downside_r_squared": 0.0,
      "sum_r_squared": 0.0,
      "total_decisions": 0,
      "total_pnl_usd": 0.0,
      "total_r": 0.0,
      "win_rate": 0.0,
      "wins": 0
    },
    {
      "active": true,
      "agent_id": "funding-arb-v0",
      "expectancy_r": 0.0,
      "gross_loss_r": 0.0,
      "gross_win_r": 0.0,
      "last_r": 0.0,
      "losses": 0,
      "max_drawdown_r": 0.0,
      "peak_cum_r": 0.0,
      "profit_factor": 0.0,
      "rolling_sharpe": 0.0,
      "sum_downside_r_squared": 0.0,
      "sum_r_squared": 0.0,
      "total_decisions": 0,
      "total_pnl_usd": 0.0,
      "total_r": 0.0,
      "win_rate": 0.0,
      "wins": 0
    },
    {
      "active": true,
      "agent_id": "polyedge-v0",
      "expectancy_r": 0.0,
      "gross_loss_r": 0.0,
      "gross_win_r": 0.0,
      "last_r": 0.0,
      "losses": 0,
      "max_drawdown_r": 0.0,
      "peak_cum_r": 0.0,
      "profit_factor": 0.0,
      "rolling_sharpe": 0.0,
      "sum_downside_r_squared": 0.0,
      "sum_r_squared": 0.0,
      "total_decisions": 0,
      "total_pnl_usd": 0.0,
      "total_r": 0.0,
      "win_rate": 0.0,
      "wins": 0
    },
    {
      "active": true,
      "agent_id": "gen29-mut395-liq-fade-v0",
      "expectancy_r": 0.0,
      "gross_loss_r": 0.0,
      "gross_win_r": 0.0,
      "last_r": 0.0,
      "losses": 0,
      "max_drawdown_r": 0.0,
      "peak_cum_r": 0.0,
      "profit_factor": 0.0,
      "rolling_sharpe": 0.0,
      "sum_downside_r_squared": 0.0,
      "sum_r_squared": 0.0,
      "total_decisions": 0,
      "total_pnl_usd": 0.0,
      "total_r": 0.0,
      "win_rate": 0.0,
      "wins": 0
    },
    {
      "active": true,
      "agent_id": "gen29-mut396-funding-trend-v1",
      "expectancy_r": 0.0,
      "gross_loss_r": 0.0,
      "gross_win_r": 0.0,
      "last_r": 0.0,
      "losses": 0,
      "max_drawdown_r": 0.0,
      "peak_cum_r": 0.0,
      "profit_factor": 0.0,
      "rolling_sharpe": 0.0,
      "sum_downside_r_squared": 0.0,
      "sum_r_squared": 0.0,
      "total_decisions": 0,
      "total_pnl_usd": 0.0,
      "total_r": 0.0,
      "win_rate": 0.0,
      "wins": 0
    },
    {
      "active": true,
      "agent_id": "gen29-mut397-funding-arb-v1",
      "expectancy_r": 0.0,
      "gross_loss_r": 0.0,
      "gross_win_r": 0.0,
      "last_r": 0.0,
      "losses": 0,
      "max_drawdown_r": 0.0,
      "peak_cum_r": 0.0,
      "profit_factor": 0.0,
      "rolling_sharpe": 0.0,
      "sum_downside_r_squared": 0.0,
      "sum_r_squared": 0.0,
      "total_decisions": 0,
      "total_pnl_usd": 0.0,
      "total_r": 0.0,
      "win_rate": 0.0,
      "wins": 0
    },
    {
      "active": true,
      "agent_id": "gen29-mut398-polyedge-v1",
      "expectancy_r": 0.0,
      "gross_loss_r": 0.0,
      "gross_win_r": 0.0,
      "last_r": 0.0,
      "losses": 0,
      "max_drawdown_r": 0.0,
      "peak_cum_r": 0.0,
      "profit_factor": 0.0,
      "rolling_sharpe": 0.0,
      "sum_downside_r_squared": 0.0,