{
  "agents": [
    {
      "active": true,
      "agent_id": "vol-breakout-v0",
      "expectancy_r": 0.7505708370482498,
      "gross_loss_r": 1475.3636443856626,
      "gross_win_r": 4483.651559275055,
      "last_r": 0.4172071241038598,
      "losses": 1468,
      "max_drawdown_r": 5.374687353202262,
      "peak_cum_r": 3008.9782414013334,
      "profit_factor": 3.0390145347129214,
      "rolling_sharpe": 0.5424478117200271,
      "sum_downside_r_squared": 1586.2160060283052,
      "sum_r_squared": 9929.548037309278,
      "total_decisions": 4008,
      "total_pnl_usd": 30082.879148893826,
      "total_r": 3008.2879148893853,
      "win_rate": 0.6337325349301397,
      "wins": 2540
    },
    {
      "active": true,
      "agent_id": "gen2-mut25-vol-breakout-v0",
      "expectancy_r": 0.7641569425628181,
      "gross_loss_r": 1279.7156326234901,
      "gross_win_r": 3834.292291610984,
      "last_r": 0.4172071241038598,
      "losses": 1258,
      "max_drawdown_r": 5.507957176917216,
      "peak_cum_r": 2556.0761922348843,
      "profit_factor": 2.996206496087311,
      "rolling_sharpe": 0.5417333687183117,
      "sum_downside_r_squared": 1370.0901839172554,
      "sum_r_squared": 8601.772142819025,
      "total_decisions": 3343,
      "total_pnl_usd": 25545.766589875308,
      "total_r": 2554.5766589875007,
      "win_rate": 0.623691295243793,
      "wins": 2085
    },
    {
      "active": true,
      "agent_id": "vol-breakout-v1",
      "expectancy_r": 0.8693927637455784,
      "gross_loss_r": 855.5501337202661,
      "gross_win_r": 3062.0689681065437,
      "last_r": 0.4172071241038598,
      "losses": 840,
      "max_drawdown_r": 5.49720477623714,
      "peak_cum_r": 2206.6360256966227,
      "profit_factor": 3.579064332316181,
      "rolling_sharpe": 0.6359299710918573,
      "sum_downside_r_squared": 923.2637323237484,
      "sum_r_squared": 6660.029857806926,
      "total_decisions": 2538,
      "total_pnl_usd": 22065.18834386282,
      "total_r": 2206.518834386278,
      "win_rate": 0.6690307328605201,
      "wins": 1698
    },
    {
      "active": true,
      "agent_id": "gen8-mut106-liq-trend-v1",
      "expectancy_r": 0.17913783133738218,
      "gross_loss_r": 17.13778818173334,
      "gross_win_r": 24.303301435228622,
      "last_r": -1.0578151640546016,
      "losses": 20,
      "max_drawdown_r": 8.459410640376621,
      "peak_cum_r": 11.481274172409924,
      "profit_factor": 1.418111904378232,
      "rolling_sharpe": 0.14884928550255452,
      "sum_downside_r_squared": 17.378123492642768,
      "sum_r_squared": 57.77025198908811,
      "total_decisions": 40,
      "total_pnl_usd": 71.65513253495286,
      "total_r": 7.165513253495287,
      "win_rate": 0.5,
      "wins": 20
    },
    {
      "active": true,
      "agent_id": "gen31-mut40-liq-fade-v0",
      "expectancy_r": 0.18297121513098635,
      "gross_loss_r": 12.968555825523156,
      "gross_win_r": 19.921462000500632,
      "last_r": -1.160831620355443,
      "losses": 17,
      "max_drawdown_r": 8.02040477993566,
      "peak_cum_r": 9.26253915118954,
      "profit_factor": 1.5361357323452778,
      "rolling_sharpe": 0.17768505655197506,
      "sum_downside_r_squared": 12.848010606994494,
      "sum_r_squared": 40.50644107489358,
      "total_decisions": 38,
      "total_pnl_usd": 69.52906174977483,
      "total_r": 6.952906174977482,
      "win_rate": 0.5526315789473685,
      "wins": 21
    },
    {
      "active": true,
      "agent_id": "funding-trend-v0",
      "expectancy_r": 0.4297,
      "gross_loss_r": 13,
      "gross_win_r": 24,
      "last_r": 1,
      "losses": 13,
      "max_drawdown_r": 3,
      "peak_cum_r": 13.084365000000002,
      "profit_factor": 1.8461538461538463,
      "rolling_sharpe": 0.37564000000000003,
      "sum_downside_r_squared": 13,
      "sum_r_squared": 49,
      "total_decisions": 29,
      "total_pnl_usd": 124.61300000000001,
      "total_r": 12.461300000000001,
      "win_rate": 0.5517241379310345,
      "wins": 16,
      "is_warmup": true
    },
    {
      "active": true,
      "agent_id": "funding-arb-v0",
      "expectancy_r": 0.3025,
      "gross_loss_r": 10,
      "gross_win_r": 16.5,
      "last_r": 1,
      "losses": 10,
      "max_drawdown_r": 3,
      "peak_cum_r": 6.6701250000000005,
      "profit_factor": 1.65,
      "rolling_sharpe": 0.28300000000000003,
      "sum_downside_r_squared": 10,
      "sum_r_squared": 34.75,
      "total_decisions": 21,
      "total_pnl_usd": 63.525,
      "total_r": 6.3525,
      "win_rate": 0.5238095238095238,
      "wins": 11,
      "is_warmup": true
    },
    {
      "active": true,
      "agent_id": "polyedge-v0",
      "expectancy_r": 0.5931000000000001,
      "gross_loss_r": 19,
      "gross_win_r": 52.5,
      "last_r": 1,
      "losses": 19,
      "max_drawdown_r": 3,
      "peak_cum_r": 33.62877000000001,
      "profit_factor": 2.763157894736842,
      "rolling_sharpe": 0.55172,
      "sum_downside_r_squared": 19,
      "sum_r_squared": 97.75,
      "total_decisions": 54,
      "total_pnl_usd": 320.27400000000006,
      "total_r": 32.02740000000001,
      "win_rate": 0.6481481481481481,
      "wins": 35,
      "is_warmup": true
    },
    {
      "active": true,
      "agent_id": "gen588-mut377-liq-trend-v1",
      "expectancy_r": 0.4743,
      "gross_loss_r": 16,
      "gross_win_r": 31.5,
      "last_r": 1,
      "losses": 16,
      "max_drawdown_r": 3,
      "peak_cum_r": 18.426555,
      "profit_factor": 1.96875,
      "rolling_sharpe": 0.38916,
      "sum_downside_r_squared": 16,
      "sum_r_squared": 63.25,
      "total_decisions": 37,
      "total_pnl_usd": 175.49099999999999,
      "total_r": 17.5491,
      "win_rate": 0.5675675675675675,
      "wins": 21,
      "is_warmup": true
    },
    {
      "active": true,
      "agent_id": "gen588-mut378-liq-fade-v0",
      "expectancy_r": 0.42300000000000004,
      "gross_loss_r": 19,
      "gross_win_r": 39,
      "last_r": 1,
      "losses": 19,
      "max_drawdown_r": 3,
      "peak_cum_r": 19.986750000000004,
      "profit_factor": 2.0526315789473686,
      "rolling_sharpe": 0.3876,
      "sum_downside_r_squared": 19,
      "sum_r_squared": 77.5,
      "total_decisions": 45,
      "total_pnl_usd": 190.35000000000002,
      "total_r": 19.035000000000004,
      "win_rate": 0.5777777777777777,
      "wins": 26,
      "is_warmup": true
    },
    {
      "active": true,
      "agent_id": "gen588-mut379-funding-trend-v1",
      "expectancy_r": 0.4092,
      "gross_loss_r": 11,
      "gross_win_r": 19.5,
      "last_r": 1,
      "losses": 11,
      "max_drawdown_r": 3,
      "peak_cum_r": 10.31184,
      "profit_factor": 1.7727272727272727,
      "rolling_sharpe": 0.35104,
      "sum_downside_r_squared": 11,
      "sum_r_squared": 40.25,
      "total_decisions": 24,
      "total_pnl_usd": 98.208,
      "total_r": 9.8208,
      "win_rate": 0.5416666666666666,
      "wins": 13,
      "is_warmup": true
    },
    {
      "active": true,
      "agent_id": "gen588-mut380-funding-arb-v1",
      "expectancy_r": 0.39759999999999995,
      "gross_loss_r": 16,
      "gross_win_r": 36,
      "last_r": 1,
      "losses": 16,
      "max_drawdown_r": 3,
      "peak_cum_r": 16.699199999999998,
      "profit_factor": 2.25,
      "rolling_sharpe": 0.39712000000000003,
      "sum_downside_r_squared": 16,
      "sum_r_squared": 70,
      "total_decisions": 40,
      "total_pnl_usd": 159.04,
      "total_r": 15.903999999999998,
      "win_rate": 0.6,
      "wins": 24,
      "is_warmup": true
    },
    {
      "active": true,
      "agent_id": "gen588-mut381-polyedge-v1",
      "expectancy_r": 0.5553,
      "gross_loss_r": 17,
      "gross_win_r": 39,
      "last_r": 1,
      "losses": 17,
      "max_drawdown_r": 3,
      "peak_cum_r": 25.071795,
      "profit_factor": 2.2941176470588234,
      "rolling_sharpe": 0.50636,
      "sum_downside_r_squared": 17,
      "sum_r_squared": 75.5,
      "total_decisions": 43,
      "total_pnl_usd": 238.779,