{
  "agents": [
    {
      "active": true,
      "agent_id": "vol-breakout-v1",
      "expectancy_r": 0.8767418593129332,
      "gross_loss_r": 696.2852645253294,
      "gross_win_r": 2533.9362016452396,
      "last_r": 0.42094917958510114,
      "losses": 685,
      "max_drawdown_r": 5.49720477623714,
      "peak_cum_r": 1837.6509371199081,
      "profit_factor": 3.639221351858812,
      "rolling_sharpe": 0.6438489750710956,
      "sum_downside_r_squared": 751.33449706415,
      "sum_r_squared": 5495.863465135198,
      "total_decisions": 2096,
      "total_pnl_usd": 18376.50937119914,
      "total_r": 1837.6509371199081,
      "win_rate": 0.6731870229007634,
      "wins": 1411
    },
    {
      "active": true,
      "agent_id": "vol-breakout-v0",
      "expectancy_r": 0.7636043183628545,
      "gross_loss_r": 1199.1002891186945,
      "gross_win_r": 3717.467331079402,
      "last_r": 1.8881532335869917,
      "losses": 1185,
      "max_drawdown_r": 5.374687353202262,
      "peak_cum_r": 2518.367041960694,
      "profit_factor": 3.1002138560166954,
      "rolling_sharpe": 0.553949137985892,
      "sum_downside_r_squared": 1289.0564891800534,
      "sum_r_squared": 8187.961534886947,
      "total_decisions": 3298,
      "total_pnl_usd": 25183.67041960696,
      "total_r": 2518.367041960694,
      "win_rate": 0.6406913280776229,
      "wins": 2113
    },
    {
      "active": true,
      "agent_id": "gen2-mut25-vol-breakout-v0",
      "expectancy_r": 0.7714208891330789,
      "gross_loss_r": 1039.2271182930479,
      "gross_win_r": 3157.5488798524734,
      "last_r": -1.1380723557971608,
      "losses": 1023,
      "max_drawdown_r": 5.507957176917216,
      "peak_cum_r": 2119.459833915232,
      "profit_factor": 3.0383626680554805,
      "rolling_sharpe": 0.5485307360085364,
      "sum_downside_r_squared": 1112.5639172951376,
      "sum_r_squared": 7063.159680776147,
      "total_decisions": 2746,
      "total_pnl_usd": 21183.217615594418,
      "total_r": 2118.321761559435,
      "win_rate": 0.6274581209031318,
      "wins": 1723
    },
    {
      "active": true,
      "agent_id": "gen31-mut40-liq-fade-v0",
      "expectancy_r": 0.18297121513098635,
      "gross_loss_r": 12.968555825523156,
      "gross_win_r": 19.921462000500632,
      "last_r": -1.160831620355443,
      "losses": 17,
      "max_drawdown_r": 8.02040477993566,
      "peak_cum_r": 9.26253915118954,
      "profit_factor": 1.5361357323452778,
      "rolling_sharpe": 0.17768505655197506,
      "sum_downside_r_squared": 12.848010606994494,
      "sum_r_squared": 40.50644107489358,
      "total_decisions": 38,
      "total_pnl_usd": 69.52906174977483,
      "total_r": 6.952906174977482,
      "win_rate": 0.5526315789473685,
      "wins": 21
    },
    {
      "active": true,
      "agent_id": "gen8-mut106-liq-trend-v1",
      "expectancy_r": 0.17913783133738218,
      "gross_loss_r": 17.13778818173334,
      "gross_win_r": 24.303301435228622,
      "last_r": -1.0578151640546016,
      "losses": 20,
      "max_drawdown_r": 8.459410640376621,
      "peak_cum_r": 11.481274172409924,
      "profit_factor": 1.418111904378232,
      "rolling_sharpe": 0.14884928550255452,
      "sum_downside_r_squared": 17.378123492642768,
      "sum_r_squared": 57.77025198908811,
      "total_decisions": 40,
      "total_pnl_usd": 71.65513253495286,
      "total_r": 7.165513253495287,
      "win_rate": 0.5,
      "wins": 20
    },
    {
      "active": true,
      "agent_id": "gen476-mut387-liq-trend-v1",
      "expectancy_r": 0.022397473993988195,
      "gross_loss_r": 0,
      "gross_win_r": 0.022397473993988195,
      "last_r": 0.022397473993988195,
      "losses": 0,
      "max_drawdown_r": 0,
      "peak_cum_r": 0.022397473993988195,
      "profit_factor": null,
      "rolling_sharpe": 0,
      "sum_downside_r_squared": 0,
      "sum_r_squared": 0.0005016468413113775,
      "total_decisions": 1,
      "total_pnl_usd": 0.22397473993988196,
      "total_r": 0.022397473993988195,
      "win_rate": 1,
      "wins": 1
    },
    {
      "active": true,
      "agent_id": "funding-trend-v0",
      "expectancy_r": 0.4297,
      "gross_loss_r": 13,
      "gross_win_r": 24,
      "last_r": 1,
      "losses": 13,
      "max_drawdown_r": 3,
      "peak_cum_r": 13.084365000000002,
      "profit_factor": 1.8461538461538463,
      "rolling_sharpe": 0.37564000000000003,
      "sum_downside_r_squared": 13,
      "sum_r_squared": 49,
      "total_decisions": 29,
      "total_pnl_usd": 124.61300000000001,
      "total_r": 12.461300000000001,
      "win_rate": 0.5517241379310345,
      "wins": 16,
      "is_warmup": true
    },
    {
      "active": true,
      "agent_id": "funding-arb-v0",
      "expectancy_r": 0.3025,
      "gross_loss_r": 10,
      "gross_win_r": 16.5,
      "last_r": 1,
      "losses": 10,
      "max_drawdown_r": 3,
      "peak_cum_r": 6.6701250000000005,
      "profit_factor": 1.65,
      "rolling_sharpe": 0.28300000000000003,
      "sum_downside_r_squared": 10,
      "sum_r_squared": 34.75,
      "total_decisions": 21,
      "total_pnl_usd": 63.525,
      "total_r": 6.3525,
      "win_rate": 0.5238095238095238,
      "wins": 11,
      "is_warmup": true
    },
    {
      "active": true,
      "agent_id": "polyedge-v0",
      "expectancy_r": 0.5931000000000001,
      "gross_loss_r": 19,
      "gross_win_r": 52.5,
      "last_r": 1,
      "losses": 19,
      "max_drawdown_r": 3,
      "peak_cum_r": 33.62877000000001,
      "profit_factor": 2.763157894736842,
      "rolling_sharpe": 0.55172,
      "sum_downside_r_squared": 19,
      "sum_r_squared": 97.75,
      "total_decisions": 54,
      "total_pnl_usd": 320.27400000000006,
      "total_r": 32.02740000000001,
      "win_rate": 0.6481481481481481,
      "wins": 35,
      "is_warmup": true
    },
    {
      "active": true,
      "agent_id": "gen476-mut378-liq-fade-v0",
      "expectancy_r": 0.41840000000000005,
      "gross_loss_r": 19,
      "gross_win_r": 37.5,
      "last_r": 1,
      "losses": 19,
      "max_drawdown_r": 3,
      "peak_cum_r": 19.330080000000002,
      "profit_factor": 1.9736842105263157,
      "rolling_sharpe": 0.38208,
      "sum_downside_r_squared": 19,
      "sum_r_squared": 75.25,
      "total_decisions": 44,
      "total_pnl_usd": 184.096,
      "total_r": 18.4096,
      "win_rate": 0.5681818181818182,
      "wins": 25,
      "is_warmup": true
    },
    {
      "active": true,
      "agent_id": "gen476-mut379-funding-trend-v1",
      "expectancy_r": 0.4502,
      "gross_loss_r": 14,
      "gross_win_r": 28.5,
      "last_r": 1,
      "losses": 14,
      "max_drawdown_r": 3,
      "peak_cum_r": 15.599430000000002,
      "profit_factor": 2.0357142857142856,
      "rolling_sharpe": 0.40024000000000004,
      "sum_downside_r_squared": 14,
      "sum_r_squared": 56.75,
      "total_decisions": 33,
      "total_pnl_usd": 148.566,
      "total_r": 14.8566,
      "win_rate": 0.5757575757575758,
      "wins": 19,
      "is_warmup": true
    },
    {
      "active": true,
      "agent_id": "gen476-mut380-funding-arb-v1",
      "expectancy_r": 0.39899999999999997,
      "gross_loss_r": 16,
      "gross_win_r": 36,
      "last_r": 1,
      "losses": 16,
      "max_drawdown_r": 3,
      "peak_cum_r": 16.758,
      "profit_factor": 2.25,
      "rolling_sharpe": 0.39880000000000004,
      "sum_downside_r_squared": 16,
      "sum_r_squared": 70,
      "total_decisions": 40,
      "total_pnl_usd": 159.6,
      "total_r": 15.959999999999999,
      "win_rate": 0.6,
      "wins": 24,
      "is_warmup": true
    },
    {
      "active": true,
      "agent_id": "gen476-mut381-polyedge-v1",
      "expectancy_r": 0.5555000000000001,
      "gross_loss_r": 17,
      "gross_win_r": 40.5,
      "last_r": 1,
      "losses": 17,
      "max_drawdown_r": 3,
      "peak_cum_r": 25.664100000000005,
      "profit_factor": 2.3823529411764706,
      "rolling_sharpe": 0.5066,
      "sum_downside_r_squared": 17,
      "sum_r_squared": 77.75,