{
  "agents": [
    {
      "active": true,
      "agent_id": "vol-breakout-v1",
      "expectancy_r": 0.8421598469363183,
      "gross_loss_r": 352.8812475566154,
      "gross_win_r": 1201.7783732684243,
      "last_r": -1.1417083845731337,
      "losses": 344,
      "max_drawdown_r": 5.497204776236856,
      "peak_cum_r": 850.038834096382,
      "profit_factor": 3.4056169932226674,
      "rolling_sharpe": 0.6097139214048738,
      "sum_downside_r_squared": 382.00416655122774,
      "sum_r_squared": 2636.079346119454,
      "total_decisions": 1008,
      "total_pnl_usd": 8488.971257118084,
      "total_r": 848.8971257118088,
      "win_rate": 0.6587301587301587,
      "wins": 664
    },
    {
      "active": true,
      "agent_id": "vol-breakout-v0",
      "expectancy_r": 0.780751730918151,
      "gross_loss_r": 570.248284614843,
      "gross_win_r": 1800.7130125418507,
      "last_r": 1.8852232971661589,
      "losses": 560,
      "max_drawdown_r": 5.374687353202262,
      "peak_cum_r": 1230.464727927006,
      "profit_factor": 3.1577701522733874,
      "rolling_sharpe": 0.5655099072170798,
      "sum_downside_r_squared": 614.4885015519055,
      "sum_r_squared": 3962.79354605866,
      "total_decisions": 1576,
      "total_pnl_usd": 12304.647279270088,
      "total_r": 1230.464727927006,
      "win_rate": 0.6446700507614214,
      "wins": 1016
    },
    {
      "active": true,
      "agent_id": "gen2-mut25-vol-breakout-v0",
      "expectancy_r": 0.7683085675099451,
      "gross_loss_r": 495.4785641510058,
      "gross_win_r": 1498.8895533189914,
      "last_r": -0.01764509770260984,
      "losses": 490,
      "max_drawdown_r": 5.507957176917159,
      "peak_cum_r": 1003.428634265691,
      "profit_factor": 3.02513501444268,
      "rolling_sharpe": 0.5457104713058419,
      "sum_downside_r_squared": 530.9792866571773,
      "sum_r_squared": 3357.6961250454942,
      "total_decisions": 1306,
      "total_pnl_usd": 10034.10989167985,
      "total_r": 1003.4109891679884,
      "win_rate": 0.6248085758039816,
      "wins": 816
    },
    {
      "active": true,
      "agent_id": "gen232-mut363-funding-arb-v1",
      "expectancy_r": 0.1520663838572692,
      "gross_loss_r": 0.19417201240479648,
      "gross_win_r": 0.4983047801193349,
      "last_r": 0.4983047801193349,
      "losses": 1,
      "max_drawdown_r": 0.19417201240479648,
      "peak_cum_r": 0.3041327677145384,
      "profit_factor": 2.5663058952105997,
      "rolling_sharpe": 0.31055819451810585,
      "sum_downside_r_squared": 0.03770277040132844,
      "sum_r_squared": 0.2860104242911071,
      "total_decisions": 2,
      "total_pnl_usd": 3.0413276771453845,
      "total_r": 0.3041327677145384,
      "win_rate": 0.5,
      "wins": 1
    },
    {
      "active": true,
      "agent_id": "gen58-mut389-liq-trend-v1",
      "expectancy_r": 0.3144873896258217,
      "gross_loss_r": 16.813860586394878,
      "gross_win_r": 30.651305729931025,
      "last_r": -1.0795628261391592,
      "losses": 16,
      "max_drawdown_r": 9.99751276274388,
      "peak_cum_r": 17.093247681986966,
      "profit_factor": 1.822978463062366,
      "rolling_sharpe": 0.25851129788921884,
      "sum_downside_r_squared": 17.927360247200337,
      "sum_r_squared": 67.98960653810465,
      "total_decisions": 44,
      "total_pnl_usd": 138.37445143536152,
      "total_r": 13.837445143536154,
      "win_rate": 0.6363636363636364,
      "wins": 28
    },
    {
      "active": true,
      "agent_id": "gen222-mut242-liq-fade-v0",
      "expectancy_r": 0.19224672714403052,
      "gross_loss_r": 12.126501522219339,
      "gross_win_r": 17.89390333654026,
      "last_r": 0.9368212108465377,
      "losses": 15,
      "max_drawdown_r": 9.46134000220949,
      "peak_cum_r": 13.011724015584697,
      "profit_factor": 1.4756031080978576,
      "rolling_sharpe": 0.16618162126707267,
      "sum_downside_r_squared": 11.902539503648468,
      "sum_r_squared": 39.91932549857797,
      "total_decisions": 30,
      "total_pnl_usd": 57.674018143209175,
      "total_r": 5.767401814320915,
      "win_rate": 0.5,
      "wins": 15
    },
    {
      "active": true,
      "agent_id": "gen175-mut13-funding-arb-v1",
      "expectancy_r": 0.1823833296685997,
      "gross_loss_r": 37.866021971509056,
      "gross_win_r": 50.63285504831104,
      "last_r": -1.0804231105841575,
      "losses": 37,
      "max_drawdown_r": 7.793902855139553,
      "peak_cum_r": 20.56073593194153,
      "profit_factor": 1.3371580222080877,
      "rolling_sharpe": 0.13301059966762246,
      "sum_downside_r_squared": 40.53717142025037,
      "sum_r_squared": 132.06038424207438,
      "total_decisions": 70,
      "total_pnl_usd": 127.6683307680198,
      "total_r": 12.766833076801976,
      "win_rate": 0.4714285714285714,
      "wins": 33
    },
    {
      "active": true,
      "agent_id": "gen231-mut357-liq-trend-v1",
      "expectancy_r": 0.4916,
      "gross_loss_r": 18,
      "gross_win_r": 36,
      "last_r": 1,
      "losses": 18,
      "max_drawdown_r": 3,
      "peak_cum_r": 21.67956,
      "profit_factor": 2,
      "rolling_sharpe": 0.40992,
      "sum_downside_r_squared": 18,
      "sum_r_squared": 72,
      "total_decisions": 42,
      "total_pnl_usd": 206.47199999999998,
      "total_r": 20.647199999999998,
      "win_rate": 0.5714285714285714,
      "wins": 24,
      "is_warmup": true
    },
    {
      "active": true,
      "agent_id": "funding-trend-v0",
      "expectancy_r": 0.4297,
      "gross_loss_r": 13,
      "gross_win_r": 24,
      "last_r": 1,
      "losses": 13,
      "max_drawdown_r": 3,
      "peak_cum_r": 13.084365000000002,
      "profit_factor": 1.8461538461538463,
      "rolling_sharpe": 0.37564000000000003,
      "sum_downside_r_squared": 13,
      "sum_r_squared": 49,
      "total_decisions": 29,
      "total_pnl_usd": 124.61300000000001,
      "total_r": 12.461300000000001,
      "win_rate": 0.5517241379310345,
      "wins": 16,
      "is_warmup": true
    },
    {
      "active": true,
      "agent_id": "polyedge-v0",
      "expectancy_r": 0.5931000000000001,
      "gross_loss_r": 19,
      "gross_win_r": 52.5,
      "last_r": 1,
      "losses": 19,
      "max_drawdown_r": 3,
      "peak_cum_r": 33.62877000000001,
      "profit_factor": 2.763157894736842,
      "rolling_sharpe": 0.55172,
      "sum_downside_r_squared": 19,
      "sum_r_squared": 97.75,
      "total_decisions": 54,
      "total_pnl_usd": 320.27400000000006,
      "total_r": 32.02740000000001,
      "win_rate": 0.6481481481481481,
      "wins": 35,
      "is_warmup": true
    },
    {
      "active": true,
      "agent_id": "gen232-mut361-liq-fade-v0",
      "expectancy_r": 0.4248,
      "gross_loss_r": 19,
      "gross_win_r": 39,
      "last_r": 1,
      "losses": 19,
      "max_drawdown_r": 3,
      "peak_cum_r": 20.0718,
      "profit_factor": 2.0526315789473686,
      "rolling_sharpe": 0.38976,
      "sum_downside_r_squared": 19,
      "sum_r_squared": 77.5,
      "total_decisions": 45,
      "total_pnl_usd": 191.16,
      "total_r": 19.116,
      "win_rate": 0.5777777777777777,
      "wins": 26,
      "is_warmup": true
    },
    {
      "active": true,
      "agent_id": "gen232-mut362-funding-trend-v1",
      "expectancy_r": 0.4064,
      "gross_loss_r": 11,
      "gross_win_r": 18,
      "last_r": 1,
      "losses": 11,
      "max_drawdown_r": 3,
      "peak_cum_r": 9.81456,
      "profit_factor": 1.6363636363636365,
      "rolling_sharpe": 0.34768000000000004,
      "sum_downside_r_squared": 11,
      "sum_r_squared": 38,
      "total_decisions": 23,
      "total_pnl_usd": 93.472,
      "total_r": 9.347199999999999,
      "win_rate": 0.5217391304347826,
      "wins": 12,
      "is_warmup": true
    },
    {
      "active": true,
      "agent_id": "gen232-mut364-polyedge-v1",
      "expectancy_r": 0.5996,
      "gross_loss_r": 19,
      "gross_win_r": 55.5,
      "last_r": 1,
      "losses": 19,
      "max_drawdown_r": 3,
      "peak_cum_r": 35.25648,