{
  "agents": [
    {
      "active": true,
      "agent_id": "vol-breakout-v1",
      "expectancy_r": 0.8732864580155815,
      "gross_loss_r": 220.5507797228845,
      "gross_win_r": 788.1869774330124,
      "last_r": 1.8591339151130082,
      "losses": 215,
      "max_drawdown_r": 5.497204776236856,
      "peak_cum_r": 567.6361977101279,
      "profit_factor": 3.573721110500475,
      "rolling_sharpe": 0.6367912610958585,
      "sum_downside_r_squared": 238.7526040945176,
      "sum_r_squared": 1716.2825657338808,
      "total_decisions": 650,
      "total_pnl_usd": 5676.361977101271,
      "total_r": 567.6361977101279,
      "win_rate": 0.6692307692307692,
      "wins": 435
    },
    {
      "active": true,
      "agent_id": "vol-breakout-v0",
      "expectancy_r": 0.8021053602868821,
      "gross_loss_r": 356.4051778842769,
      "gross_win_r": 1162.5210649725932,
      "last_r": 1.8377889238327885,
      "losses": 350,
      "max_drawdown_r": 5.37468735320202,
      "peak_cum_r": 806.1158870883165,
      "profit_factor": 3.261796228308609,
      "rolling_sharpe": 0.583241631315114,
      "sum_downside_r_squared": 384.0553134699412,
      "sum_r_squared": 2545.478609026111,
      "total_decisions": 1005,
      "total_pnl_usd": 8061.158870883163,
      "total_r": 806.1158870883165,
      "win_rate": 0.6517412935323383,
      "wins": 655
    },
    {
      "active": true,
      "agent_id": "gen2-mut25-vol-breakout-v0",
      "expectancy_r": 0.7871829781308302,
      "gross_loss_r": 309.9476910221667,
      "gross_win_r": 964.096745848886,
      "last_r": 1.837819482668835,
      "losses": 308,
      "max_drawdown_r": 5.507957176917159,
      "peak_cum_r": 654.1490548267199,
      "profit_factor": 3.110514366696593,
      "rolling_sharpe": 0.5609362183017197,
      "sum_downside_r_squared": 331.30558397272193,
      "sum_r_squared": 2149.5012105498417,
      "total_decisions": 831,
      "total_pnl_usd": 6541.490548267184,
      "total_r": 654.1490548267199,
      "win_rate": 0.6293622141997594,
      "wins": 523
    },
    {
      "active": true,
      "agent_id": "gen33-mut40-liq-fade-v0",
      "expectancy_r": 0.18297121513098635,
      "gross_loss_r": 12.968555825523156,
      "gross_win_r": 19.921462000500632,
      "last_r": -1.160831620355443,
      "losses": 17,
      "max_drawdown_r": 8.02040477993566,
      "peak_cum_r": 9.26253915118954,
      "profit_factor": 1.5361357323452778,
      "rolling_sharpe": 0.17768505655197506,
      "sum_downside_r_squared": 12.848010606994496,
      "sum_r_squared": 40.50644107489357,
      "total_decisions": 38,
      "total_pnl_usd": 69.52906174977483,
      "total_r": 6.952906174977482,
      "win_rate": 0.5526315789473685,
      "wins": 21
    },
    {
      "active": true,
      "agent_id": "gen8-mut106-liq-trend-v1",
      "expectancy_r": 0.17913783133738218,
      "gross_loss_r": 17.13778818173334,
      "gross_win_r": 24.303301435228622,
      "last_r": -1.0578151640546016,
      "losses": 20,
      "max_drawdown_r": 8.459410640376621,
      "peak_cum_r": 11.481274172409924,
      "profit_factor": 1.418111904378232,
      "rolling_sharpe": 0.14884928550255452,
      "sum_downside_r_squared": 17.378123492642768,
      "sum_r_squared": 57.77025198908811,
      "total_decisions": 40,
      "total_pnl_usd": 71.65513253495286,
      "total_r": 7.165513253495287,
      "win_rate": 0.5,
      "wins": 20
    },
    {
      "active": true,
      "agent_id": "funding-trend-v0",
      "expectancy_r": 0.4297,
      "gross_loss_r": 13,
      "gross_win_r": 24,
      "last_r": 1,
      "losses": 13,
      "max_drawdown_r": 3,
      "peak_cum_r": 13.084365000000002,
      "profit_factor": 1.8461538461538463,
      "rolling_sharpe": 0.37564000000000003,
      "sum_downside_r_squared": 13,
      "sum_r_squared": 49,
      "total_decisions": 29,
      "total_pnl_usd": 124.61300000000001,
      "total_r": 12.461300000000001,
      "win_rate": 0.5517241379310345,
      "wins": 16,
      "is_warmup": true
    },
    {
      "active": true,
      "agent_id": "funding-arb-v0",
      "expectancy_r": 0.3025,
      "gross_loss_r": 10,
      "gross_win_r": 16.5,
      "last_r": 1,
      "losses": 10,
      "max_drawdown_r": 3,
      "peak_cum_r": 6.6701250000000005,
      "profit_factor": 1.65,
      "rolling_sharpe": 0.28300000000000003,
      "sum_downside_r_squared": 10,
      "sum_r_squared": 34.75,
      "total_decisions": 21,
      "total_pnl_usd": 63.525,
      "total_r": 6.3525,
      "win_rate": 0.5238095238095238,
      "wins": 11,
      "is_warmup": true
    },
    {
      "active": true,
      "agent_id": "polyedge-v0",
      "expectancy_r": 0.5931000000000001,
      "gross_loss_r": 19,
      "gross_win_r": 52.5,
      "last_r": 1,
      "losses": 19,
      "max_drawdown_r": 3,
      "peak_cum_r": 33.62877000000001,
      "profit_factor": 2.763157894736842,
      "rolling_sharpe": 0.55172,
      "sum_downside_r_squared": 19,
      "sum_r_squared": 97.75,
      "total_decisions": 54,
      "total_pnl_usd": 320.27400000000006,
      "total_r": 32.02740000000001,
      "win_rate": 0.6481481481481481,
      "wins": 35,
      "is_warmup": true
    },
    {
      "active": true,
      "agent_id": "gen150-mut406-liq-trend-v1",
      "expectancy_r": 0.4805,
      "gross_loss_r": 17,
      "gross_win_r": 33,
      "last_r": 1,
      "losses": 17,
      "max_drawdown_r": 3,
      "peak_cum_r": 19.676475,
      "profit_factor": 1.9411764705882353,
      "rolling_sharpe": 0.3966,
      "sum_downside_r_squared": 17,
      "sum_r_squared": 66.5,
      "total_decisions": 39,
      "total_pnl_usd": 187.39499999999998,
      "total_r": 18.7395,
      "win_rate": 0.5641025641025641,
      "wins": 22,
      "is_warmup": true
    },
    {
      "active": true,
      "agent_id": "gen150-mut407-liq-fade-v0",
      "expectancy_r": 0.37820000000000004,
      "gross_loss_r": 15,
      "gross_win_r": 27,
      "last_r": 1,
      "losses": 15,
      "max_drawdown_r": 3,
      "peak_cum_r": 13.104630000000002,
      "profit_factor": 1.8,
      "rolling_sharpe": 0.33383999999999997,
      "sum_downside_r_squared": 15,
      "sum_r_squared": 55.5,
      "total_decisions": 33,
      "total_pnl_usd": 124.80600000000001,
      "total_r": 12.4806,
      "win_rate": 0.5454545454545454,
      "wins": 18,
      "is_warmup": true
    },
    {
      "active": true,
      "agent_id": "gen150-mut408-funding-trend-v1",
      "expectancy_r": 0.4622,
      "gross_loss_r": 15,
      "gross_win_r": 31.5,
      "last_r": 1,
      "losses": 15,
      "max_drawdown_r": 3,
      "peak_cum_r": 17.47116,
      "profit_factor": 2.1,
      "rolling_sharpe": 0.41464,
      "sum_downside_r_squared": 15,
      "sum_r_squared": 62.25,
      "total_decisions": 36,
      "total_pnl_usd": 166.392,
      "total_r": 16.6392,
      "win_rate": 0.5833333333333334,
      "wins": 21,
      "is_warmup": true
    },
    {
      "active": true,
      "agent_id": "gen150-mut409-funding-arb-v1",
      "expectancy_r": 0.37229999999999996,
      "gross_loss_r": 15,
      "gross_win_r": 28.5,
      "last_r": 1,
      "losses": 15,
      "max_drawdown_r": 3,
      "peak_cum_r": 13.29111,
      "profit_factor": 1.9,
      "rolling_sharpe": 0.36676000000000003,
      "sum_downside_r_squared": 15,
      "sum_r_squared": 57.75,
      "total_decisions": 34,
      "total_pnl_usd": 126.582,
      "total_r": 12.658199999999999,
      "win_rate": 0.5588235294117647,
      "wins": 19,
      "is_warmup": true
    },
    {
      "active": true,
      "agent_id": "gen150-mut410-polyedge-v1",
      "expectancy_r": 0.5333,
      "gross_loss_r": 15,
      "gross_win_r": 33,
      "last_r": 1,
      "losses": 15,
      "max_drawdown_r": 3,
      "peak_cum_r": 20.718705,
      "profit_factor": 2.2,
      "rolling_sharpe": 0.47996,
      "sum_downside_r_squared": 15,
      "sum_r_squared": 64.5,
      "total_decisions": 37,
      "total_pnl_usd": 197.321,
      "total_r": 19.7321,