{
  "agents": [
    {
      "active": true,
      "agent_id": "vol-breakout-v0",
      "expectancy_r": 0.7521055354694084,
      "gross_loss_r": 1896.2054001515373,
      "gross_win_r": 5777.069963173677,
      "last_r": 0.8942422359262094,
      "losses": 1882,
      "max_drawdown_r": 5.374687353202262,
      "peak_cum_r": 3880.864563022147,
      "profit_factor": 3.046647774925647,
      "rolling_sharpe": 0.5439368826525837,
      "sum_downside_r_squared": 2039.274318614602,
      "sum_r_squared": 12782.206917270929,
      "total_decisions": 5160,
      "total_pnl_usd": 38808.645630221305,
      "total_r": 3880.864563022147,
      "win_rate": 0.6352713178294573,
      "wins": 3278
    },
    {
      "active": true,
      "agent_id": "gen2-mut25-vol-breakout-v0",
      "expectancy_r": 0.7655447446120085,
      "gross_loss_r": 1645.9325488587112,
      "gross_win_r": 4944.664853391857,
      "last_r": 1.874056867274539,
      "losses": 1618,
      "max_drawdown_r": 5.507957176917216,
      "peak_cum_r": 3299.754528399764,
      "profit_factor": 3.0041722285767327,
      "rolling_sharpe": 0.5430749935771905,
      "sum_downside_r_squared": 1762.139710164464,
      "sum_r_squared": 11085.789934234585,
      "total_decisions": 4309,
      "total_pnl_usd": 32987.32304533201,
      "total_r": 3298.7323045331445,
      "win_rate": 0.6245068461359944,
      "wins": 2691
    },
    {
      "active": true,
      "agent_id": "vol-breakout-v1",
      "expectancy_r": 0.8701077295253741,
      "gross_loss_r": 1099.9930290689147,
      "gross_win_r": 3945.2453046168835,
      "last_r": 1.874056867274539,
      "losses": 1080,
      "max_drawdown_r": 5.49720477623714,
      "peak_cum_r": 2845.252275547973,
      "profit_factor": 3.586609369657845,
      "rolling_sharpe": 0.6369423906383322,
      "sum_downside_r_squared": 1187.053370130535,
      "sum_r_squared": 8576.109068621452,
      "total_decisions": 3270,
      "total_pnl_usd": 28452.522755479742,
      "total_r": 2845.252275547973,
      "win_rate": 0.6697247706422018,
      "wins": 2190
    },
    {
      "active": true,
      "agent_id": "gen8-mut106-liq-trend-v1",
      "expectancy_r": 0.17913783133738218,
      "gross_loss_r": 17.13778818173334,
      "gross_win_r": 24.303301435228622,
      "last_r": -1.0578151640546016,
      "losses": 20,
      "max_drawdown_r": 8.459410640376621,
      "peak_cum_r": 11.481274172409924,
      "profit_factor": 1.418111904378232,
      "rolling_sharpe": 0.14884928550255452,
      "sum_downside_r_squared": 17.378123492642768,
      "sum_r_squared": 57.77025198908811,
      "total_decisions": 40,
      "total_pnl_usd": 71.65513253495286,
      "total_r": 7.165513253495287,
      "win_rate": 0.5,
      "wins": 20
    },
    {
      "active": true,
      "agent_id": "gen31-mut40-liq-fade-v0",
      "expectancy_r": 0.18297121513098635,
      "gross_loss_r": 12.968555825523156,
      "gross_win_r": 19.921462000500632,
      "last_r": -1.160831620355443,
      "losses": 17,
      "max_drawdown_r": 8.02040477993566,
      "peak_cum_r": 9.26253915118954,
      "profit_factor": 1.5361357323452778,
      "rolling_sharpe": 0.17768505655197506,
      "sum_downside_r_squared": 12.848010606994494,
      "sum_r_squared": 40.50644107489358,
      "total_decisions": 38,
      "total_pnl_usd": 69.52906174977483,
      "total_r": 6.952906174977482,
      "win_rate": 0.5526315789473685,
      "wins": 21
    },
    {
      "active": true,
      "agent_id": "funding-trend-v0",
      "expectancy_r": 0.4297,
      "gross_loss_r": 13,
      "gross_win_r": 24,
      "last_r": 1,
      "losses": 13,
      "max_drawdown_r": 3,
      "peak_cum_r": 13.084365000000002,
      "profit_factor": 1.8461538461538463,
      "rolling_sharpe": 0.37564000000000003,
      "sum_downside_r_squared": 13,
      "sum_r_squared": 49,
      "total_decisions": 29,
      "total_pnl_usd": 124.61300000000001,
      "total_r": 12.461300000000001,
      "win_rate": 0.5517241379310345,
      "wins": 16,
      "is_warmup": true
    },
    {
      "active": true,
      "agent_id": "funding-arb-v0",
      "expectancy_r": 0.3025,
      "gross_loss_r": 10,
      "gross_win_r": 16.5,
      "last_r": 1,
      "losses": 10,
      "max_drawdown_r": 3,
      "peak_cum_r": 6.6701250000000005,
      "profit_factor": 1.65,
      "rolling_sharpe": 0.28300000000000003,
      "sum_downside_r_squared": 10,
      "sum_r_squared": 34.75,
      "total_decisions": 21,
      "total_pnl_usd": 63.525,
      "total_r": 6.3525,
      "win_rate": 0.5238095238095238,
      "wins": 11,
      "is_warmup": true
    },
    {
      "active": true,
      "agent_id": "polyedge-v0",
      "expectancy_r": 0.5931000000000001,
      "gross_loss_r": 19,
      "gross_win_r": 52.5,
      "last_r": 1,
      "losses": 19,
      "max_drawdown_r": 3,
      "peak_cum_r": 33.62877000000001,
      "profit_factor": 2.763157894736842,
      "rolling_sharpe": 0.55172,
      "sum_downside_r_squared": 19,
      "sum_r_squared": 97.75,
      "total_decisions": 54,
      "total_pnl_usd": 320.27400000000006,
      "total_r": 32.02740000000001,
      "win_rate": 0.6481481481481481,
      "wins": 35,
      "is_warmup": true
    },
    {
      "active": true,
      "agent_id": "gen756-mut377-liq-trend-v1",
      "expectancy_r": 0.501,
      "gross_loss_r": 19,
      "gross_win_r": 39,
      "last_r": 1,
      "losses": 19,
      "max_drawdown_r": 3,
      "peak_cum_r": 23.672250000000002,
      "profit_factor": 2.0526315789473686,
      "rolling_sharpe": 0.42119999999999996,
      "sum_downside_r_squared": 19,
      "sum_r_squared": 77.5,
      "total_decisions": 45,
      "total_pnl_usd": 225.45000000000002,
      "total_r": 22.545,
      "win_rate": 0.5777777777777777,
      "wins": 26,
      "is_warmup": true
    },
    {
      "active": true,
      "agent_id": "gen756-mut378-liq-fade-v0",
      "expectancy_r": 0.4313,
      "gross_loss_r": 19,
      "gross_win_r": 42,
      "last_r": 1,
      "losses": 19,
      "max_drawdown_r": 3,
      "peak_cum_r": 21.284655,
      "profit_factor": 2.210526315789474,
      "rolling_sharpe": 0.39755999999999997,
      "sum_downside_r_squared": 19,
      "sum_r_squared": 82,
      "total_decisions": 47,
      "total_pnl_usd": 202.711,
      "total_r": 20.2711,
      "win_rate": 0.5957446808510638,
      "wins": 28,
      "is_warmup": true
    },
    {
      "active": true,
      "agent_id": "gen756-mut379-funding-trend-v1",
      "expectancy_r": 0.43570000000000003,
      "gross_loss_r": 13,
      "gross_win_r": 25.5,
      "last_r": 1,
      "losses": 13,
      "max_drawdown_r": 3,
      "peak_cum_r": 13.724550000000002,
      "profit_factor": 1.9615384615384615,
      "rolling_sharpe": 0.38284,
      "sum_downside_r_squared": 13,
      "sum_r_squared": 51.25,
      "total_decisions": 30,
      "total_pnl_usd": 130.71,
      "total_r": 13.071000000000002,
      "win_rate": 0.5666666666666667,
      "wins": 17,
      "is_warmup": true
    },
    {
      "active": true,
      "agent_id": "gen756-mut380-funding-arb-v1",
      "expectancy_r": 0.3917,
      "gross_loss_r": 16,
      "gross_win_r": 33,
      "last_r": 1,
      "losses": 16,
      "max_drawdown_r": 3,
      "peak_cum_r": 15.628829999999999,
      "profit_factor": 2.0625,
      "rolling_sharpe": 0.39004000000000005,
      "sum_downside_r_squared": 16,
      "sum_r_squared": 65.5,
      "total_decisions": 38,
      "total_pnl_usd": 148.846,
      "total_r": 14.884599999999999,
      "win_rate": 0.5789473684210527,
      "wins": 22,
      "is_warmup": true
    },
    {
      "active": true,
      "agent_id": "gen756-mut381-polyedge-v1",
      "expectancy_r": 0.5182,
      "gross_loss_r": 14,
      "gross_win_r": 28.5,
      "last_r": 1,
      "losses": 14,
      "max_drawdown_r": 3,
      "peak_cum_r": 17.95563,
      "profit_factor": 2.0357142857142856,
      "rolling_sharpe": 0.46184000000000003,
      "sum_downside_r_squared": 14,
      "sum_r_squared": 56.75,