{
  "agents": [
    {
      "active": true,
      "agent_id": "vol-breakout-v0",
      "expectancy_r": 0.7529350752136686,
      "gross_loss_r": 2036.4859854068286,
      "gross_win_r": 6210.758042391398,
      "last_r": 1.8740410016807167,
      "losses": 2020,
      "max_drawdown_r": 5.374687353202262,
      "peak_cum_r": 4174.272056984579,
      "profit_factor": 3.049742589390162,
      "rolling_sharpe": 0.5446094358904378,
      "sum_downside_r_squared": 2190.293756143367,
      "sum_r_squared": 13737.679013723382,
      "total_decisions": 5544,
      "total_pnl_usd": 41742.72056984557,
      "total_r": 4174.272056984579,
      "win_rate": 0.6356421356421357,
      "wins": 3524
    },
    {
      "active": true,
      "agent_id": "gen2-mut25-vol-breakout-v0",
      "expectancy_r": 0.7660747033849888,
      "gross_loss_r": 1768.004887841101,
      "gross_win_r": 5315.696839216989,
      "last_r": 1.000767756395437,
      "losses": 1738,
      "max_drawdown_r": 5.507957176917216,
      "peak_cum_r": 3548.6076655876277,
      "profit_factor": 3.0066075471702747,
      "rolling_sharpe": 0.5435313542784388,
      "sum_downside_r_squared": 1892.8229635593325,
      "sum_r_squared": 11915.386727602638,
      "total_decisions": 4631,
      "total_pnl_usd": 35476.91951375939,
      "total_r": 3547.6919513758835,
      "win_rate": 0.6247030878859857,
      "wins": 2893
    },
    {
      "active": true,
      "agent_id": "vol-breakout-v1",
      "expectancy_r": 0.8705381961202935,
      "gross_loss_r": 1181.4739941851321,
      "gross_win_r": 4240.545215351835,
      "last_r": 1.000767756395437,
      "losses": 1160,
      "max_drawdown_r": 5.49720477623714,
      "peak_cum_r": 3059.0712211667114,
      "profit_factor": 3.589198946589221,
      "rolling_sharpe": 0.6373750699289953,
      "sum_downside_r_squared": 1274.9832493994643,
      "sum_r_squared": 9216.392923810008,
      "total_decisions": 3514,
      "total_pnl_usd": 30590.71221166712,
      "total_r": 3059.0712211667114,
      "win_rate": 0.6698918611269209,
      "wins": 2354
    },
    {
      "active": true,
      "agent_id": "gen8-mut106-liq-trend-v1",
      "expectancy_r": 0.17913783133738218,
      "gross_loss_r": 17.13778818173334,
      "gross_win_r": 24.303301435228622,
      "last_r": -1.0578151640546016,
      "losses": 20,
      "max_drawdown_r": 8.459410640376621,
      "peak_cum_r": 11.481274172409924,
      "profit_factor": 1.418111904378232,
      "rolling_sharpe": 0.14884928550255452,
      "sum_downside_r_squared": 17.378123492642768,
      "sum_r_squared": 57.77025198908811,
      "total_decisions": 40,
      "total_pnl_usd": 71.65513253495286,
      "total_r": 7.165513253495287,
      "win_rate": 0.5,
      "wins": 20
    },
    {
      "active": true,
      "agent_id": "gen31-mut40-liq-fade-v0",
      "expectancy_r": 0.18297121513098635,
      "gross_loss_r": 12.968555825523156,
      "gross_win_r": 19.921462000500632,
      "last_r": -1.160831620355443,
      "losses": 17,
      "max_drawdown_r": 8.02040477993566,
      "peak_cum_r": 9.26253915118954,
      "profit_factor": 1.5361357323452778,
      "rolling_sharpe": 0.17768505655197506,
      "sum_downside_r_squared": 12.848010606994494,
      "sum_r_squared": 40.50644107489358,
      "total_decisions": 38,
      "total_pnl_usd": 69.52906174977483,
      "total_r": 6.952906174977482,
      "win_rate": 0.5526315789473685,
      "wins": 21
    },
    {
      "active": true,
      "agent_id": "funding-trend-v0",
      "expectancy_r": 0.4297,
      "gross_loss_r": 13,
      "gross_win_r": 24,
      "last_r": 1,
      "losses": 13,
      "max_drawdown_r": 3,
      "peak_cum_r": 13.084365000000002,
      "profit_factor": 1.8461538461538463,
      "rolling_sharpe": 0.37564000000000003,
      "sum_downside_r_squared": 13,
      "sum_r_squared": 49,
      "total_decisions": 29,
      "total_pnl_usd": 124.61300000000001,
      "total_r": 12.461300000000001,
      "win_rate": 0.5517241379310345,
      "wins": 16,
      "is_warmup": true
    },
    {
      "active": true,
      "agent_id": "funding-arb-v0",
      "expectancy_r": 0.3025,
      "gross_loss_r": 10,
      "gross_win_r": 16.5,
      "last_r": 1,
      "losses": 10,
      "max_drawdown_r": 3,
      "peak_cum_r": 6.6701250000000005,
      "profit_factor": 1.65,
      "rolling_sharpe": 0.28300000000000003,
      "sum_downside_r_squared": 10,
      "sum_r_squared": 34.75,
      "total_decisions": 21,
      "total_pnl_usd": 63.525,
      "total_r": 6.3525,
      "win_rate": 0.5238095238095238,
      "wins": 11,
      "is_warmup": true
    },
    {
      "active": true,
      "agent_id": "polyedge-v0",
      "expectancy_r": 0.5931000000000001,
      "gross_loss_r": 19,
      "gross_win_r": 52.5,
      "last_r": 1,
      "losses": 19,
      "max_drawdown_r": 3,
      "peak_cum_r": 33.62877000000001,
      "profit_factor": 2.763157894736842,
      "rolling_sharpe": 0.55172,
      "sum_downside_r_squared": 19,
      "sum_r_squared": 97.75,
      "total_decisions": 54,
      "total_pnl_usd": 320.27400000000006,
      "total_r": 32.02740000000001,
      "win_rate": 0.6481481481481481,
      "wins": 35,
      "is_warmup": true
    },
    {
      "active": true,
      "agent_id": "gen812-mut378-liq-fade-v0",
      "expectancy_r": 0.36060000000000003,
      "gross_loss_r": 14,
      "gross_win_r": 22.5,
      "last_r": 1,
      "losses": 14,
      "max_drawdown_r": 3,
      "peak_cum_r": 10.980270000000003,
      "profit_factor": 1.6071428571428572,
      "rolling_sharpe": 0.31272,
      "sum_downside_r_squared": 14,
      "sum_r_squared": 47.75,
      "total_decisions": 29,
      "total_pnl_usd": 104.57400000000001,
      "total_r": 10.457400000000002,
      "win_rate": 0.5172413793103449,
      "wins": 15,
      "is_warmup": true
    },
    {
      "active": true,
      "agent_id": "gen812-mut379-funding-trend-v1",
      "expectancy_r": 0.4948,
      "gross_loss_r": 17,
      "gross_win_r": 39,
      "last_r": 1,
      "losses": 17,
      "max_drawdown_r": 3,
      "peak_cum_r": 22.340220000000002,
      "profit_factor": 2.2941176470588234,
      "rolling_sharpe": 0.45376,
      "sum_downside_r_squared": 17,
      "sum_r_squared": 75.5,
      "total_decisions": 43,
      "total_pnl_usd": 212.764,
      "total_r": 21.276400000000002,
      "win_rate": 0.6046511627906976,
      "wins": 26,
      "is_warmup": true
    },
    {
      "active": true,
      "agent_id": "gen812-mut380-funding-arb-v1",
      "expectancy_r": 0.35119999999999996,
      "gross_loss_r": 13,
      "gross_win_r": 25.5,
      "last_r": 1,
      "losses": 13,
      "max_drawdown_r": 3,
      "peak_cum_r": 11.062799999999998,
      "profit_factor": 1.9615384615384615,
      "rolling_sharpe": 0.34144,
      "sum_downside_r_squared": 13,
      "sum_r_squared": 51.25,
      "total_decisions": 30,
      "total_pnl_usd": 105.35999999999999,
      "total_r": 10.535999999999998,
      "win_rate": 0.5666666666666667,
      "wins": 17,
      "is_warmup": true
    },
    {
      "active": true,
      "agent_id": "gen812-mut381-polyedge-v1",
      "expectancy_r": 0.5769000000000001,
      "gross_loss_r": 18,
      "gross_win_r": 48,
      "last_r": 1,
      "losses": 18,
      "max_drawdown_r": 3,
      "peak_cum_r": 30.287250000000004,
      "profit_factor": 2.6666666666666665,
      "rolling_sharpe": 0.53228,
      "sum_downside_r_squared": 18,
      "sum_r_squared": 90,
      "total_decisions": 50,
      "total_pnl_usd": 288.45000000000005,
      "total_r": 28.845000000000002,
      "win_rate": 0.64,
      "wins": 32,
      "is_warmup": true
    },
    {
      "active": true,
      "agent_id": "gen812-mut383-liq-fade-v0",
      "expectancy_r": 0.42160000000000003,
      "gross_loss_r": 19,
      "gross_win_r": 39,
      "last_r": 1,
      "losses": 19,
      "max_drawdown_r": 3,
      "peak_cum_r": 19.920600000000004,
      "profit_factor": 2.0526315789473686,
      "rolling_sharpe": 0.38592,