{
  "agents": [
    {
      "active": true,
      "agent_id": "gen411-mut277-funding-trend-v1",
      "expectancy_r": 0.5657020754564711,
      "gross_loss_r": 1.3361785193663374,
      "gross_win_r": 7.558901349387519,
      "last_r": 1.8373057084905948,
      "losses": 2,
      "max_drawdown_r": 1.336178519366337,
      "peak_cum_r": 6.222722830021182,
      "profit_factor": 5.657104376271678,
      "rolling_sharpe": 0.6610995792896527,
      "sum_downside_r_squared": 1.2420774844630906,
      "sum_r_squared": 10.84241051602328,
      "total_decisions": 11,
      "total_pnl_usd": 62.22722830021182,
      "total_r": 6.222722830021182,
      "win_rate": 0.8181818181818182,
      "wins": 9
    },
    {
      "active": true,
      "agent_id": "vol-breakout-v1",
      "expectancy_r": 0.8732864580155798,
      "gross_loss_r": 617.5421832240769,
      "gross_win_r": 2206.923536812434,
      "last_r": 1.8591339151130082,
      "losses": 602,
      "max_drawdown_r": 5.49720477623714,
      "peak_cum_r": 1589.3813535883553,
      "profit_factor": 3.5737211105004723,
      "rolling_sharpe": 0.6371065650158096,
      "sum_downside_r_squared": 668.5072914646483,
      "sum_r_squared": 4805.591184054881,
      "total_decisions": 1820,
      "total_pnl_usd": 15893.813535883599,
      "total_r": 1589.3813535883553,
      "win_rate": 0.6692307692307692,
      "wins": 1218
    },
    {
      "active": true,
      "agent_id": "vol-breakout-v0",
      "expectancy_r": 0.80210536028688,
      "gross_loss_r": 997.9344980759747,
      "gross_win_r": 3255.058981923265,
      "last_r": 1.8591339151130082,
      "losses": 980,
      "max_drawdown_r": 5.374687353202262,
      "peak_cum_r": 2257.1244838472803,
      "profit_factor": 3.261796228308615,
      "rolling_sharpe": 0.5834283250649135,
      "sum_downside_r_squared": 1075.3548777158353,
      "sum_r_squared": 7127.340105273098,
      "total_decisions": 2814,
      "total_pnl_usd": 22571.2448384728,
      "total_r": 2257.1244838472803,
      "win_rate": 0.6517412935323383,
      "wins": 1834
    },
    {
      "active": true,
      "agent_id": "gen2-mut25-vol-breakout-v0",
      "expectancy_r": 0.7947271811621173,
      "gross_loss_r": 871.6062182326227,
      "gross_win_r": 2740.8045483259184,
      "last_r": 1.859115321326751,
      "losses": 866,
      "max_drawdown_r": 5.507957176917216,
      "peak_cum_r": 1869.1983300932998,
      "profit_factor": 3.1445445098860296,
      "rolling_sharpe": 0.5671591250853922,
      "sum_downside_r_squared": 931.5693028347216,
      "sum_r_squared": 6101.642119128236,
      "total_decisions": 2352,
      "total_pnl_usd": 18691.98330093302,
      "total_r": 1869.1983300932998,
      "win_rate": 0.6318027210884354,
      "wins": 1486
    },
    {
      "active": true,
      "agent_id": "gen390-mut413-liq-trend-v1",
      "expectancy_r": 0.2221774287063078,
      "gross_loss_r": 17.34006118168722,
      "gross_win_r": 26.893690616058453,
      "last_r": -1.0856954789845685,
      "losses": 18,
      "max_drawdown_r": 10.655600583054223,
      "peak_cum_r": 13.949118988758325,
      "profit_factor": 1.550957077617511,
      "rolling_sharpe": 0.18805210864981428,
      "sum_downside_r_squared": 18.11822971190025,
      "sum_r_squared": 60.7489361664512,
      "total_decisions": 43,
      "total_pnl_usd": 95.53629434371237,
      "total_r": 9.553629434371235,
      "win_rate": 0.5813953488372093,
      "wins": 25
    },
    {
      "active": true,
      "agent_id": "gen33-mut40-liq-fade-v0",
      "expectancy_r": 0.18297121513098633,
      "gross_loss_r": 12.968555825523156,
      "gross_win_r": 19.921462000500632,
      "last_r": -1.160831620355443,
      "losses": 17,
      "max_drawdown_r": 8.02040477993566,
      "peak_cum_r": 9.26253915118954,
      "profit_factor": 1.5361357323452778,
      "rolling_sharpe": 0.177685056551975,
      "sum_downside_r_squared": 12.848010606994494,
      "sum_r_squared": 40.50644107489359,
      "total_decisions": 38,
      "total_pnl_usd": 69.52906174977483,
      "total_r": 6.95290617497748,
      "win_rate": 0.5526315789473685,
      "wins": 21
    },
    {
      "active": true,
      "agent_id": "funding-arb-v0",
      "expectancy_r": 0.3025,
      "gross_loss_r": 10,
      "gross_win_r": 16.5,
      "last_r": 1,
      "losses": 10,
      "max_drawdown_r": 3,
      "peak_cum_r": 6.6701250000000005,
      "profit_factor": 1.65,
      "rolling_sharpe": 0.28300000000000003,
      "sum_downside_r_squared": 10,
      "sum_r_squared": 34.75,
      "total_decisions": 21,
      "total_pnl_usd": 63.525,
      "total_r": 6.3525,
      "win_rate": 0.5238095238095238,
      "wins": 11,
      "is_warmup": true
    },
    {
      "active": true,
      "agent_id": "polyedge-v0",
      "expectancy_r": 0.5931000000000001,
      "gross_loss_r": 19,
      "gross_win_r": 52.5,
      "last_r": 1,
      "losses": 19,
      "max_drawdown_r": 3,
      "peak_cum_r": 33.62877000000001,
      "profit_factor": 2.763157894736842,
      "rolling_sharpe": 0.55172,
      "sum_downside_r_squared": 19,
      "sum_r_squared": 97.75,
      "total_decisions": 54,
      "total_pnl_usd": 320.27400000000006,
      "total_r": 32.02740000000001,
      "win_rate": 0.6481481481481481,
      "wins": 35,
      "is_warmup": true
    },
    {
      "active": true,
      "agent_id": "gen420-mut398-liq-trend-v1",
      "expectancy_r": 0.4919,
      "gross_loss_r": 18,
      "gross_win_r": 37.5,
      "last_r": 1,
      "losses": 18,
      "max_drawdown_r": 3,
      "peak_cum_r": 22.209285,
      "profit_factor": 2.0833333333333335,
      "rolling_sharpe": 0.41028,
      "sum_downside_r_squared": 18,
      "sum_r_squared": 74.25,
      "total_decisions": 43,
      "total_pnl_usd": 211.51700000000002,
      "total_r": 21.1517,
      "win_rate": 0.5813953488372093,
      "wins": 25,
      "is_warmup": true
    },
    {
      "active": true,
      "agent_id": "gen420-mut399-liq-fade-v0",
      "expectancy_r": 0.43360000000000004,
      "gross_loss_r": 20,
      "gross_win_r": 42,
      "last_r": 1,
      "losses": 20,
      "max_drawdown_r": 3,
      "peak_cum_r": 21.853440000000003,
      "profit_factor": 2.1,
      "rolling_sharpe": 0.40032,
      "sum_downside_r_squared": 20,
      "sum_r_squared": 83,
      "total_decisions": 48,
      "total_pnl_usd": 208.12800000000004,
      "total_r": 20.812800000000003,
      "win_rate": 0.5833333333333334,
      "wins": 28,
      "is_warmup": true
    },
    {
      "active": true,
      "agent_id": "gen420-mut400-funding-trend-v0",
      "expectancy_r": 0.46490000000000004,
      "gross_loss_r": 15,
      "gross_win_r": 31.5,
      "last_r": 1,
      "losses": 15,
      "max_drawdown_r": 3,
      "peak_cum_r": 17.57322,
      "profit_factor": 2.1,
      "rolling_sharpe": 0.41788000000000003,
      "sum_downside_r_squared": 15,
      "sum_r_squared": 62.25,
      "total_decisions": 36,
      "total_pnl_usd": 167.364,
      "total_r": 16.7364,
      "win_rate": 0.5833333333333334,
      "wins": 21,
      "is_warmup": true
    },
    {
      "active": true,
      "agent_id": "gen420-mut401-funding-arb-v1",
      "expectancy_r": 0.32909999999999995,
      "gross_loss_r": 12,
      "gross_win_r": 21,
      "last_r": 1,
      "losses": 12,
      "max_drawdown_r": 3,
      "peak_cum_r": 8.98443,
      "profit_factor": 1.75,
      "rolling_sharpe": 0.31492000000000003,
      "sum_downside_r_squared": 12,
      "sum_r_squared": 43.5,
      "total_decisions": 26,
      "total_pnl_usd": 85.566,
      "total_r": 8.5566,
      "win_rate": 0.5384615384615384,
      "wins": 14,
      "is_warmup": true
    },
    {
      "active": true,
      "agent_id": "gen420-mut402-polyedge-v1",
      "expectancy_r": 0.503,
      "gross_loss_r": 13,
      "gross_win_r": 24,
      "last_r": 1,
      "losses": 13,
      "max_drawdown_r": 3,
      "peak_cum_r": 15.31635,
      "profit_factor": 1.8461538461538463,
      "rolling_sharpe": 0.4436,
      "sum_downside_r_squared": 13,