{
  "agents": [
    {
      "active": true,
      "agent_id": "vol-breakout-v1",
      "expectancy_r": 0.8812091404938079,
      "gross_loss_r": 162.96193023243165,
      "gross_win_r": 596.5168273553854,
      "last_r": 0.6049297096234685,
      "losses": 160,
      "max_drawdown_r": 5.497204776236856,
      "peak_cum_r": 433.5548971229535,
      "profit_factor": 3.66046736501327,
      "rolling_sharpe": 0.6474225021754754,
      "sum_downside_r_squared": 175.859758537857,
      "sum_r_squared": 1291.680702964188,
      "total_decisions": 492,
      "total_pnl_usd": 4335.54897122953,
      "total_r": 433.5548971229535,
      "win_rate": 0.6747967479674797,
      "wins": 332
    },
    {
      "active": true,
      "agent_id": "vol-breakout-v0",
      "expectancy_r": 0.7677875567491445,
      "gross_loss_r": 280.5611705105788,
      "gross_win_r": 873.2931643209179,
      "last_r": 0.6049297096234685,
      "losses": 276,
      "max_drawdown_r": 5.374687353201978,
      "peak_cum_r": 592.7319938103395,
      "profit_factor": 3.112665814487645,
      "rolling_sharpe": 0.556619467811321,
      "sum_downside_r_squared": 302.03887505752846,
      "sum_r_squared": 1922.057185491949,
      "total_decisions": 772,
      "total_pnl_usd": 5927.319938103392,
      "total_r": 592.7319938103395,
      "win_rate": 0.6424870466321243,
      "wins": 496
    },
    {
      "active": true,
      "agent_id": "gen2-mut25-vol-breakout-v0",
      "expectancy_r": 0.761770507586913,
      "gross_loss_r": 242.05985387002457,
      "gross_win_r": 725.0223556801274,
      "last_r": 1.8742711568188894,
      "losses": 238,
      "max_drawdown_r": 5.507957176917159,
      "peak_cum_r": 482.9625018101029,
      "profit_factor": 2.9952193397151774,
      "rolling_sharpe": 0.5407319445495354,
      "sum_downside_r_squared": 259.1922469502359,
      "sum_r_squared": 1624.1909860348392,
      "total_decisions": 634,
      "total_pnl_usd": 4829.625018101021,
      "total_r": 482.9625018101029,
      "win_rate": 0.6246056782334385,
      "wins": 396
    },
    {
      "active": true,
      "agent_id": "gen31-mut40-liq-fade-v0",
      "expectancy_r": 0.18297121513098635,
      "gross_loss_r": 12.968555825523156,
      "gross_win_r": 19.921462000500632,
      "last_r": -1.160831620355443,
      "losses": 17,
      "max_drawdown_r": 8.02040477993566,
      "peak_cum_r": 9.26253915118954,
      "profit_factor": 1.5361357323452778,
      "rolling_sharpe": 0.17768505655197506,
      "sum_downside_r_squared": 12.848010606994494,
      "sum_r_squared": 40.50644107489358,
      "total_decisions": 38,
      "total_pnl_usd": 69.52906174977483,
      "total_r": 6.952906174977482,
      "win_rate": 0.5526315789473685,
      "wins": 21
    },
    {
      "active": true,
      "agent_id": "gen8-mut106-liq-trend-v1",
      "expectancy_r": 0.17913783133738218,
      "gross_loss_r": 17.13778818173334,
      "gross_win_r": 24.303301435228622,
      "last_r": -1.0578151640546016,
      "losses": 20,
      "max_drawdown_r": 8.459410640376621,
      "peak_cum_r": 11.481274172409924,
      "profit_factor": 1.418111904378232,
      "rolling_sharpe": 0.14884928550255452,
      "sum_downside_r_squared": 17.378123492642768,
      "sum_r_squared": 57.77025198908811,
      "total_decisions": 40,
      "total_pnl_usd": 71.65513253495286,
      "total_r": 7.165513253495287,
      "win_rate": 0.5,
      "wins": 20
    },
    {
      "active": true,
      "agent_id": "funding-trend-v0",
      "expectancy_r": 0.4297,
      "gross_loss_r": 13,
      "gross_win_r": 24,
      "last_r": 1,
      "losses": 13,
      "max_drawdown_r": 3,
      "peak_cum_r": 13.084365000000002,
      "profit_factor": 1.8461538461538463,
      "rolling_sharpe": 0.37564000000000003,
      "sum_downside_r_squared": 13,
      "sum_r_squared": 49,
      "total_decisions": 29,
      "total_pnl_usd": 124.61300000000001,
      "total_r": 12.461300000000001,
      "win_rate": 0.5517241379310345,
      "wins": 16,
      "is_warmup": true
    },
    {
      "active": true,
      "agent_id": "funding-arb-v0",
      "expectancy_r": 0.3025,
      "gross_loss_r": 10,
      "gross_win_r": 16.5,
      "last_r": 1,
      "losses": 10,
      "max_drawdown_r": 3,
      "peak_cum_r": 6.6701250000000005,
      "profit_factor": 1.65,
      "rolling_sharpe": 0.28300000000000003,
      "sum_downside_r_squared": 10,
      "sum_r_squared": 34.75,
      "total_decisions": 21,
      "total_pnl_usd": 63.525,
      "total_r": 6.3525,
      "win_rate": 0.5238095238095238,
      "wins": 11,
      "is_warmup": true
    },
    {
      "active": true,
      "agent_id": "polyedge-v0",
      "expectancy_r": 0.5931000000000001,
      "gross_loss_r": 19,
      "gross_win_r": 52.5,
      "last_r": 1,
      "losses": 19,
      "max_drawdown_r": 3,
      "peak_cum_r": 33.62877000000001,
      "profit_factor": 2.763157894736842,
      "rolling_sharpe": 0.55172,
      "sum_downside_r_squared": 19,
      "sum_r_squared": 97.75,
      "total_decisions": 54,
      "total_pnl_usd": 320.27400000000006,
      "total_r": 32.02740000000001,
      "win_rate": 0.6481481481481481,
      "wins": 35,
      "is_warmup": true
    },
    {
      "active": true,
      "agent_id": "gen112-mut378-liq-fade-v0",
      "expectancy_r": 0.39270000000000005,
      "gross_loss_r": 17,
      "gross_win_r": 30,
      "last_r": 1,
      "losses": 17,
      "max_drawdown_r": 3,
      "peak_cum_r": 15.256395000000001,
      "profit_factor": 1.7647058823529411,
      "rolling_sharpe": 0.35124,
      "sum_downside_r_squared": 17,
      "sum_r_squared": 62,
      "total_decisions": 37,
      "total_pnl_usd": 145.299,
      "total_r": 14.529900000000001,
      "win_rate": 0.5405405405405406,
      "wins": 20,
      "is_warmup": true
    },
    {
      "active": true,
      "agent_id": "gen112-mut379-funding-trend-v1",
      "expectancy_r": 0.4091,
      "gross_loss_r": 11,
      "gross_win_r": 19.5,
      "last_r": 1,
      "losses": 11,
      "max_drawdown_r": 3,
      "peak_cum_r": 10.309320000000001,
      "profit_factor": 1.7727272727272727,
      "rolling_sharpe": 0.35092,
      "sum_downside_r_squared": 11,
      "sum_r_squared": 40.25,
      "total_decisions": 24,
      "total_pnl_usd": 98.184,
      "total_r": 9.8184,
      "win_rate": 0.5416666666666666,
      "wins": 13,
      "is_warmup": true
    },
    {
      "active": true,
      "agent_id": "gen112-mut380-funding-arb-v1",
      "expectancy_r": 0.3751,
      "gross_loss_r": 15,
      "gross_win_r": 30,
      "last_r": 1,
      "losses": 15,
      "max_drawdown_r": 3,
      "peak_cum_r": 13.784925,
      "profit_factor": 2,
      "rolling_sharpe": 0.37012,
      "sum_downside_r_squared": 15,
      "sum_r_squared": 60,
      "total_decisions": 35,
      "total_pnl_usd": 131.285,
      "total_r": 13.128499999999999,
      "win_rate": 0.5714285714285714,
      "wins": 20,
      "is_warmup": true
    },
    {
      "active": true,
      "agent_id": "gen112-mut381-polyedge-v1",
      "expectancy_r": 0.5932000000000001,
      "gross_loss_r": 19,
      "gross_win_r": 52.5,
      "last_r": 1,
      "losses": 19,
      "max_drawdown_r": 3,
      "peak_cum_r": 33.634440000000005,
      "profit_factor": 2.763157894736842,
      "rolling_sharpe": 0.55184,
      "sum_downside_r_squared": 19,
      "sum_r_squared": 97.75,
      "total_decisions": 54,
      "total_pnl_usd": 320.32800000000003,
      "total_r": 32.0328,
      "win_rate": 0.6481481481481481,
      "wins": 35,
      "is_warmup": true
    },
    {
      "active": true,
      "agent_id": "gen112-mut383-liq-fade-v0",
      "expectancy_r": 0.4449,
      "gross_loss_r": 20,
      "gross_win_r": 46.5,
      "last_r": 1,
      "losses": 20,
      "max_drawdown_r": 3,
      "peak_cum_r": 23.824395000000003,
      "profit_factor": 2.325,
      "rolling_sharpe": 0.41387999999999997,
      "sum_downside_r_squared": 20,
      "sum_r_squared": 89.75,
      "total_decisions": 51,
      "total_pnl_usd": 226.899,