{
  "agents": [
    {
      "active": true,
      "agent_id": "vol-breakout-v1",
      "expectancy_r": 0.8410859940101753,
      "gross_loss_r": 308.7710916120384,
      "gross_win_r": 1057.337626281095,
      "last_r": 1.2401720278557444,
      "losses": 301,
      "max_drawdown_r": 5.497204776236856,
      "peak_cum_r": 748.566534669056,
      "profit_factor": 3.4243413810565144,
      "rolling_sharpe": 0.6113950845973186,
      "sum_downside_r_squared": 334.25364573232434,
      "sum_r_squared": 2312.045311344679,
      "total_decisions": 890,
      "total_pnl_usd": 7485.665346690552,
      "total_r": 748.566534669056,
      "win_rate": 0.6617977528089888,
      "wins": 589
    },
    {
      "active": true,
      "agent_id": "vol-breakout-v0",
      "expectancy_r": 0.7804167987011674,
      "gross_loss_r": 498.9672490379876,
      "gross_win_r": 1581.4053488365073,
      "last_r": 1.2401720278557444,
      "losses": 490,
      "max_drawdown_r": 5.374687353202262,
      "peak_cum_r": 1082.4380997985193,
      "profit_factor": 3.1693570106764883,
      "rolling_sharpe": 0.5667372441161875,
      "sum_downside_r_squared": 537.6774388579173,
      "sum_r_squared": 3472.919771953804,
      "total_decisions": 1387,
      "total_pnl_usd": 10824.380997985209,
      "total_r": 1082.4380997985193,
      "win_rate": 0.6467195385724586,
      "wins": 897
    },
    {
      "active": true,
      "agent_id": "gen2-mut25-vol-breakout-v0",
      "expectancy_r": 0.7641669210276639,
      "gross_loss_r": 434.76069706893526,
      "gross_win_r": 1312.7884893297191,
      "last_r": 1.2401720278557444,
      "losses": 432,
      "max_drawdown_r": 5.507957176917159,
      "peak_cum_r": 878.0277922607859,
      "profit_factor": 3.019565701730312,
      "rolling_sharpe": 0.5439109652476639,
      "sum_downside_r_squared": 464.69752149761064,
      "sum_r_squared": 2936.974520608864,
      "total_decisions": 1149,
      "total_pnl_usd": 8780.277922607835,
      "total_r": 878.0277922607859,
      "win_rate": 0.6240208877284595,
      "wins": 717
    },
    {
      "active": true,
      "agent_id": "gen58-mut389-liq-trend-v1",
      "expectancy_r": 0.3144873896258217,
      "gross_loss_r": 16.813860586394878,
      "gross_win_r": 30.651305729931025,
      "last_r": -1.0795628261391592,
      "losses": 16,
      "max_drawdown_r": 9.99751276274388,
      "peak_cum_r": 17.093247681986966,
      "profit_factor": 1.822978463062366,
      "rolling_sharpe": 0.25851129788921884,
      "sum_downside_r_squared": 17.927360247200337,
      "sum_r_squared": 67.98960653810465,
      "total_decisions": 44,
      "total_pnl_usd": 138.37445143536158,
      "total_r": 13.837445143536154,
      "win_rate": 0.6363636363636364,
      "wins": 28
    },
    {
      "active": true,
      "agent_id": "gen32-mut40-liq-fade-v0",
      "expectancy_r": 0.18297121513098635,
      "gross_loss_r": 12.968555825523156,
      "gross_win_r": 19.921462000500632,
      "last_r": -1.160831620355443,
      "losses": 17,
      "max_drawdown_r": 8.02040477993566,
      "peak_cum_r": 9.26253915118954,
      "profit_factor": 1.5361357323452778,
      "rolling_sharpe": 0.17768505655197503,
      "sum_downside_r_squared": 12.848010606994496,
      "sum_r_squared": 40.50644107489359,
      "total_decisions": 38,
      "total_pnl_usd": 69.52906174977483,
      "total_r": 6.952906174977482,
      "win_rate": 0.5526315789473685,
      "wins": 21
    },
    {
      "active": true,
      "agent_id": "gen175-mut13-funding-arb-v1",
      "expectancy_r": 0.18238332966859966,
      "gross_loss_r": 37.866021971509056,
      "gross_win_r": 50.63285504831104,
      "last_r": -1.0804231105841577,
      "losses": 37,
      "max_drawdown_r": 7.793902855139553,
      "peak_cum_r": 20.56073593194153,
      "profit_factor": 1.3371580222080877,
      "rolling_sharpe": 0.13301059966762246,
      "sum_downside_r_squared": 40.53717142025037,
      "sum_r_squared": 132.06038424207438,
      "total_decisions": 70,
      "total_pnl_usd": 127.66833076801981,
      "total_r": 12.766833076801976,
      "win_rate": 0.4714285714285714,
      "wins": 33
    },
    {
      "active": true,
      "agent_id": "funding-trend-v0",
      "expectancy_r": 0.4297,
      "gross_loss_r": 13,
      "gross_win_r": 24,
      "last_r": 1,
      "losses": 13,
      "max_drawdown_r": 3,
      "peak_cum_r": 13.084365000000002,
      "profit_factor": 1.8461538461538463,
      "rolling_sharpe": 0.37564000000000003,
      "sum_downside_r_squared": 13,
      "sum_r_squared": 49,
      "total_decisions": 29,
      "total_pnl_usd": 124.61300000000001,
      "total_r": 12.461300000000001,
      "win_rate": 0.5517241379310345,
      "wins": 16,
      "is_warmup": true
    },
    {
      "active": true,
      "agent_id": "polyedge-v0",
      "expectancy_r": 0.5931000000000001,
      "gross_loss_r": 19,
      "gross_win_r": 52.5,
      "last_r": 1,
      "losses": 19,
      "max_drawdown_r": 3,
      "peak_cum_r": 33.62877000000001,
      "profit_factor": 2.763157894736842,
      "rolling_sharpe": 0.55172,
      "sum_downside_r_squared": 19,
      "sum_r_squared": 97.75,
      "total_decisions": 54,
      "total_pnl_usd": 320.27400000000006,
      "total_r": 32.02740000000001,
      "win_rate": 0.6481481481481481,
      "wins": 35,
      "is_warmup": true
    },
    {
      "active": true,
      "agent_id": "gen203-mut361-liq-fade-v0",
      "expectancy_r": 0.38920000000000005,
      "gross_loss_r": 16,
      "gross_win_r": 30,
      "last_r": 1,
      "losses": 16,
      "max_drawdown_r": 3,
      "peak_cum_r": 14.711760000000004,
      "profit_factor": 1.875,
      "rolling_sharpe": 0.34704,
      "sum_downside_r_squared": 16,
      "sum_r_squared": 61,
      "total_decisions": 36,
      "total_pnl_usd": 140.11200000000002,
      "total_r": 14.011200000000002,
      "win_rate": 0.5555555555555556,
      "wins": 20,
      "is_warmup": true
    },
    {
      "active": true,
      "agent_id": "gen203-mut362-funding-trend-v1",
      "expectancy_r": 0.49560000000000004,
      "gross_loss_r": 17,
      "gross_win_r": 39,
      "last_r": 1,
      "losses": 17,
      "max_drawdown_r": 3,
      "peak_cum_r": 22.376340000000003,
      "profit_factor": 2.2941176470588234,
      "rolling_sharpe": 0.45472,
      "sum_downside_r_squared": 17,
      "sum_r_squared": 75.5,
      "total_decisions": 43,
      "total_pnl_usd": 213.108,
      "total_r": 21.3108,
      "win_rate": 0.6046511627906976,
      "wins": 26,
      "is_warmup": true
    },
    {
      "active": true,
      "agent_id": "gen203-mut364-polyedge-v1",
      "expectancy_r": 0.5664,
      "gross_loss_r": 18,
      "gross_win_r": 43.5,
      "last_r": 1,
      "losses": 18,
      "max_drawdown_r": 3,
      "peak_cum_r": 27.95184,
      "profit_factor": 2.4166666666666665,
      "rolling_sharpe": 0.51968,
      "sum_downside_r_squared": 18,
      "sum_r_squared": 83.25,
      "total_decisions": 47,
      "total_pnl_usd": 266.20799999999997,
      "total_r": 26.6208,
      "win_rate": 0.6170212765957447,
      "wins": 29,
      "is_warmup": true
    },
    {
      "active": true,
      "agent_id": "gen203-mut367-funding-trend-v0",
      "expectancy_r": 0.4174,
      "gross_loss_r": 12,
      "gross_win_r": 21,
      "last_r": 1,
      "losses": 12,
      "max_drawdown_r": 3,
      "peak_cum_r": 11.39502,
      "profit_factor": 1.75,
      "rolling_sharpe": 0.36088000000000003,
      "sum_downside_r_squared": 12,
      "sum_r_squared": 43.5,
      "total_decisions": 26,
      "total_pnl_usd": 108.524,
      "total_r": 10.8524,
      "win_rate": 0.5384615384615384,
      "wins": 14,
      "is_warmup": true
    },
    {
      "active": true,
      "agent_id": "gen203-mut369-polyedge-v0",
      "expectancy_r": 0.5932000000000001,
      "gross_loss_r": 19,
      "gross_win_r": 52.5,
      "last_r": 1,
      "losses": 19,
      "max_drawdown_r": 3,
      "peak_cum_r": 33.634440000000005,
      "profit_factor": 2.763157894736842,