{
  "agents": [
    {
      "active": true,
      "agent_id": "vol-breakout-v0",
      "expectancy_r": 0.7504585770518001,
      "gross_loss_r": 1405.2233626532432,
      "gross_win_r": 4268.973292682921,
      "last_r": 0.6767688151575202,
      "losses": 1399,
      "max_drawdown_r": 5.374687353202262,
      "peak_cum_r": 2864.5516586605986,
      "profit_factor": 3.037932193656778,
      "rolling_sharpe": 0.5422887731724744,
      "sum_downside_r_squared": 1510.7063117927858,
      "sum_r_squared": 9455.245115690812,
      "total_decisions": 3816,
      "total_pnl_usd": 28637.499300296673,
      "total_r": 2863.749930029669,
      "win_rate": 0.6333857442348009,
      "wins": 2417
    },
    {
      "active": true,
      "agent_id": "gen2-mut25-vol-breakout-v0",
      "expectancy_r": 0.7639309621002005,
      "gross_loss_r": 1218.6792293348337,
      "gross_win_r": 3649.5075507376646,
      "last_r": 0.6767688151575202,
      "losses": 1198,
      "max_drawdown_r": 5.507957176917216,
      "peak_cum_r": 2432.3796594801283,
      "profit_factor": 2.994641627501602,
      "rolling_sharpe": 0.5414950305729521,
      "sum_downside_r_squared": 1304.7480454377771,
      "sum_r_squared": 8188.1399738530845,
      "total_decisions": 3182,
      "total_pnl_usd": 24308.28321402863,
      "total_r": 2430.828321402838,
      "win_rate": 0.623507228158391,
      "wins": 1984
    },
    {
      "active": true,
      "agent_id": "vol-breakout-v1",
      "expectancy_r": 0.8693462804702622,
      "gross_loss_r": 814.8096511621583,
      "gross_win_r": 2915.1502647783122,
      "last_r": 1.874028060846209,
      "losses": 800,
      "max_drawdown_r": 5.49720477623714,
      "peak_cum_r": 2100.3406136161534,
      "profit_factor": 3.577707088545712,
      "rolling_sharpe": 0.635793630064174,
      "sum_downside_r_squared": 879.2987926892841,
      "sum_r_squared": 6341.0546697127675,
      "total_decisions": 2416,
      "total_pnl_usd": 21003.40613616158,
      "total_r": 2100.3406136161534,
      "win_rate": 0.6688741721854304,
      "wins": 1616
    },
    {
      "active": true,
      "agent_id": "gen8-mut106-liq-trend-v1",
      "expectancy_r": 0.17913783133738218,
      "gross_loss_r": 17.13778818173334,
      "gross_win_r": 24.303301435228622,
      "last_r": -1.0578151640546016,
      "losses": 20,
      "max_drawdown_r": 8.459410640376621,
      "peak_cum_r": 11.481274172409924,
      "profit_factor": 1.418111904378232,
      "rolling_sharpe": 0.14884928550255452,
      "sum_downside_r_squared": 17.378123492642768,
      "sum_r_squared": 57.77025198908811,
      "total_decisions": 40,
      "total_pnl_usd": 71.65513253495286,
      "total_r": 7.165513253495287,
      "win_rate": 0.5,
      "wins": 20
    },
    {
      "active": true,
      "agent_id": "gen31-mut40-liq-fade-v0",
      "expectancy_r": 0.18297121513098635,
      "gross_loss_r": 12.968555825523156,
      "gross_win_r": 19.921462000500632,
      "last_r": -1.160831620355443,
      "losses": 17,
      "max_drawdown_r": 8.02040477993566,
      "peak_cum_r": 9.26253915118954,
      "profit_factor": 1.5361357323452778,
      "rolling_sharpe": 0.17768505655197506,
      "sum_downside_r_squared": 12.848010606994494,
      "sum_r_squared": 40.50644107489358,
      "total_decisions": 38,
      "total_pnl_usd": 69.52906174977483,
      "total_r": 6.952906174977482,
      "win_rate": 0.5526315789473685,
      "wins": 21
    },
    {
      "active": true,
      "agent_id": "funding-trend-v0",
      "expectancy_r": 0.4297,
      "gross_loss_r": 13,
      "gross_win_r": 24,
      "last_r": 1,
      "losses": 13,
      "max_drawdown_r": 3,
      "peak_cum_r": 13.084365000000002,
      "profit_factor": 1.8461538461538463,
      "rolling_sharpe": 0.37564000000000003,
      "sum_downside_r_squared": 13,
      "sum_r_squared": 49,
      "total_decisions": 29,
      "total_pnl_usd": 124.61300000000001,
      "total_r": 12.461300000000001,
      "win_rate": 0.5517241379310345,
      "wins": 16,
      "is_warmup": true
    },
    {
      "active": true,
      "agent_id": "funding-arb-v0",
      "expectancy_r": 0.3025,
      "gross_loss_r": 10,
      "gross_win_r": 16.5,
      "last_r": 1,
      "losses": 10,
      "max_drawdown_r": 3,
      "peak_cum_r": 6.6701250000000005,
      "profit_factor": 1.65,
      "rolling_sharpe": 0.28300000000000003,
      "sum_downside_r_squared": 10,
      "sum_r_squared": 34.75,
      "total_decisions": 21,
      "total_pnl_usd": 63.525,
      "total_r": 6.3525,
      "win_rate": 0.5238095238095238,
      "wins": 11,
      "is_warmup": true
    },
    {
      "active": true,
      "agent_id": "polyedge-v0",
      "expectancy_r": 0.5931000000000001,
      "gross_loss_r": 19,
      "gross_win_r": 52.5,
      "last_r": 1,
      "losses": 19,
      "max_drawdown_r": 3,
      "peak_cum_r": 33.62877000000001,
      "profit_factor": 2.763157894736842,
      "rolling_sharpe": 0.55172,
      "sum_downside_r_squared": 19,
      "sum_r_squared": 97.75,
      "total_decisions": 54,
      "total_pnl_usd": 320.27400000000006,
      "total_r": 32.02740000000001,
      "win_rate": 0.6481481481481481,
      "wins": 35,
      "is_warmup": true
    },
    {
      "active": true,
      "agent_id": "gen560-mut377-liq-trend-v1",
      "expectancy_r": 0.5301,
      "gross_loss_r": 21,
      "gross_win_r": 49.5,
      "last_r": 1,
      "losses": 21,
      "max_drawdown_r": 3,
      "peak_cum_r": 30.05667,
      "profit_factor": 2.357142857142857,
      "rolling_sharpe": 0.45611999999999997,
      "sum_downside_r_squared": 21,
      "sum_r_squared": 95.25,
      "total_decisions": 54,
      "total_pnl_usd": 286.254,
      "total_r": 28.6254,
      "win_rate": 0.6111111111111112,
      "wins": 33,
      "is_warmup": true
    },
    {
      "active": true,
      "agent_id": "gen560-mut378-liq-fade-v0",
      "expectancy_r": 0.3672,
      "gross_loss_r": 14,
      "gross_win_r": 24,
      "last_r": 1,
      "losses": 14,
      "max_drawdown_r": 3,
      "peak_cum_r": 11.5668,
      "profit_factor": 1.7142857142857142,
      "rolling_sharpe": 0.32064,
      "sum_downside_r_squared": 14,
      "sum_r_squared": 50,
      "total_decisions": 30,
      "total_pnl_usd": 110.16,
      "total_r": 11.016,
      "win_rate": 0.5333333333333333,
      "wins": 16,
      "is_warmup": true
    },
    {
      "active": true,
      "agent_id": "gen560-mut379-funding-trend-v1",
      "expectancy_r": 0.4198,
      "gross_loss_r": 12,
      "gross_win_r": 21,
      "last_r": 1,
      "losses": 12,
      "max_drawdown_r": 3,
      "peak_cum_r": 11.46054,
      "profit_factor": 1.75,
      "rolling_sharpe": 0.36376000000000003,
      "sum_downside_r_squared": 12,
      "sum_r_squared": 43.5,
      "total_decisions": 26,
      "total_pnl_usd": 109.148,
      "total_r": 10.9148,
      "win_rate": 0.5384615384615384,
      "wins": 14,
      "is_warmup": true
    },
    {
      "active": true,
      "agent_id": "gen560-mut380-funding-arb-v1",
      "expectancy_r": 0.3222,
      "gross_loss_r": 11,
      "gross_win_r": 19.5,
      "last_r": 1,
      "losses": 11,
      "max_drawdown_r": 3,
      "peak_cum_r": 8.119439999999999,
      "profit_factor": 1.7727272727272727,
      "rolling_sharpe": 0.30664,
      "sum_downside_r_squared": 11,
      "sum_r_squared": 40.25,
      "total_decisions": 24,
      "total_pnl_usd": 77.32799999999999,
      "total_r": 7.732799999999999,
      "win_rate": 0.5416666666666666,
      "wins": 13,
      "is_warmup": true
    },
    {
      "active": true,
      "agent_id": "gen560-mut381-polyedge-v1",
      "expectancy_r": 0.5459,
      "gross_loss_r": 16,
      "gross_win_r": 37.5,
      "last_r": 1,
      "losses": 16,
      "max_drawdown_r": 3,
      "peak_cum_r": 23.500995000000003,
      "profit_factor": 2.34375,
      "rolling_sharpe": 0.49508,
      "sum_downside_r_squared": 16,
      "sum_r_squared": 72.25,
      "total_decisions": 41,
      "total_pnl_usd": 223.81900000000002,