{
  "agents": [
    {
      "active": true,
      "agent_id": "vol-breakout-v1",
      "expectancy_r": 0.8421599315690468,
      "gross_loss_r": 441.10145280853146,
      "gross_win_r": 1502.222966585531,
      "last_r": -1.1417083845731337,
      "losses": 430,
      "max_drawdown_r": 5.497204776236856,
      "peak_cum_r": 1062.263222161572,
      "profit_factor": 3.4056178165380007,
      "rolling_sharpe": 0.6097745809531837,
      "sum_downside_r_squared": 477.5049647031485,
      "sum_r_squared": 3295.098939163433,
      "total_decisions": 1260,
      "total_pnl_usd": 10611.215137769996,
      "total_r": 1061.1215137769989,
      "win_rate": 0.6587301587301587,
      "wins": 830
    },
    {
      "active": true,
      "agent_id": "vol-breakout-v0",
      "expectancy_r": 0.7717524557066097,
      "gross_loss_r": 712.8102491313157,
      "gross_win_r": 2225.445062316275,
      "last_r": 1.8866669845951365,
      "losses": 700,
      "max_drawdown_r": 5.374687353202262,
      "peak_cum_r": 1512.634813184955,
      "profit_factor": 3.122072199478571,
      "rolling_sharpe": 0.5590952425530088,
      "sum_downside_r_squared": 768.1103834539961,
      "sum_r_squared": 4900.043497685982,
      "total_decisions": 1960,
      "total_pnl_usd": 15126.34813184959,
      "total_r": 1512.634813184955,
      "win_rate": 0.6428571428571429,
      "wins": 1260
    },
    {
      "active": true,
      "agent_id": "gen2-mut25-vol-breakout-v0",
      "expectancy_r": 0.7675362992317474,
      "gross_loss_r": 619.6868688391743,
      "gross_win_r": 1863.095673594603,
      "last_r": 1.921353388428812,
      "losses": 608,
      "max_drawdown_r": 5.507957176917216,
      "peak_cum_r": 1243.4088047554308,
      "profit_factor": 3.006511461320197,
      "rolling_sharpe": 0.5438823798154296,
      "sum_downside_r_squared": 664.2615116490316,
      "sum_r_squared": 4178.656007796927,
      "total_decisions": 1620,
      "total_pnl_usd": 12434.088047554278,
      "total_r": 1243.4088047554308,
      "win_rate": 0.6246913580246913,
      "wins": 1012
    },
    {
      "active": true,
      "agent_id": "gen280-mut206-liq-fade-v0",
      "expectancy_r": 0.27031345210146573,
      "gross_loss_r": 7.605306087934132,
      "gross_win_r": 14.903769294673703,
      "last_r": 0.4908465022883514,
      "losses": 11,
      "max_drawdown_r": 3.524183209181123,
      "peak_cum_r": 10.134348235564506,
      "profit_factor": 1.959654104956884,
      "rolling_sharpe": 0.26661718643533505,
      "sum_downside_r_squared": 7.622845649346092,
      "sum_r_squared": 28.698775515923675,
      "total_decisions": 27,
      "total_pnl_usd": 72.98463206739571,
      "total_r": 7.298463206739575,
      "win_rate": 0.5925925925925926,
      "wins": 16
    },
    {
      "active": true,
      "agent_id": "gen261-mut340-funding-trend-v1",
      "expectancy_r": 0.35167110353537384,
      "gross_loss_r": 19.805466223331095,
      "gross_win_r": 35.27899477888753,
      "last_r": -1.0564128699563964,
      "losses": 21,
      "max_drawdown_r": 6.0710623122397855,
      "peak_cum_r": 21.544590867796234,
      "profit_factor": 1.7812756529471858,
      "rolling_sharpe": 0.2612190197736953,
      "sum_downside_r_squared": 20.24422195762535,
      "sum_r_squared": 83.37653785278474,
      "total_decisions": 44,
      "total_pnl_usd": 154.73528555556447,
      "total_r": 15.473528555556449,
      "win_rate": 0.5227272727272727,
      "wins": 23
    },
    {
      "active": true,
      "agent_id": "gen58-mut389-liq-trend-v1",
      "expectancy_r": 0.3144873896258216,
      "gross_loss_r": 16.813860586394874,
      "gross_win_r": 30.651305729931025,
      "last_r": -1.0795628261391592,
      "losses": 16,
      "max_drawdown_r": 9.997512762743884,
      "peak_cum_r": 17.093247681986963,
      "profit_factor": 1.8229784630623664,
      "rolling_sharpe": 0.2585112978892188,
      "sum_downside_r_squared": 17.927360247200337,
      "sum_r_squared": 67.98960653810465,
      "total_decisions": 44,
      "total_pnl_usd": 138.37445143536152,
      "total_r": 13.83744514353615,
      "win_rate": 0.6363636363636364,
      "wins": 28
    },
    {
      "active": true,
      "agent_id": "gen288-mut284-liq-fade-v0",
      "expectancy_r": 0.11307791815456744,
      "gross_loss_r": 0.5637763233558954,
      "gross_win_r": 1.0160879959741653,
      "last_r": 0.34530093971098036,
      "losses": 2,
      "max_drawdown_r": 0.5637763233558954,
      "peak_cum_r": 0.6707870562631849,
      "profit_factor": 1.8022892304626614,
      "rolling_sharpe": 0.23409181816748448,
      "sum_downside_r_squared": 0.18196868935515892,
      "sum_r_squared": 0.7511567031706742,
      "total_decisions": 4,
      "total_pnl_usd": 4.523116726182697,
      "total_r": 0.45231167261826977,
      "win_rate": 0.5,
      "wins": 2
    },
    {
      "active": true,
      "agent_id": "gen228-mut329-funding-trend-v1",
      "expectancy_r": 0.23856287234254864,
      "gross_loss_r": 35.10656866489715,
      "gross_win_r": 53.9530355799585,
      "last_r": -0.17929699415929568,
      "losses": 36,
      "max_drawdown_r": 10.09206085728336,
      "peak_cum_r": 28.15926808921333,
      "profit_factor": 1.5368359150948816,
      "rolling_sharpe": 0.1895995235314522,
      "sum_downside_r_squared": 36.944940624889526,
      "sum_r_squared": 127.98437233332858,
      "total_decisions": 79,
      "total_pnl_usd": 188.4646691506135,
      "total_r": 18.84646691506134,
      "win_rate": 0.5443037974683544,
      "wins": 43
    },
    {
      "active": true,
      "agent_id": "gen285-mut254-funding-arb-v0",
      "expectancy_r": 0.10725221185492065,
      "gross_loss_r": 4.6985721543764765,
      "gross_win_r": 5.7710942729256836,
      "last_r": 0.12947071830417684,
      "losses": 6,
      "max_drawdown_r": 2.7759417297129456,
      "peak_cum_r": 3.7189931299579753,
      "profit_factor": 1.2282655418093789,
      "rolling_sharpe": 0.08280166446445955,
      "sum_downside_r_squared": 4.587782266663791,
      "sum_r_squared": 15.21502838509935,
      "total_decisions": 10,
      "total_pnl_usd": 10.725221185492064,
      "total_r": 1.0725221185492064,
      "win_rate": 0.4,
      "wins": 4
    },
    {
      "active": true,
      "agent_id": "gen287-mut271-liq-trend-v1",
      "expectancy_r": 0.06838471313901787,
      "gross_loss_r": 3.5537788817087623,
      "gross_win_r": 4.100856586820906,
      "last_r": -1.117023174276058,
      "losses": 4,
      "max_drawdown_r": 3.553778881708763,
      "peak_cum_r": 4.100856586820906,
      "profit_factor": 1.1539425280306388,
      "rolling_sharpe": 0.06003341179351971,
      "sum_downside_r_squared": 3.738532994596614,
      "sum_r_squared": 9.120427090254502,
      "total_decisions": 8,
      "total_pnl_usd": 5.47077705112142,
      "total_r": 0.5470777051121429,
      "win_rate": 0.5,
      "wins": 4
    },
    {
      "active": true,
      "agent_id": "polyedge-v0",
      "expectancy_r": 0.5931000000000001,
      "gross_loss_r": 19,
      "gross_win_r": 52.5,
      "last_r": 1,
      "losses": 19,
      "max_drawdown_r": 3,
      "peak_cum_r": 33.62877000000001,
      "profit_factor": 2.763157894736842,
      "rolling_sharpe": 0.55172,
      "sum_downside_r_squared": 19,
      "sum_r_squared": 97.75,
      "total_decisions": 54,
      "total_pnl_usd": 320.27400000000006,
      "total_r": 32.02740000000001,
      "win_rate": 0.6481481481481481,
      "wins": 35,
      "is_warmup": true
    },
    {
      "active": true,
      "agent_id": "gen290-mut307-funding-arb-v0",
      "expectancy_r": 0.33039999999999997,
      "gross_loss_r": 12,
      "gross_win_r": 21,
      "last_r": 1,
      "losses": 12,
      "max_drawdown_r": 3,
      "peak_cum_r": 9.019919999999999,
      "profit_factor": 1.75,
      "rolling_sharpe": 0.31648000000000004,
      "sum_downside_r_squared": 12,
      "sum_r_squared": 43.5,
      "total_decisions": 26,
      "total_pnl_usd": 85.904,
      "total_r": 8.590399999999999,