{
  "agents": [
    {
      "active": true,
      "agent_id": "vol-breakout-v1",
      "expectancy_r": 0.8421600585181394,
      "gross_loss_r": 176.44051714106965,
      "gross_win_r": 600.8891866342121,
      "last_r": -1.1417083845731337,
      "losses": 172,
      "max_drawdown_r": 5.497204776236856,
      "peak_cum_r": 425.59037787771535,
      "profit_factor": 3.4056190515117493,
      "rolling_sharpe": 0.6094113957296013,
      "sum_downside_r_squared": 191.00183978972814,
      "sum_r_squared": 1318.0394295738406,
      "total_decisions": 504,
      "total_pnl_usd": 4244.486694931419,
      "total_r": 424.44866949314223,
      "win_rate": 0.6587301587301587,
      "wins": 332
    },
    {
      "active": true,
      "agent_id": "vol-breakout-v0",
      "expectancy_r": 0.7692673499885732,
      "gross_loss_r": 285.1240356701836,
      "gross_win_r": 885.1525686612705,
      "last_r": 1.8885387575266457,
      "losses": 280,
      "max_drawdown_r": 5.3746873532020345,
      "peak_cum_r": 600.0285329910871,
      "profit_factor": 3.1044473910476214,
      "rolling_sharpe": 0.5560569111104968,
      "sum_downside_r_squared": 307.24400729006726,
      "sum_r_squared": 1952.4997210114536,
      "total_decisions": 780,
      "total_pnl_usd": 6000.285329910869,
      "total_r": 600.0285329910871,
      "win_rate": 0.6410256410256411,
      "wins": 500
    },
    {
      "active": true,
      "agent_id": "gen2-mut25-vol-breakout-v0",
      "expectancy_r": 0.7565987810435755,
      "gross_loss_r": 246.62432490985216,
      "gross_win_r": 729.3343472156533,
      "last_r": -1.1426592498189874,
      "losses": 242,
      "max_drawdown_r": 5.507957176917159,
      "peak_cum_r": 483.8526815556201,
      "profit_factor": 2.9572684992944014,
      "rolling_sharpe": 0.5347489055696687,
      "sum_downside_r_squared": 264.4011270681993,
      "sum_r_squared": 1640.3960687460217,
      "total_decisions": 638,
      "total_pnl_usd": 4827.100223058006,
      "total_r": 482.71002230580115,
      "win_rate": 0.6206896551724138,
      "wins": 396
    },
    {
      "active": true,
      "agent_id": "gen58-mut389-liq-trend-v1",
      "expectancy_r": 0.3144873896258216,
      "gross_loss_r": 16.813860586394874,
      "gross_win_r": 30.651305729931025,
      "last_r": -1.0795628261391592,
      "losses": 16,
      "max_drawdown_r": 9.997512762743884,
      "peak_cum_r": 17.093247681986963,
      "profit_factor": 1.8229784630623664,
      "rolling_sharpe": 0.2585112978892188,
      "sum_downside_r_squared": 17.927360247200337,
      "sum_r_squared": 67.98960653810465,
      "total_decisions": 44,
      "total_pnl_usd": 138.37445143536152,
      "total_r": 13.83744514353615,
      "win_rate": 0.6363636363636364,
      "wins": 28
    },
    {
      "active": true,
      "agent_id": "gen32-mut40-liq-fade-v0",
      "expectancy_r": 0.18297121513098633,
      "gross_loss_r": 12.968555825523156,
      "gross_win_r": 19.921462000500632,
      "last_r": -1.160831620355443,
      "losses": 17,
      "max_drawdown_r": 8.02040477993566,
      "peak_cum_r": 9.26253915118954,
      "profit_factor": 1.5361357323452778,
      "rolling_sharpe": 0.177685056551975,
      "sum_downside_r_squared": 12.848010606994496,
      "sum_r_squared": 40.50644107489359,
      "total_decisions": 38,
      "total_pnl_usd": 69.52906174977483,
      "total_r": 6.95290617497748,
      "win_rate": 0.5526315789473685,
      "wins": 21
    },
    {
      "active": true,
      "agent_id": "gen115-mut360-liq-trend-v1",
      "expectancy_r": 0.5025,
      "gross_loss_r": 19,
      "gross_win_r": 40.5,
      "last_r": 1,
      "losses": 19,
      "max_drawdown_r": 3,
      "peak_cum_r": 24.27075,
      "profit_factor": 2.1315789473684212,
      "rolling_sharpe": 0.423,
      "sum_downside_r_squared": 19,
      "sum_r_squared": 79.75,
      "total_decisions": 46,
      "total_pnl_usd": 231.14999999999998,
      "total_r": 23.115,
      "win_rate": 0.5869565217391305,
      "wins": 27,
      "is_warmup": true
    },
    {
      "active": true,
      "agent_id": "funding-trend-v0",
      "expectancy_r": 0.4297,
      "gross_loss_r": 13,
      "gross_win_r": 24,
      "last_r": 1,
      "losses": 13,
      "max_drawdown_r": 3,
      "peak_cum_r": 13.084365000000002,
      "profit_factor": 1.8461538461538463,
      "rolling_sharpe": 0.37564000000000003,
      "sum_downside_r_squared": 13,
      "sum_r_squared": 49,
      "total_decisions": 29,
      "total_pnl_usd": 124.61300000000001,
      "total_r": 12.461300000000001,
      "win_rate": 0.5517241379310345,
      "wins": 16,
      "is_warmup": true
    },
    {
      "active": true,
      "agent_id": "funding-arb-v0",
      "expectancy_r": 0.3025,
      "gross_loss_r": 10,
      "gross_win_r": 16.5,
      "last_r": 1,
      "losses": 10,
      "max_drawdown_r": 3,
      "peak_cum_r": 6.6701250000000005,
      "profit_factor": 1.65,
      "rolling_sharpe": 0.28300000000000003,
      "sum_downside_r_squared": 10,
      "sum_r_squared": 34.75,
      "total_decisions": 21,
      "total_pnl_usd": 63.525,
      "total_r": 6.3525,
      "win_rate": 0.5238095238095238,
      "wins": 11,
      "is_warmup": true
    },
    {
      "active": true,
      "agent_id": "polyedge-v0",
      "expectancy_r": 0.5931000000000001,
      "gross_loss_r": 19,
      "gross_win_r": 52.5,
      "last_r": 1,
      "losses": 19,
      "max_drawdown_r": 3,
      "peak_cum_r": 33.62877000000001,
      "profit_factor": 2.763157894736842,
      "rolling_sharpe": 0.55172,
      "sum_downside_r_squared": 19,
      "sum_r_squared": 97.75,
      "total_decisions": 54,
      "total_pnl_usd": 320.27400000000006,
      "total_r": 32.02740000000001,
      "win_rate": 0.6481481481481481,
      "wins": 35,
      "is_warmup": true
    },
    {
      "active": true,
      "agent_id": "gen116-mut369-liq-fade-v0",
      "expectancy_r": 0.36650000000000005,
      "gross_loss_r": 14,
      "gross_win_r": 24,
      "last_r": 1,
      "losses": 14,
      "max_drawdown_r": 3,
      "peak_cum_r": 11.544750000000002,
      "profit_factor": 1.7142857142857142,
      "rolling_sharpe": 0.3198,
      "sum_downside_r_squared": 14,
      "sum_r_squared": 50,
      "total_decisions": 30,
      "total_pnl_usd": 109.95000000000002,
      "total_r": 10.995000000000001,
      "win_rate": 0.5333333333333333,
      "wins": 16,
      "is_warmup": true
    },
    {
      "active": true,
      "agent_id": "gen116-mut370-funding-trend-v1",
      "expectancy_r": 0.4318,
      "gross_loss_r": 13,
      "gross_win_r": 24,
      "last_r": 1,
      "losses": 13,
      "max_drawdown_r": 3,
      "peak_cum_r": 13.14831,
      "profit_factor": 1.8461538461538463,
      "rolling_sharpe": 0.37816000000000005,
      "sum_downside_r_squared": 13,
      "sum_r_squared": 49,
      "total_decisions": 29,
      "total_pnl_usd": 125.222,
      "total_r": 12.5222,
      "win_rate": 0.5517241379310345,
      "wins": 16,
      "is_warmup": true
    },
    {
      "active": true,
      "agent_id": "gen116-mut371-funding-arb-v1",
      "expectancy_r": 0.3795,
      "gross_loss_r": 15,
      "gross_win_r": 31.5,
      "last_r": 1,
      "losses": 15,
      "max_drawdown_r": 3,
      "peak_cum_r": 14.345100000000002,
      "profit_factor": 2.1,
      "rolling_sharpe": 0.3754,
      "sum_downside_r_squared": 15,
      "sum_r_squared": 62.25,
      "total_decisions": 36,
      "total_pnl_usd": 136.62,
      "total_r": 13.662,
      "win_rate": 0.5833333333333334,
      "wins": 21,
      "is_warmup": true
    },
    {
      "active": true,
      "agent_id": "gen116-mut372-polyedge-v1",
      "expectancy_r": 0.5870000000000001,
      "gross_loss_r": 18,
      "gross_win_r": 51,
      "last_r": 1,
      "losses": 18,
      "max_drawdown_r": 3,
      "peak_cum_r": 32.050200000000004,
      "profit_factor": 2.8333333333333335,
      "rolling_sharpe": 0.5444,
      "sum_downside_r_squared": 18,
      "sum_r_squared": 94.5,
      "total_decisions": 52,