{
  "agents": [
    {
      "active": true,
      "agent_id": "vol-breakout-v1",
      "expectancy_r": 0.849230555062824,
      "gross_loss_r": 88.22031188915383,
      "gross_win_r": 305.6233339852368,
      "last_r": 0.7869941078811075,
      "losses": 86,
      "max_drawdown_r": 5.497204776236856,
      "peak_cum_r": 217.40302209608294,
      "profit_factor": 3.464319355039725,
      "rolling_sharpe": 0.6174817509262841,
      "sum_downside_r_squared": 95.50104163780698,
      "sum_r_squared": 666.9540392223844,
      "total_decisions": 256,
      "total_pnl_usd": 2174.0302209608285,
      "total_r": 217.40302209608294,
      "win_rate": 0.6640625,
      "wins": 170
    },
    {
      "active": true,
      "agent_id": "vol-breakout-v0",
      "expectancy_r": 0.7859168287622074,
      "gross_loss_r": 142.56207115371083,
      "gross_win_r": 455.3569690010692,
      "last_r": 0.7869941078811075,
      "losses": 140,
      "max_drawdown_r": 5.0454961550573785,
      "peak_cum_r": 312.7948978473585,
      "profit_factor": 3.194096194843452,
      "rolling_sharpe": 0.5707311167045358,
      "sum_downside_r_squared": 153.62212538797655,
      "sum_r_squared": 998.6324565392755,
      "total_decisions": 398,
      "total_pnl_usd": 3127.94897847358,
      "total_r": 312.7948978473585,
      "win_rate": 0.6482412060301508,
      "wins": 258
    },
    {
      "active": true,
      "agent_id": "gen2-mut25-vol-breakout-v0",
      "expectancy_r": 0.7483714590397924,
      "gross_loss_r": 122.7281819520141,
      "gross_win_r": 362.2070488447476,
      "last_r": 0.7869941078811075,
      "losses": 122,
      "max_drawdown_r": 5.507957176917131,
      "peak_cum_r": 239.47886689273358,
      "profit_factor": 2.9512948296290102,
      "rolling_sharpe": 0.5311241903308825,
      "sum_downside_r_squared": 131.2176776853891,
      "sum_r_squared": 812.5533650483943,
      "total_decisions": 320,
      "total_pnl_usd": 2394.7886689273355,
      "total_r": 239.47886689273358,
      "win_rate": 0.61875,
      "wins": 198
    },
    {
      "active": true,
      "agent_id": "gen58-mut384-liq-trend-v1",
      "expectancy_r": 0.04482953235313892,
      "gross_loss_r": 0.1218546777922674,
      "gross_win_r": 0.21151374249854524,
      "last_r": 0.21151374249854524,
      "losses": 1,
      "max_drawdown_r": 0.1218546777922674,
      "peak_cum_r": 0.08965906470627784,
      "profit_factor": 1.7357868104097305,
      "rolling_sharpe": 0.19017557989850103,
      "sum_downside_r_squared": 0.014848562499857306,
      "sum_r_squared": 0.05958662576559821,
      "total_decisions": 2,
      "total_pnl_usd": 0.8965906470627782,
      "total_r": 0.08965906470627784,
      "win_rate": 0.5,
      "wins": 1
    },
    {
      "active": true,
      "agent_id": "gen32-mut40-liq-fade-v0",
      "expectancy_r": 0.18297121513098635,
      "gross_loss_r": 12.968555825523156,
      "gross_win_r": 19.921462000500632,
      "last_r": -1.160831620355443,
      "losses": 17,
      "max_drawdown_r": 8.02040477993566,
      "peak_cum_r": 9.262539151189541,
      "profit_factor": 1.5361357323452778,
      "rolling_sharpe": 0.17768505655197506,
      "sum_downside_r_squared": 12.848010606994494,
      "sum_r_squared": 40.50644107489357,
      "total_decisions": 38,
      "total_pnl_usd": 69.52906174977483,
      "total_r": 6.952906174977482,
      "win_rate": 0.5526315789473685,
      "wins": 21
    },
    {
      "active": true,
      "agent_id": "gen8-mut106-liq-trend-v1",
      "expectancy_r": 0.17913783133738218,
      "gross_loss_r": 17.13778818173334,
      "gross_win_r": 24.303301435228622,
      "last_r": -1.0578151640546016,
      "losses": 20,
      "max_drawdown_r": 8.459410640376621,
      "peak_cum_r": 11.481274172409924,
      "profit_factor": 1.418111904378232,
      "rolling_sharpe": 0.14884928550255452,
      "sum_downside_r_squared": 17.378123492642768,
      "sum_r_squared": 57.77025198908811,
      "total_decisions": 40,
      "total_pnl_usd": 71.65513253495286,
      "total_r": 7.165513253495287,
      "win_rate": 0.5,
      "wins": 20
    },
    {
      "active": true,
      "agent_id": "gen58-mut389-liq-trend-v1",
      "expectancy_r": 0.21151374249854524,
      "gross_loss_r": 0,
      "gross_win_r": 0.21151374249854524,
      "last_r": 0.21151374249854524,
      "losses": 0,
      "max_drawdown_r": 0,
      "peak_cum_r": 0.21151374249854524,
      "profit_factor": null,
      "rolling_sharpe": 0,
      "sum_downside_r_squared": 0,
      "sum_r_squared": 0.0447380632657409,
      "total_decisions": 1,
      "total_pnl_usd": 2.1151374249854524,
      "total_r": 0.21151374249854524,
      "win_rate": 1,
      "wins": 1
    },
    {
      "active": true,
      "agent_id": "gen58-mut394-liq-trend-v1",
      "expectancy_r": 0.170646220561481,
      "gross_loss_r": 0,
      "gross_win_r": 0.170646220561481,
      "last_r": 0.170646220561481,
      "losses": 0,
      "max_drawdown_r": 0,
      "peak_cum_r": 0.170646220561481,
      "profit_factor": null,
      "rolling_sharpe": 0,
      "sum_downside_r_squared": 0,
      "sum_r_squared": 0.029120132591917616,
      "total_decisions": 1,
      "total_pnl_usd": 1.7064622056148098,
      "total_r": 0.170646220561481,
      "win_rate": 1,
      "wins": 1
    },
    {
      "active": true,
      "agent_id": "funding-trend-v0",
      "expectancy_r": 0.4297,
      "gross_loss_r": 13,
      "gross_win_r": 24,
      "last_r": 1,
      "losses": 13,
      "max_drawdown_r": 3,
      "peak_cum_r": 13.084365000000002,
      "profit_factor": 1.8461538461538463,
      "rolling_sharpe": 0.37564000000000003,
      "sum_downside_r_squared": 13,
      "sum_r_squared": 49,
      "total_decisions": 29,
      "total_pnl_usd": 124.61300000000001,
      "total_r": 12.461300000000001,
      "win_rate": 0.5517241379310345,
      "wins": 16,
      "is_warmup": true
    },
    {
      "active": true,
      "agent_id": "funding-arb-v0",
      "expectancy_r": 0.3025,
      "gross_loss_r": 10,
      "gross_win_r": 16.5,
      "last_r": 1,
      "losses": 10,
      "max_drawdown_r": 3,
      "peak_cum_r": 6.6701250000000005,
      "profit_factor": 1.65,
      "rolling_sharpe": 0.28300000000000003,
      "sum_downside_r_squared": 10,
      "sum_r_squared": 34.75,
      "total_decisions": 21,
      "total_pnl_usd": 63.525,
      "total_r": 6.3525,
      "win_rate": 0.5238095238095238,
      "wins": 11,
      "is_warmup": true
    },
    {
      "active": true,
      "agent_id": "polyedge-v0",
      "expectancy_r": 0.5931000000000001,
      "gross_loss_r": 19,
      "gross_win_r": 52.5,
      "last_r": 1,
      "losses": 19,
      "max_drawdown_r": 3,
      "peak_cum_r": 33.62877000000001,
      "profit_factor": 2.763157894736842,
      "rolling_sharpe": 0.55172,
      "sum_downside_r_squared": 19,
      "sum_r_squared": 97.75,
      "total_decisions": 54,
      "total_pnl_usd": 320.27400000000006,
      "total_r": 32.02740000000001,
      "win_rate": 0.6481481481481481,
      "wins": 35,
      "is_warmup": true
    },
    {
      "active": true,
      "agent_id": "gen58-mut385-liq-fade-v0",
      "expectancy_r": 0.42860000000000004,
      "gross_loss_r": 19,
      "gross_win_r": 40.5,
      "last_r": 1,
      "losses": 19,
      "max_drawdown_r": 3,
      "peak_cum_r": 20.701380000000004,
      "profit_factor": 2.1315789473684212,
      "rolling_sharpe": 0.39432,
      "sum_downside_r_squared": 19,
      "sum_r_squared": 79.75,
      "total_decisions": 46,
      "total_pnl_usd": 197.156,
      "total_r": 19.715600000000002,
      "win_rate": 0.5869565217391305,
      "wins": 27,
      "is_warmup": true
    },
    {
      "active": true,
      "agent_id": "gen58-mut386-funding-trend-v1",
      "expectancy_r": 0.41300000000000003,
      "gross_loss_r": 12,
      "gross_win_r": 19.5,
      "last_r": 1,
      "losses": 12,
      "max_drawdown_r": 3,
      "peak_cum_r": 10.841250000000002,
      "profit_factor": 1.625,
      "rolling_sharpe": 0.3556,