{
  "agents": [
    {
      "active": true,
      "agent_id": "gen318-mut302-funding-arb-v0",
      "expectancy_r": 0.13479647310029755,
      "gross_loss_r": 0,
      "gross_win_r": 0.2695929462005951,
      "last_r": 0.16849528501087443,
      "losses": 0,
      "max_drawdown_r": 0,
      "peak_cum_r": 0.2695929462005951,
      "profit_factor": null,
      "rolling_sharpe": 2.8284528386988668,
      "sum_downside_r_squared": 0,
      "sum_r_squared": 0.03861139816892736,
      "total_decisions": 2,
      "total_pnl_usd": 2.695929462005951,
      "total_r": 0.2695929462005951,
      "win_rate": 1,
      "wins": 2
    },
    {
      "active": true,
      "agent_id": "gen316-mut277-liq-trend-v1",
      "expectancy_r": 0.5218084159285908,
      "gross_loss_r": 0.10104324258638553,
      "gross_win_r": 1.666468490372158,
      "last_r": -0.10104324258638553,
      "losses": 1,
      "max_drawdown_r": 0.10104324258638542,
      "peak_cum_r": 1.666468490372158,
      "profit_factor": 16.49262679735791,
      "rolling_sharpe": 0.8460834484190243,
      "sum_downside_r_squared": 0.010209736872371155,
      "sum_r_squared": 1.577573682809698,
      "total_decisions": 3,
      "total_pnl_usd": 15.654252477857725,
      "total_r": 1.5654252477857726,
      "win_rate": 0.6666666666666666,
      "wins": 2
    },
    {
      "active": true,
      "agent_id": "vol-breakout-v1",
      "expectancy_r": 0.8421599238751619,
      "gross_loss_r": 485.21160875310846,
      "gross_win_r": 1652.4452632440841,
      "last_r": -1.1417083845731337,
      "losses": 473,
      "max_drawdown_r": 5.49720477623714,
      "peak_cum_r": 1168.3753628755476,
      "profit_factor": 3.4056177416911355,
      "rolling_sharpe": 0.6097965852136207,
      "sum_downside_r_squared": 525.2554855220519,
      "sum_r_squared": 3624.608857428366,
      "total_decisions": 1386,
      "total_pnl_usd": 11672.336544909762,
      "total_r": 1167.2336544909745,
      "win_rate": 0.6587301587301587,
      "wins": 913
    },
    {
      "active": true,
      "agent_id": "vol-breakout-v0",
      "expectancy_r": 0.772575652308039,
      "gross_loss_r": 784.091284708171,
      "gross_win_r": 2450.5369667366176,
      "last_r": 1.9170120213905175,
      "losses": 770,
      "max_drawdown_r": 5.374687353202262,
      "peak_cum_r": 1666.4456820284402,
      "profit_factor": 3.1253210111226744,
      "rolling_sharpe": 0.5596969398629217,
      "sum_downside_r_squared": 844.9214461479843,
      "sum_r_squared": 5395.403252928442,
      "total_decisions": 2157,
      "total_pnl_usd": 16664.456820284442,
      "total_r": 1666.4456820284402,
      "win_rate": 0.6430227167362077,
      "wins": 1387
    },
    {
      "active": true,
      "agent_id": "gen2-mut25-vol-breakout-v0",
      "expectancy_r": 0.7685376983966604,
      "gross_loss_r": 681.8639273373315,
      "gross_win_r": 2053.703718975369,
      "last_r": 1.921353388428812,
      "losses": 669,
      "max_drawdown_r": 5.507957176917216,
      "peak_cum_r": 1371.8397916380388,
      "profit_factor": 3.0118967093552693,
      "rolling_sharpe": 0.5448108614951589,
      "sum_downside_r_squared": 730.9048356213195,
      "sum_r_squared": 4604.354192620449,
      "total_decisions": 1785,
      "total_pnl_usd": 13718.397916380361,
      "total_r": 1371.8397916380388,
      "win_rate": 0.6252100840336134,
      "wins": 1116
    },
    {
      "active": true,
      "agent_id": "gen261-mut340-funding-trend-v1",
      "expectancy_r": 0.35167110353537384,
      "gross_loss_r": 19.805466223331095,
      "gross_win_r": 35.27899477888753,
      "last_r": -1.0564128699563964,
      "losses": 21,
      "max_drawdown_r": 6.0710623122397855,
      "peak_cum_r": 21.54459086779623,
      "profit_factor": 1.7812756529471858,
      "rolling_sharpe": 0.2612190197736953,
      "sum_downside_r_squared": 20.24422195762535,
      "sum_r_squared": 83.37653785278474,
      "total_decisions": 44,
      "total_pnl_usd": 154.73528555556447,
      "total_r": 15.473528555556449,
      "win_rate": 0.5227272727272727,
      "wins": 23
    },
    {
      "active": true,
      "agent_id": "gen58-mut389-liq-trend-v1",
      "expectancy_r": 0.3144873896258216,
      "gross_loss_r": 16.813860586394874,
      "gross_win_r": 30.651305729931025,
      "last_r": -1.0795628261391592,
      "losses": 16,
      "max_drawdown_r": 9.997512762743884,
      "peak_cum_r": 17.093247681986963,
      "profit_factor": 1.8229784630623664,
      "rolling_sharpe": 0.2585112978892188,
      "sum_downside_r_squared": 17.927360247200337,
      "sum_r_squared": 67.98960653810465,
      "total_decisions": 44,
      "total_pnl_usd": 138.37445143536152,
      "total_r": 13.83744514353615,
      "win_rate": 0.6363636363636364,
      "wins": 28
    },
    {
      "active": true,
      "agent_id": "gen319-mut307-liq-fade-v0",
      "expectancy_r": 0.011758527168809336,
      "gross_loss_r": 0.02423402023241373,
      "gross_win_r": 0.0477510745700324,
      "last_r": 0.0477510745700324,
      "losses": 1,
      "max_drawdown_r": 0.02423402023241373,
      "peak_cum_r": 0.02351705433761867,
      "profit_factor": 1.9704149007090415,
      "rolling_sharpe": 0.23100710836457217,
      "sum_downside_r_squared": 0.000587287736625038,
      "sum_r_squared": 0.002867452859217833,
      "total_decisions": 2,
      "total_pnl_usd": 0.2351705433761867,
      "total_r": 0.02351705433761867,
      "win_rate": 0.5,
      "wins": 1
    },
    {
      "active": true,
      "agent_id": "gen316-mut274-funding-trend-v1",
      "expectancy_r": 0.2708801464219458,
      "gross_loss_r": 11.093446189224439,
      "gross_win_r": 19.219850581882817,
      "last_r": -1.103172628867529,
      "losses": 13,
      "max_drawdown_r": 2.9783293330815237,
      "peak_cum_r": 9.472691790033757,
      "profit_factor": 1.7325410205308354,
      "rolling_sharpe": 0.2286504929190198,
      "sum_downside_r_squared": 11.918656896257486,
      "sum_r_squared": 42.90256138754517,
      "total_decisions": 30,
      "total_pnl_usd": 81.26404392658375,
      "total_r": 8.126404392658374,
      "win_rate": 0.5666666666666667,
      "wins": 17
    },
    {
      "active": true,
      "agent_id": "gen228-mut329-funding-trend-v1",
      "expectancy_r": 0.23856287234254864,
      "gross_loss_r": 35.10656866489715,
      "gross_win_r": 53.9530355799585,
      "last_r": -0.17929699415929568,
      "losses": 36,
      "max_drawdown_r": 10.09206085728336,
      "peak_cum_r": 28.15926808921333,
      "profit_factor": 1.5368359150948816,
      "rolling_sharpe": 0.1895995235314522,
      "sum_downside_r_squared": 36.944940624889526,
      "sum_r_squared": 127.98437233332858,
      "total_decisions": 79,
      "total_pnl_usd": 188.4646691506135,
      "total_r": 18.84646691506134,
      "win_rate": 0.5443037974683544,
      "wins": 43
    },
    {
      "active": true,
      "agent_id": "gen317-mut289-liq-fade-v0",
      "expectancy_r": 0.12347721283576803,
      "gross_loss_r": 5.3289347849426,
      "gross_win_r": 7.30457019031489,
      "last_r": 0.5140338034153362,
      "losses": 7,
      "max_drawdown_r": 4.618836881728557,
      "peak_cum_r": 2.9872656711145833,
      "profit_factor": 1.3707373959528706,
      "rolling_sharpe": 0.13241298011560504,
      "sum_downside_r_squared": 5.546189549678907,
      "sum_r_squared": 13.287735251634784,
      "total_decisions": 16,
      "total_pnl_usd": 19.75635405372288,
      "total_r": 1.9756354053722884,
      "win_rate": 0.5625,
      "wins": 9
    },
    {
      "active": true,
      "agent_id": "polyedge-v0",
      "expectancy_r": 0.5931000000000001,
      "gross_loss_r": 19,
      "gross_win_r": 52.5,
      "last_r": 1,
      "losses": 19,
      "max_drawdown_r": 3,
      "peak_cum_r": 33.62877000000001,
      "profit_factor": 2.763157894736842,
      "rolling_sharpe": 0.55172,
      "sum_downside_r_squared": 19,
      "sum_r_squared": 97.75,
      "total_decisions": 54,
      "total_pnl_usd": 320.27400000000006,