{
  "agents": [
    {
      "active": true,
      "agent_id": "gen446-mut343-funding-trend-v1",
      "expectancy_r": 0.81899453944751,
      "gross_loss_r": 2.841837844061024,
      "gross_win_r": 24.135695869696285,
      "last_r": 0.49029089273733567,
      "losses": 5,
      "max_drawdown_r": 1.431381275730116,
      "peak_cum_r": 21.906874555869337,
      "profit_factor": 8.492988408939636,
      "rolling_sharpe": 0.8782078916530263,
      "sum_downside_r_squared": 2.5693357170652935,
      "sum_r_squared": 39.181946883869756,
      "total_decisions": 26,
      "total_pnl_usd": 212.93858025635265,
      "total_r": 21.29385802563526,
      "win_rate": 0.8076923076923077,
      "wins": 21
    },
    {
      "active": true,
      "agent_id": "vol-breakout-v1",
      "expectancy_r": 0.8732864580155796,
      "gross_loss_r": 661.6523391686537,
      "gross_win_r": 2364.5609322990354,
      "last_r": 1.8591339151130082,
      "losses": 645,
      "max_drawdown_r": 5.49720477623714,
      "peak_cum_r": 1702.9085931303803,
      "profit_factor": 3.573721110500471,
      "rolling_sharpe": 0.6371182399420987,
      "sum_downside_r_squared": 716.2578122835519,
      "sum_r_squared": 5148.847697201659,
      "total_decisions": 1950,
      "total_pnl_usd": 17029.085931303853,
      "total_r": 1702.9085931303803,
      "win_rate": 0.6692307692307692,
      "wins": 1305
    },
    {
      "active": true,
      "agent_id": "vol-breakout-v0",
      "expectancy_r": 0.8021053602868802,
      "gross_loss_r": 1069.2155336528317,
      "gross_win_r": 3487.5631949177846,
      "last_r": 1.8591339151130082,
      "losses": 1050,
      "max_drawdown_r": 5.374687353202262,
      "peak_cum_r": 2418.347661264944,
      "profit_factor": 3.2617962283086106,
      "rolling_sharpe": 0.5834352385009651,
      "sum_downside_r_squared": 1152.1659404098243,
      "sum_r_squared": 7636.435827078318,
      "total_decisions": 3015,
      "total_pnl_usd": 24183.47661264942,
      "total_r": 2418.347661264944,
      "win_rate": 0.6517412935323383,
      "wins": 1965
    },
    {
      "active": true,
      "agent_id": "gen2-mut25-vol-breakout-v0",
      "expectancy_r": 0.7950034927104005,
      "gross_loss_r": 934.0127212560066,
      "gross_win_r": 2938.216526378921,
      "last_r": 1.837819482668835,
      "losses": 928,
      "max_drawdown_r": 5.507957176917216,
      "peak_cum_r": 2004.2038051229197,
      "profit_factor": 3.1457992589520374,
      "rolling_sharpe": 0.5673877080234506,
      "sum_downside_r_squared": 998.265271597166,
      "sum_r_squared": 6540.768886748059,
      "total_decisions": 2521,
      "total_pnl_usd": 20042.038051229243,
      "total_r": 2004.2038051229197,
      "win_rate": 0.631892106307021,
      "wins": 1593
    },
    {
      "active": true,
      "agent_id": "gen439-mut246-funding-trend-v1",
      "expectancy_r": 0.532525708866483,
      "gross_loss_r": 7.3201291602913265,
      "gross_win_r": 22.76337471741934,
      "last_r": 0.2967698223673463,
      "losses": 7,
      "max_drawdown_r": 5.139334752900651,
      "peak_cum_r": 15.443245557128007,
      "profit_factor": 3.1096957743452442,
      "rolling_sharpe": 0.47723707208974453,
      "sum_downside_r_squared": 7.840602863919399,
      "sum_r_squared": 43.08741405024117,
      "total_decisions": 29,
      "total_pnl_usd": 154.43245557128012,
      "total_r": 15.443245557128007,
      "win_rate": 0.7586206896551724,
      "wins": 22
    },
    {
      "active": true,
      "agent_id": "gen390-mut413-liq-trend-v1",
      "expectancy_r": 0.2221774287063078,
      "gross_loss_r": 17.34006118168722,
      "gross_win_r": 26.893690616058453,
      "last_r": -1.0856954789845683,
      "losses": 18,
      "max_drawdown_r": 10.655600583054223,
      "peak_cum_r": 13.949118988758324,
      "profit_factor": 1.550957077617511,
      "rolling_sharpe": 0.18805210864981428,
      "sum_downside_r_squared": 18.11822971190025,
      "sum_r_squared": 60.7489361664512,
      "total_decisions": 43,
      "total_pnl_usd": 95.53629434371236,
      "total_r": 9.553629434371237,
      "win_rate": 0.5813953488372093,
      "wins": 25
    },
    {
      "active": true,
      "agent_id": "gen33-mut40-liq-fade-v0",
      "expectancy_r": 0.18297121513098635,
      "gross_loss_r": 12.968555825523156,
      "gross_win_r": 19.921462000500632,
      "last_r": -1.160831620355443,
      "losses": 17,
      "max_drawdown_r": 8.02040477993566,
      "peak_cum_r": 9.26253915118954,
      "profit_factor": 1.5361357323452778,
      "rolling_sharpe": 0.17768505655197506,
      "sum_downside_r_squared": 12.848010606994494,
      "sum_r_squared": 40.50644107489357,
      "total_decisions": 38,
      "total_pnl_usd": 69.52906174977483,
      "total_r": 6.952906174977482,
      "win_rate": 0.5526315789473685,
      "wins": 21
    },
    {
      "active": true,
      "agent_id": "funding-arb-v0",
      "expectancy_r": 0.3025,
      "gross_loss_r": 10,
      "gross_win_r": 16.5,
      "last_r": 1,
      "losses": 10,
      "max_drawdown_r": 3,
      "peak_cum_r": 6.6701250000000005,
      "profit_factor": 1.65,
      "rolling_sharpe": 0.28300000000000003,
      "sum_downside_r_squared": 10,
      "sum_r_squared": 34.75,
      "total_decisions": 21,
      "total_pnl_usd": 63.525,
      "total_r": 6.3525,
      "win_rate": 0.5238095238095238,
      "wins": 11,
      "is_warmup": true
    },
    {
      "active": true,
      "agent_id": "polyedge-v0",
      "expectancy_r": 0.5931000000000001,
      "gross_loss_r": 19,
      "gross_win_r": 52.5,
      "last_r": 1,
      "losses": 19,
      "max_drawdown_r": 3,
      "peak_cum_r": 33.62877000000001,
      "profit_factor": 2.763157894736842,
      "rolling_sharpe": 0.55172,
      "sum_downside_r_squared": 19,
      "sum_r_squared": 97.75,
      "total_decisions": 54,
      "total_pnl_usd": 320.27400000000006,
      "total_r": 32.02740000000001,
      "win_rate": 0.6481481481481481,
      "wins": 35,
      "is_warmup": true
    },
    {
      "active": true,
      "agent_id": "gen450-mut382-liq-trend-v1",
      "expectancy_r": 0.5233,
      "gross_loss_r": 21,
      "gross_win_r": 46.5,
      "last_r": 1,
      "losses": 21,
      "max_drawdown_r": 3,
      "peak_cum_r": 28.572180000000003,
      "profit_factor": 2.2142857142857144,
      "rolling_sharpe": 0.44795999999999997,
      "sum_downside_r_squared": 21,
      "sum_r_squared": 90.75,
      "total_decisions": 52,
      "total_pnl_usd": 272.116,
      "total_r": 27.2116,
      "win_rate": 0.5961538461538461,
      "wins": 31,
      "is_warmup": true
    },
    {
      "active": true,
      "agent_id": "gen450-mut383-liq-fade-v0",
      "expectancy_r": 0.3914,
      "gross_loss_r": 17,
      "gross_win_r": 30,
      "last_r": 1,
      "losses": 17,
      "max_drawdown_r": 3,
      "peak_cum_r": 15.205890000000002,
      "profit_factor": 1.7647058823529411,
      "rolling_sharpe": 0.34968,
      "sum_downside_r_squared": 17,
      "sum_r_squared": 62,
      "total_decisions": 37,
      "total_pnl_usd": 144.818,
      "total_r": 14.481800000000002,
      "win_rate": 0.5405405405405406,
      "wins": 20,
      "is_warmup": true
    },
    {
      "active": true,
      "agent_id": "gen450-mut384-funding-arb-v1",
      "expectancy_r": 0.3762,
      "gross_loss_r": 15,
      "gross_win_r": 30,
      "last_r": 1,
      "losses": 15,
      "max_drawdown_r": 3,
      "peak_cum_r": 13.82535,
      "profit_factor": 2,
      "rolling_sharpe": 0.37144000000000005,
      "sum_downside_r_squared": 15,
      "sum_r_squared": 60,
      "total_decisions": 35,
      "total_pnl_usd": 131.67,
      "total_r": 13.167,
      "win_rate": 0.5714285714285714,
      "wins": 20,
      "is_warmup": true
    },
    {
      "active": true,
      "agent_id": "gen450-mut385-polyedge-v1",
      "expectancy_r": 0.5359,
      "gross_loss_r": 15,
      "gross_win_r": 34.5,
      "last_r": 1,
      "losses": 15,
      "max_drawdown_r": 3,
      "peak_cum_r": 21.38241,