{
  "agents": [
    {
      "active": true,
      "agent_id": "vol-breakout-v0",
      "expectancy_r": 0.7511724011156867,
      "gross_loss_r": 1685.7845222685999,
      "gross_win_r": 5129.158808982907,
      "last_r": 1.8740057064846876,
      "losses": 1675,
      "max_drawdown_r": 5.374687353202262,
      "peak_cum_r": 3443.374286714308,
      "profit_factor": 3.0425945553708593,
      "rolling_sharpe": 0.5430865786927965,
      "sum_downside_r_squared": 1812.7451623214536,
      "sum_r_squared": 11354.37436040541,
      "total_decisions": 4584,
      "total_pnl_usd": 34433.74286714301,
      "total_r": 3443.374286714308,
      "win_rate": 0.6345986038394416,
      "wins": 2909
    },
    {
      "active": true,
      "agent_id": "gen2-mut25-vol-breakout-v0",
      "expectancy_r": 0.7648144916571455,
      "gross_loss_r": 1462.8240664848897,
      "gross_win_r": 4389.004311565125,
      "last_r": 0.8810491633264694,
      "losses": 1438,
      "max_drawdown_r": 5.507957176917216,
      "peak_cum_r": 2927.215613909814,
      "profit_factor": 3.0003637567378383,
      "rolling_sharpe": 0.5423943152640539,
      "sum_downside_r_squared": 1566.1148877919886,
      "sum_r_squared": 9843.233360509961,
      "total_decisions": 3826,
      "total_pnl_usd": 29261.802450802832,
      "total_r": 2926.180245080239,
      "win_rate": 0.6241505488761108,
      "wins": 2388
    },
    {
      "active": true,
      "agent_id": "vol-breakout-v1",
      "expectancy_r": 0.8696319883026276,
      "gross_loss_r": 977.7715813945896,
      "gross_win_r": 3503.182875425419,
      "last_r": 0.8810491633264694,
      "losses": 960,
      "max_drawdown_r": 5.49720477623714,
      "peak_cum_r": 2525.4112940308305,
      "profit_factor": 3.582823373153115,
      "rolling_sharpe": 0.6363639451738037,
      "sum_downside_r_squared": 1055.1585512271415,
      "sum_r_squared": 7617.5218444462225,
      "total_decisions": 2904,
      "total_pnl_usd": 25254.112940308332,
      "total_r": 2525.4112940308305,
      "win_rate": 0.6694214876033058,
      "wins": 1944
    },
    {
      "active": true,
      "agent_id": "gen8-mut106-liq-trend-v1",
      "expectancy_r": 0.17913783133738218,
      "gross_loss_r": 17.13778818173334,
      "gross_win_r": 24.303301435228622,
      "last_r": -1.0578151640546016,
      "losses": 20,
      "max_drawdown_r": 8.459410640376621,
      "peak_cum_r": 11.481274172409924,
      "profit_factor": 1.418111904378232,
      "rolling_sharpe": 0.14884928550255452,
      "sum_downside_r_squared": 17.378123492642768,
      "sum_r_squared": 57.77025198908811,
      "total_decisions": 40,
      "total_pnl_usd": 71.65513253495286,
      "total_r": 7.165513253495287,
      "win_rate": 0.5,
      "wins": 20
    },
    {
      "active": true,
      "agent_id": "gen31-mut40-liq-fade-v0",
      "expectancy_r": 0.18297121513098635,
      "gross_loss_r": 12.968555825523156,
      "gross_win_r": 19.921462000500632,
      "last_r": -1.160831620355443,
      "losses": 17,
      "max_drawdown_r": 8.02040477993566,
      "peak_cum_r": 9.26253915118954,
      "profit_factor": 1.5361357323452778,
      "rolling_sharpe": 0.17768505655197506,
      "sum_downside_r_squared": 12.848010606994494,
      "sum_r_squared": 40.50644107489358,
      "total_decisions": 38,
      "total_pnl_usd": 69.52906174977483,
      "total_r": 6.952906174977482,
      "win_rate": 0.5526315789473685,
      "wins": 21
    },
    {
      "active": true,
      "agent_id": "funding-trend-v0",
      "expectancy_r": 0.4297,
      "gross_loss_r": 13,
      "gross_win_r": 24,
      "last_r": 1,
      "losses": 13,
      "max_drawdown_r": 3,
      "peak_cum_r": 13.084365000000002,
      "profit_factor": 1.8461538461538463,
      "rolling_sharpe": 0.37564000000000003,
      "sum_downside_r_squared": 13,
      "sum_r_squared": 49,
      "total_decisions": 29,
      "total_pnl_usd": 124.61300000000001,
      "total_r": 12.461300000000001,
      "win_rate": 0.5517241379310345,
      "wins": 16,
      "is_warmup": true
    },
    {
      "active": true,
      "agent_id": "funding-arb-v0",
      "expectancy_r": 0.3025,
      "gross_loss_r": 10,
      "gross_win_r": 16.5,
      "last_r": 1,
      "losses": 10,
      "max_drawdown_r": 3,
      "peak_cum_r": 6.6701250000000005,
      "profit_factor": 1.65,
      "rolling_sharpe": 0.28300000000000003,
      "sum_downside_r_squared": 10,
      "sum_r_squared": 34.75,
      "total_decisions": 21,
      "total_pnl_usd": 63.525,
      "total_r": 6.3525,
      "win_rate": 0.5238095238095238,
      "wins": 11,
      "is_warmup": true
    },
    {
      "active": true,
      "agent_id": "polyedge-v0",
      "expectancy_r": 0.5931000000000001,
      "gross_loss_r": 19,
      "gross_win_r": 52.5,
      "last_r": 1,
      "losses": 19,
      "max_drawdown_r": 3,
      "peak_cum_r": 33.62877000000001,
      "profit_factor": 2.763157894736842,
      "rolling_sharpe": 0.55172,
      "sum_downside_r_squared": 19,
      "sum_r_squared": 97.75,
      "total_decisions": 54,
      "total_pnl_usd": 320.27400000000006,
      "total_r": 32.02740000000001,
      "win_rate": 0.6481481481481481,
      "wins": 35,
      "is_warmup": true
    },
    {
      "active": true,
      "agent_id": "gen672-mut377-liq-trend-v1",
      "expectancy_r": 0.5295,
      "gross_loss_r": 21,
      "gross_win_r": 49.5,
      "last_r": 1,
      "losses": 21,
      "max_drawdown_r": 3,
      "peak_cum_r": 30.022650000000002,
      "profit_factor": 2.357142857142857,
      "rolling_sharpe": 0.45539999999999997,
      "sum_downside_r_squared": 21,
      "sum_r_squared": 95.25,
      "total_decisions": 54,
      "total_pnl_usd": 285.93,
      "total_r": 28.593,
      "win_rate": 0.6111111111111112,
      "wins": 33,
      "is_warmup": true
    },
    {
      "active": true,
      "agent_id": "gen672-mut378-liq-fade-v0",
      "expectancy_r": 0.36700000000000005,
      "gross_loss_r": 14,
      "gross_win_r": 24,
      "last_r": 1,
      "losses": 14,
      "max_drawdown_r": 3,
      "peak_cum_r": 11.560500000000003,
      "profit_factor": 1.7142857142857142,
      "rolling_sharpe": 0.3204,
      "sum_downside_r_squared": 14,
      "sum_r_squared": 50,
      "total_decisions": 30,
      "total_pnl_usd": 110.10000000000002,
      "total_r": 11.010000000000002,
      "win_rate": 0.5333333333333333,
      "wins": 16,
      "is_warmup": true
    },
    {
      "active": true,
      "agent_id": "gen672-mut379-funding-trend-v1",
      "expectancy_r": 0.4788,
      "gross_loss_r": 16,
      "gross_win_r": 34.5,
      "last_r": 1,
      "losses": 16,
      "max_drawdown_r": 3,
      "peak_cum_r": 19.60686,
      "profit_factor": 2.15625,
      "rolling_sharpe": 0.43456,
      "sum_downside_r_squared": 16,
      "sum_r_squared": 67.75,
      "total_decisions": 39,
      "total_pnl_usd": 186.73200000000003,
      "total_r": 18.6732,
      "win_rate": 0.5897435897435898,
      "wins": 23,
      "is_warmup": true
    },
    {
      "active": true,
      "agent_id": "gen672-mut380-funding-arb-v1",
      "expectancy_r": 0.31679999999999997,
      "gross_loss_r": 11,
      "gross_win_r": 18,
      "last_r": 1,
      "losses": 11,
      "max_drawdown_r": 3,
      "peak_cum_r": 7.65072,
      "profit_factor": 1.6363636363636365,
      "rolling_sharpe": 0.30016000000000004,
      "sum_downside_r_squared": 11,
      "sum_r_squared": 38,
      "total_decisions": 23,
      "total_pnl_usd": 72.86399999999999,
      "total_r": 7.2863999999999995,
      "win_rate": 0.5217391304347826,
      "wins": 12,
      "is_warmup": true
    },
    {
      "active": true,
      "agent_id": "gen672-mut381-polyedge-v1",
      "expectancy_r": 0.5761000000000001,
      "gross_loss_r": 18,
      "gross_win_r": 46.5,
      "last_r": 1,
      "losses": 18,
      "max_drawdown_r": 3,
      "peak_cum_r": 29.640345000000003,
      "profit_factor": 2.5833333333333335,
      "rolling_sharpe": 0.53132,
      "sum_downside_r_squared": 18,