{
  "agents": [
    {
      "active": true,
      "agent_id": "vol-breakout-v1",
      "expectancy_r": 0.8732864580155815,
      "gross_loss_r": 264.6609356674614,
      "gross_win_r": 945.8243729196149,
      "last_r": 1.8377889238327885,
      "losses": 258,
      "max_drawdown_r": 5.497204776236856,
      "peak_cum_r": 681.1634372521536,
      "profit_factor": 3.573721110500475,
      "rolling_sharpe": 0.6368730215457165,
      "sum_downside_r_squared": 286.50312491342106,
      "sum_r_squared": 2059.5390788806576,
      "total_decisions": 780,
      "total_pnl_usd": 6811.634372521525,
      "total_r": 681.1634372521536,
      "win_rate": 0.6692307692307692,
      "wins": 522
    },
    {
      "active": true,
      "agent_id": "vol-breakout-v0",
      "expectancy_r": 0.8021053602868821,
      "gross_loss_r": 427.68621346113224,
      "gross_win_r": 1395.0252779671116,
      "last_r": 1.8591339151130082,
      "losses": 420,
      "max_drawdown_r": 5.374687353201978,
      "peak_cum_r": 967.3390645059798,
      "profit_factor": 3.2617962283086084,
      "rolling_sharpe": 0.5832900391361968,
      "sum_downside_r_squared": 460.86637616392943,
      "sum_r_squared": 3054.5743308313354,
      "total_decisions": 1206,
      "total_pnl_usd": 9673.390645059797,
      "total_r": 967.3390645059798,
      "win_rate": 0.6517412935323383,
      "wins": 786
    },
    {
      "active": true,
      "agent_id": "gen2-mut25-vol-breakout-v0",
      "expectancy_r": 0.7891545298563404,
      "gross_loss_r": 372.3541940455509,
      "gross_win_r": 1161.50872390189,
      "last_r": 1.859115321326751,
      "losses": 370,
      "max_drawdown_r": 5.507957176917159,
      "peak_cum_r": 789.1545298563403,
      "profit_factor": 3.1193652239614633,
      "rolling_sharpe": 0.5625591097170071,
      "sum_downside_r_squared": 398.0015527351663,
      "sum_r_squared": 2588.6279781696617,
      "total_decisions": 1000,
      "total_pnl_usd": 7891.545298563382,
      "total_r": 789.1545298563403,
      "win_rate": 0.63,
      "wins": 630
    },
    {
      "active": true,
      "agent_id": "gen33-mut40-liq-fade-v0",
      "expectancy_r": 0.18297121513098635,
      "gross_loss_r": 12.968555825523156,
      "gross_win_r": 19.921462000500632,
      "last_r": -1.160831620355443,
      "losses": 17,
      "max_drawdown_r": 8.02040477993566,
      "peak_cum_r": 9.26253915118954,
      "profit_factor": 1.5361357323452778,
      "rolling_sharpe": 0.17768505655197506,
      "sum_downside_r_squared": 12.848010606994494,
      "sum_r_squared": 40.50644107489357,
      "total_decisions": 38,
      "total_pnl_usd": 69.52906174977483,
      "total_r": 6.952906174977482,
      "win_rate": 0.5526315789473685,
      "wins": 21
    },
    {
      "active": true,
      "agent_id": "gen8-mut106-liq-trend-v1",
      "expectancy_r": 0.17913783133738218,
      "gross_loss_r": 17.13778818173334,
      "gross_win_r": 24.303301435228622,
      "last_r": -1.0578151640546016,
      "losses": 20,
      "max_drawdown_r": 8.459410640376621,
      "peak_cum_r": 11.481274172409924,
      "profit_factor": 1.418111904378232,
      "rolling_sharpe": 0.14884928550255452,
      "sum_downside_r_squared": 17.378123492642768,
      "sum_r_squared": 57.77025198908811,
      "total_decisions": 40,
      "total_pnl_usd": 71.65513253495286,
      "total_r": 7.165513253495287,
      "win_rate": 0.5,
      "wins": 20
    },
    {
      "active": true,
      "agent_id": "funding-trend-v0",
      "expectancy_r": 0.4297,
      "gross_loss_r": 13,
      "gross_win_r": 24,
      "last_r": 1,
      "losses": 13,
      "max_drawdown_r": 3,
      "peak_cum_r": 13.084365000000002,
      "profit_factor": 1.8461538461538463,
      "rolling_sharpe": 0.37564000000000003,
      "sum_downside_r_squared": 13,
      "sum_r_squared": 49,
      "total_decisions": 29,
      "total_pnl_usd": 124.61300000000001,
      "total_r": 12.461300000000001,
      "win_rate": 0.5517241379310345,
      "wins": 16,
      "is_warmup": true
    },
    {
      "active": true,
      "agent_id": "funding-arb-v0",
      "expectancy_r": 0.3025,
      "gross_loss_r": 10,
      "gross_win_r": 16.5,
      "last_r": 1,
      "losses": 10,
      "max_drawdown_r": 3,
      "peak_cum_r": 6.6701250000000005,
      "profit_factor": 1.65,
      "rolling_sharpe": 0.28300000000000003,
      "sum_downside_r_squared": 10,
      "sum_r_squared": 34.75,
      "total_decisions": 21,
      "total_pnl_usd": 63.525,
      "total_r": 6.3525,
      "win_rate": 0.5238095238095238,
      "wins": 11,
      "is_warmup": true
    },
    {
      "active": true,
      "agent_id": "polyedge-v0",
      "expectancy_r": 0.5931000000000001,
      "gross_loss_r": 19,
      "gross_win_r": 52.5,
      "last_r": 1,
      "losses": 19,
      "max_drawdown_r": 3,
      "peak_cum_r": 33.62877000000001,
      "profit_factor": 2.763157894736842,
      "rolling_sharpe": 0.55172,
      "sum_downside_r_squared": 19,
      "sum_r_squared": 97.75,
      "total_decisions": 54,
      "total_pnl_usd": 320.27400000000006,
      "total_r": 32.02740000000001,
      "win_rate": 0.6481481481481481,
      "wins": 35,
      "is_warmup": true
    },
    {
      "active": true,
      "agent_id": "gen180-mut405-liq-trend-v1",
      "expectancy_r": 0.5155,
      "gross_loss_r": 20,
      "gross_win_r": 45,
      "last_r": 1,
      "losses": 20,
      "max_drawdown_r": 3,
      "peak_cum_r": 27.06375,
      "profit_factor": 2.25,
      "rolling_sharpe": 0.4386,
      "sum_downside_r_squared": 20,
      "sum_r_squared": 87.5,
      "total_decisions": 50,
      "total_pnl_usd": 257.75,
      "total_r": 25.775,
      "win_rate": 0.6,
      "wins": 30,
      "is_warmup": true
    },
    {
      "active": true,
      "agent_id": "gen180-mut406-liq-fade-v0",
      "expectancy_r": 0.3934,
      "gross_loss_r": 17,
      "gross_win_r": 30,
      "last_r": 1,
      "losses": 17,
      "max_drawdown_r": 3,
      "peak_cum_r": 15.283590000000002,
      "profit_factor": 1.7647058823529411,
      "rolling_sharpe": 0.35208,
      "sum_downside_r_squared": 17,
      "sum_r_squared": 62,
      "total_decisions": 37,
      "total_pnl_usd": 145.55800000000002,
      "total_r": 14.555800000000001,
      "win_rate": 0.5405405405405406,
      "wins": 20,
      "is_warmup": true
    },
    {
      "active": true,
      "agent_id": "gen180-mut407-funding-trend-v1",
      "expectancy_r": 0.4828,
      "gross_loss_r": 16,
      "gross_win_r": 36,
      "last_r": 1,
      "losses": 16,
      "max_drawdown_r": 3,
      "peak_cum_r": 20.277600000000003,
      "profit_factor": 2.25,
      "rolling_sharpe": 0.43936000000000003,
      "sum_downside_r_squared": 16,
      "sum_r_squared": 70,
      "total_decisions": 40,
      "total_pnl_usd": 193.12,
      "total_r": 19.312,
      "win_rate": 0.6,
      "wins": 24,
      "is_warmup": true
    },
    {
      "active": true,
      "agent_id": "gen180-mut408-funding-arb-v1",
      "expectancy_r": 0.3283,
      "gross_loss_r": 12,
      "gross_win_r": 21,
      "last_r": 1,
      "losses": 12,
      "max_drawdown_r": 3,
      "peak_cum_r": 8.96259,
      "profit_factor": 1.75,
      "rolling_sharpe": 0.31396,
      "sum_downside_r_squared": 12,
      "sum_r_squared": 43.5,
      "total_decisions": 26,
      "total_pnl_usd": 85.358,
      "total_r": 8.5358,
      "win_rate": 0.5384615384615384,
      "wins": 14,
      "is_warmup": true
    },
    {
      "active": true,
      "agent_id": "gen180-mut409-polyedge-v1",
      "expectancy_r": 0.5632,
      "gross_loss_r": 17,
      "gross_win_r": 43.5,
      "last_r": 1,
      "losses": 17,
      "max_drawdown_r": 3,
      "peak_cum_r": 27.202560000000005,
      "profit_factor": 2.5588235294117645,
      "rolling_sharpe": 0.51584,
      "sum_downside_r_squared": 17,
      "sum_r_squared": 82.25,
      "total_decisions": 46,
      "total_pnl_usd": 259.072,
      "total_r": 25.907200000000003,
      "win_rate": 0.6304347826086957,
      "wins": 29,