{
  "agents": [
    {
      "active": true,
      "agent_id": "gen97-mut1525-vol-breakout-v0",
      "expectancy_r": 0.6068422987131373,
      "gross_loss_r": 795.9015286851319,
      "gross_win_r": 1996.2355955397165,
      "last_r": -1.102480568928,
      "losses": 789,
      "max_drawdown_r": 12.39985499000602,
      "peak_cum_r": 1202.5306215150993,
      "profit_factor": 2.508143939411192,
      "rolling_sharpe": 0.4386489560205037,
      "sum_downside_r_squared": 863.2346228081764,
      "sum_r_squared": 4512.17851121899,
      "total_decisions": 1978,
      "total_pnl_usd": 12000.348814709352,
      "total_r": 1200.3340668545857,
      "win_rate": 0.6011122345803842,
      "wins": 1189
    },
    {
      "active": true,
      "agent_id": "vol-breakout-v0",
      "expectancy_r": 0.7468523826905413,
      "gross_loss_r": 561.0194130400081,
      "gross_win_r": 1663.373529891249,
      "last_r": 1.9057573832459287,
      "losses": 542,
      "max_drawdown_r": 11.1918483316515,
      "peak_cum_r": 1105.539080200694,
      "profit_factor": 2.9649126059255075,
      "rolling_sharpe": 0.5346976357220183,
      "sum_downside_r_squared": 610.985942870202,
      "sum_r_squared": 3700.992602907596,
      "total_decisions": 1476,
      "total_pnl_usd": 11023.541168512395,
      "total_r": 1102.354116851239,
      "win_rate": 0.6327913279132791,
      "wins": 934
    },
    {
      "active": true,
      "agent_id": "gen93-mut1477-vol-breakout-v0",
      "expectancy_r": 0.6372479499768308,
      "gross_loss_r": 696.3072845695564,
      "gross_win_r": 1760.5113610308622,
      "last_r": -1.1025681784981631,
      "losses": 661,
      "max_drawdown_r": 12.662129783712544,
      "peak_cum_r": 1067.4259532586623,
      "profit_factor": 2.5283540759151704,
      "rolling_sharpe": 0.4505940892923696,
      "sum_downside_r_squared": 762.1753254788355,
      "sum_r_squared": 4016.2842093001486,
      "total_decisions": 1670,
      "total_pnl_usd": 10640.203317045833,
      "total_r": 1064.2040764613073,
      "win_rate": 0.604191616766467,
      "wins": 1009
    },
    {
      "active": true,
      "agent_id": "polyfusion-v0",
      "expectancy_r": 0.55,
      "gross_loss_r": 361,
      "gross_win_r": 961.5,
      "last_r": 1.5,
      "losses": 361,
      "max_drawdown_r": 33.066,
      "peak_cum_r": 578.6550000000001,
      "profit_factor": 2.6634349030470914,
      "rolling_sharpe": 0.4519458715602467,
      "sum_downside_r_squared": 361,
      "sum_r_squared": 1803.25,
      "total_decisions": 1002,
      "total_pnl_usd": 5511,
      "total_r": 551.1,
      "win_rate": 0.64,
      "wins": 641
    },
    {
      "active": true,
      "agent_id": "polyedge-v0",
      "expectancy_r": 0.42,
      "gross_loss_r": 391,
      "gross_win_r": 916.5,
      "last_r": 1.5,
      "losses": 391,
      "max_drawdown_r": 25.2504,
      "peak_cum_r": 441.882,
      "profit_factor": 2.343989769820972,
      "rolling_sharpe": 0.39832517493445474,
      "sum_downside_r_squared": 391,
      "sum_r_squared": 1765.75,
      "total_decisions": 1002,
      "total_pnl_usd": 4208.4,
      "total_r": 420.84,
      "win_rate": 0.61,
      "wins": 611
    },
    {
      "active": true,
      "agent_id": "gen269-mut1564-vol-breakout-v0",
      "expectancy_r": 0.6926425552590105,
      "gross_loss_r": 33.225800184718466,
      "gross_win_r": 92.10041738173436,
      "last_r": -1.0940740915854863,
      "losses": 32,
      "max_drawdown_r": 4.4147706504331765,
      "peak_cum_r": 61.43004933693989,
      "profit_factor": 2.7719548323803527,
      "rolling_sharpe": 0.49629238015259736,
      "sum_downside_r_squared": 36.17190006659247,
      "sum_r_squared": 204.39380010746305,
      "total_decisions": 85,
      "total_pnl_usd": 588.7461719701588,
      "total_r": 58.874617197015894,
      "win_rate": 0.6235294117647059,
      "wins": 53
    },
    {
      "active": true,
      "agent_id": "gen269-mut1577-vol-breakout-v0",
      "expectancy_r": 0.6764053894368893,
      "gross_loss_r": 31.0311052093677,
      "gross_win_r": 84.46713097488197,
      "last_r": 1.9057573832459287,
      "losses": 30,
      "max_drawdown_r": 4.685743549736912,
      "peak_cum_r": 54.5360260578112,
      "profit_factor": 2.722014907460755,
      "rolling_sharpe": 0.48570465703746685,
      "sum_downside_r_squared": 33.76352237434784,
      "sum_r_squared": 187.41837937659938,
      "total_decisions": 79,
      "total_pnl_usd": 534.3602576551426,
      "total_r": 53.43602576551426,
      "win_rate": 0.620253164556962,
      "wins": 49
    },
    {
      "active": true,
      "agent_id": "gen269-mut1575-vol-breakout-v0",
      "expectancy_r": 0.6289738535170399,
      "gross_loss_r": 31.094549138569914,
      "gross_win_r": 79.52553585938202,
      "last_r": 0.7436906990876522,
      "losses": 30,
      "max_drawdown_r": 4.4147706504331765,
      "peak_cum_r": 49.054049973025876,
      "profit_factor": 2.55753944220204,
      "rolling_sharpe": 0.45273657042744236,
      "sum_downside_r_squared": 33.67984707799351,
      "sum_r_squared": 177.14747220658998,
      "total_decisions": 77,
      "total_pnl_usd": 484.30986720812075,
      "total_r": 48.43098672081208,
      "win_rate": 0.6103896103896104,
      "wins": 47
    },
    {
      "active": true,
      "agent_id": "gen269-mut1580-vol-breakout-v0",
      "expectancy_r": 0.5650215806137191,
      "gross_loss_r": 34.583273676180895,
      "gross_win_r": 78.0899353834373,
      "last_r": -1.0752610261398807,
      "losses": 33,
      "max_drawdown_r": 4.416136445820939,
      "peak_cum_r": 45.68440330232425,
      "profit_factor": 2.258026123108798,
      "rolling_sharpe": 0.3925425146352913,
      "sum_downside_r_squared": 37.86252681428975,
      "sum_r_squared": 182.0422086099173,
      "total_decisions": 77,
      "total_pnl_usd": 435.0666170725639,
      "total_r": 43.50666170725637,
      "win_rate": 0.5714285714285714,
      "wins": 44
    },
    {
      "active": true,
      "agent_id": "gen276-mut1652-vol-breakout-v0",
      "expectancy_r": 0.5700000000000001,
      "gross_loss_r": 23,
      "gross_win_r": 55.5,
      "last_r": 1,
      "losses": 23,
      "max_drawdown_r": 3,
      "peak_cum_r": 35.910000000000004,
      "profit_factor": 2.4130434782608696,
      "rolling_sharpe": 0.47000000000000003,
      "sum_downside_r_squared": 23,
      "sum_r_squared": 106.25,
      "total_decisions": 60,
      "total_pnl_usd": 342,
      "total_r": 34.2,
      "win_rate": 0.6166666666666667,
      "wins": 37
    },
    {
      "active": true,
      "agent_id": "gen276-mut1653-vol-breakout-v0",
      "expectancy_r": 0.5700000000000001,
      "gross_loss_r": 23,
      "gross_win_r": 55.5,
      "last_r": 1,
      "losses": 23,
      "max_drawdown_r": 3,
      "peak_cum_r": 35.910000000000004,
      "profit_factor": 2.4130434782608696,
      "rolling_sharpe": 0.47000000000000003,
      "sum_downside_r_squared": 23,
      "sum_r_squared": 106.25,
      "total_decisions": 60,
      "total_pnl_usd": 342,
      "total_r": 34.2,
      "win_rate": 0.6166666666666667,
      "wins": 37
    },
    {
      "active": true,
      "agent_id": "gen276-mut1654-vol-breakout-v0",
      "expectancy_r": 0.5700000000000001,
      "gross_loss_r": 23,
      "gross_win_r": 55.5,
      "last_r": 1,
      "losses": 23,
      "max_drawdown_r": 3,
      "peak_cum_r": 35.910000000000004,
      "profit_factor": 2.4130434782608696,
      "rolling_sharpe": 0.47000000000000003,
      "sum_downside_r_squared": 23,
      "sum_r_squared": 106.25,
      "total_decisions": 60,
      "total_pnl_usd": 342,
      "total_r": 34.2,
      "win_rate": 0.6166666666666667,
      "wins": 37
    },
    {
      "active": true,
      "agent_id": "gen276-mut1655-vol-breakout-v0",
      "expectancy_r": 0.5700000000000001,
      "gross_loss_r": 23,
      "gross_win_r": 55.5,
      "last_r": 1,
      "losses": 23,
      "max_drawdown_r": 3,
      "peak_cum_r": 35.910000000000004,
      "profit_factor": 2.4130434782608696,