{
  "agents": [
    {
      "active": true,
      "agent_id": "vol-breakout-v0",
      "expectancy_r": 0.7427799686146638,
      "gross_loss_r": 352.022012978658,
      "gross_win_r": 1057.6629831625878,
      "last_r": -0.21493392638912753,
      "losses": 354,
      "max_drawdown_r": 5.3746873532020345,
      "peak_cum_r": 709.7575207875242,
      "profit_factor": 3.0045364896731916,
      "rolling_sharpe": 0.5352968254629673,
      "sum_downside_r_squared": 377.85052636132076,
      "sum_r_squared": 2351.382916481311,
      "total_decisions": 950,
      "total_pnl_usd": 7056.409701839301,
      "total_r": 705.6409701839306,
      "win_rate": 0.6273684210526316,
      "wins": 596
    },
    {
      "active": true,
      "agent_id": "gen2-mut25-vol-breakout-v0",
      "expectancy_r": 0.750819624391986,
      "gross_loss_r": 303.1139951745668,
      "gross_win_r": 889.5041218247078,
      "last_r": -1.1233112360758084,
      "losses": 298,
      "max_drawdown_r": 5.507957176917159,
      "peak_cum_r": 590.1839217831588,
      "profit_factor": 2.934553125177979,
      "rolling_sharpe": 0.5303386500484812,
      "sum_downside_r_squared": 324.5736550781579,
      "sum_r_squared": 2003.6342221862558,
      "total_decisions": 781,
      "total_pnl_usd": 5863.901266501396,
      "total_r": 586.390126650141,
      "win_rate": 0.618437900128041,
      "wins": 483
    },
    {
      "active": true,
      "agent_id": "vol-breakout-v1",
      "expectancy_r": 0.8657249770852212,
      "gross_loss_r": 203.7024127905396,
      "gross_win_r": 723.1373990416722,
      "last_r": -0.21592707799313238,
      "losses": 200,
      "max_drawdown_r": 5.497204776236856,
      "peak_cum_r": 521.8434010813762,
      "profit_factor": 3.5499697285630596,
      "rolling_sharpe": 0.6312160218505498,
      "sum_downside_r_squared": 219.82469817232126,
      "sum_r_squared": 1576.445944290225,
      "total_decisions": 600,
      "total_pnl_usd": 5194.349862511324,
      "total_r": 519.4349862511327,
      "win_rate": 0.6666666666666666,
      "wins": 400
    },
    {
      "active": true,
      "agent_id": "gen8-mut106-liq-trend-v1",
      "expectancy_r": 0.17913783133738218,
      "gross_loss_r": 17.13778818173334,
      "gross_win_r": 24.303301435228622,
      "last_r": -1.0578151640546016,
      "losses": 20,
      "max_drawdown_r": 8.459410640376621,
      "peak_cum_r": 11.481274172409924,
      "profit_factor": 1.418111904378232,
      "rolling_sharpe": 0.14884928550255452,
      "sum_downside_r_squared": 17.378123492642768,
      "sum_r_squared": 57.77025198908811,
      "total_decisions": 40,
      "total_pnl_usd": 71.65513253495286,
      "total_r": 7.165513253495287,
      "win_rate": 0.5,
      "wins": 20
    },
    {
      "active": true,
      "agent_id": "gen31-mut40-liq-fade-v0",
      "expectancy_r": 0.18297121513098635,
      "gross_loss_r": 12.968555825523156,
      "gross_win_r": 19.921462000500632,
      "last_r": -1.160831620355443,
      "losses": 17,
      "max_drawdown_r": 8.02040477993566,
      "peak_cum_r": 9.26253915118954,
      "profit_factor": 1.5361357323452778,
      "rolling_sharpe": 0.17768505655197506,
      "sum_downside_r_squared": 12.848010606994494,
      "sum_r_squared": 40.50644107489358,
      "total_decisions": 38,
      "total_pnl_usd": 69.52906174977483,
      "total_r": 6.952906174977482,
      "win_rate": 0.5526315789473685,
      "wins": 21
    },
    {
      "active": true,
      "agent_id": "gen140-mut382-liq-trend-v1",
      "expectancy_r": 0.08870436238657625,
      "gross_loss_r": 1.494588437596303,
      "gross_win_r": 1.849405887142608,
      "last_r": -0.21493392638912753,
      "losses": 3,
      "max_drawdown_r": 1.494588437596303,
      "peak_cum_r": 1.849405887142608,
      "profit_factor": 1.237401441507835,
      "rolling_sharpe": 0.06909142994350159,
      "sum_downside_r_squared": 1.5561324783740484,
      "sum_r_squared": 4.976434613771785,
      "total_decisions": 4,
      "total_pnl_usd": 3.5481744954630505,
      "total_r": 0.354817449546305,
      "win_rate": 0.25,
      "wins": 1
    },
    {
      "active": true,
      "agent_id": "funding-trend-v0",
      "expectancy_r": 0.4297,
      "gross_loss_r": 13,
      "gross_win_r": 24,
      "last_r": 1,
      "losses": 13,
      "max_drawdown_r": 3,
      "peak_cum_r": 13.084365000000002,
      "profit_factor": 1.8461538461538463,
      "rolling_sharpe": 0.37564000000000003,
      "sum_downside_r_squared": 13,
      "sum_r_squared": 49,
      "total_decisions": 29,
      "total_pnl_usd": 124.61300000000001,
      "total_r": 12.461300000000001,
      "win_rate": 0.5517241379310345,
      "wins": 16,
      "is_warmup": true
    },
    {
      "active": true,
      "agent_id": "funding-arb-v0",
      "expectancy_r": 0.3025,
      "gross_loss_r": 10,
      "gross_win_r": 16.5,
      "last_r": 1,
      "losses": 10,
      "max_drawdown_r": 3,
      "peak_cum_r": 6.6701250000000005,
      "profit_factor": 1.65,
      "rolling_sharpe": 0.28300000000000003,
      "sum_downside_r_squared": 10,
      "sum_r_squared": 34.75,
      "total_decisions": 21,
      "total_pnl_usd": 63.525,
      "total_r": 6.3525,
      "win_rate": 0.5238095238095238,
      "wins": 11,
      "is_warmup": true
    },
    {
      "active": true,
      "agent_id": "polyedge-v0",
      "expectancy_r": 0.5931000000000001,
      "gross_loss_r": 19,
      "gross_win_r": 52.5,
      "last_r": 1,
      "losses": 19,
      "max_drawdown_r": 3,
      "peak_cum_r": 33.62877000000001,
      "profit_factor": 2.763157894736842,
      "rolling_sharpe": 0.55172,
      "sum_downside_r_squared": 19,
      "sum_r_squared": 97.75,
      "total_decisions": 54,
      "total_pnl_usd": 320.27400000000006,
      "total_r": 32.02740000000001,
      "win_rate": 0.6481481481481481,
      "wins": 35,
      "is_warmup": true
    },
    {
      "active": true,
      "agent_id": "gen140-mut377-liq-trend-v1",
      "expectancy_r": 0.5215,
      "gross_loss_r": 20,
      "gross_win_r": 46.5,
      "last_r": 1,
      "losses": 20,
      "max_drawdown_r": 3,
      "peak_cum_r": 27.926325,
      "profit_factor": 2.325,
      "rolling_sharpe": 0.4458,
      "sum_downside_r_squared": 20,
      "sum_r_squared": 89.75,
      "total_decisions": 51,
      "total_pnl_usd": 265.965,
      "total_r": 26.5965,
      "win_rate": 0.6078431372549019,
      "wins": 31,
      "is_warmup": true
    },
    {
      "active": true,
      "agent_id": "gen140-mut378-liq-fade-v0",
      "expectancy_r": 0.38060000000000005,
      "gross_loss_r": 16,
      "gross_win_r": 27,
      "last_r": 1,
      "losses": 16,
      "max_drawdown_r": 3,
      "peak_cum_r": 13.587420000000003,
      "profit_factor": 1.6875,
      "rolling_sharpe": 0.33671999999999996,
      "sum_downside_r_squared": 16,
      "sum_r_squared": 56.5,
      "total_decisions": 34,
      "total_pnl_usd": 129.40400000000002,
      "total_r": 12.940400000000002,
      "win_rate": 0.5294117647058824,
      "wins": 18,
      "is_warmup": true
    },
    {
      "active": true,
      "agent_id": "gen140-mut379-funding-trend-v1",
      "expectancy_r": 0.4356,
      "gross_loss_r": 13,
      "gross_win_r": 25.5,
      "last_r": 1,
      "losses": 13,
      "max_drawdown_r": 3,
      "peak_cum_r": 13.721400000000001,
      "profit_factor": 1.9615384615384615,
      "rolling_sharpe": 0.38272,
      "sum_downside_r_squared": 13,
      "sum_r_squared": 51.25,
      "total_decisions": 30,
      "total_pnl_usd": 130.68,
      "total_r": 13.068,
      "win_rate": 0.5666666666666667,
      "wins": 17,
      "is_warmup": true
    },
    {
      "active": true,
      "agent_id": "gen140-mut380-funding-arb-v1",
      "expectancy_r": 0.34719999999999995,
      "gross_loss_r": 13,
      "gross_win_r": 24,
      "last_r": 1,
      "losses": 13,
      "max_drawdown_r": 3,
      "peak_cum_r": 10.57224,
      "profit_factor": 1.8461538461538463,
      "rolling_sharpe": 0.33664,
      "sum_downside_r_squared": 13,