{
  "agents": [
    {
      "active": true,
      "agent_id": "gen16-mut219-vol-breakout-v0",
      "expectancy_r": 0.6983442242210292,
      "gross_loss_r": 280.5094837324276,
      "gross_win_r": 801.4742750013157,
      "last_r": -0.39594478620024337,
      "losses": 276,
      "max_drawdown_r": 8.730235890555434,
      "peak_cum_r": 522.4548101466736,
      "profit_factor": 2.857209190708953,
      "rolling_sharpe": 0.5078735431736362,
      "sum_downside_r_squared": 303.92211025073243,
      "sum_r_squared": 1772.401403437695,
      "total_decisions": 746,
      "total_pnl_usd": 5209.647912688884,
      "total_r": 520.9647912688878,
      "win_rate": 0.6300268096514745,
      "wins": 470
    },
    {
      "active": true,
      "agent_id": "vol-breakout-v1",
      "expectancy_r": 0.7846527783516908,
      "gross_loss_r": 135.90221665005544,
      "gross_win_r": 428.57770297523587,
      "last_r": -1.0940740915854863,
      "losses": 135,
      "max_drawdown_r": 6.769040425616225,
      "peak_cum_r": 294.9157687548139,
      "profit_factor": 3.15357404418805,
      "rolling_sharpe": 0.5639126897978728,
      "sum_downside_r_squared": 145.87264069538492,
      "sum_r_squared": 949.8836601216218,
      "total_decisions": 373,
      "total_pnl_usd": 2926.7548632518024,
      "total_r": 292.67548632518066,
      "win_rate": 0.6380697050938338,
      "wins": 238
    },
    {
      "active": true,
      "agent_id": "vol-breakout-v0",
      "expectancy_r": 0.5577652463160886,
      "gross_loss_r": 114.54145317087045,
      "gross_win_r": 260.67594770568564,
      "last_r": -1.1198950290103142,
      "losses": 114,
      "max_drawdown_r": 7.2608699430470836,
      "peak_cum_r": 152.98199871530835,
      "profit_factor": 2.275821901061574,
      "rolling_sharpe": 0.394267505565615,
      "sum_downside_r_squared": 124.65119336303773,
      "sum_r_squared": 603.8585483385034,
      "total_decisions": 262,
      "total_pnl_usd": 1461.3449453481514,
      "total_r": 146.13449453481522,
      "win_rate": 0.5648854961832062,
      "wins": 148
    },
    {
      "active": true,
      "agent_id": "gen144-mut1985-funding-arb-v1",
      "expectancy_r": 0.36040490549710796,
      "gross_loss_r": 66.07256567594085,
      "gross_win_r": 113.64601320155911,
      "last_r": -1.0851044994526824,
      "losses": 64,
      "max_drawdown_r": 11.836668556608405,
      "peak_cum_r": 59.37293983318756,
      "profit_factor": 1.7200181654659323,
      "rolling_sharpe": 0.25493876976493496,
      "sum_downside_r_squared": 70.81428970510886,
      "sum_r_squared": 278.9524971367949,
      "total_decisions": 132,
      "total_pnl_usd": 475.7344752561829,
      "total_r": 47.57344752561825,
      "win_rate": 0.5151515151515151,
      "wins": 68
    },
    {
      "active": true,
      "agent_id": "gen47-mut644-liq-trend-v0",
      "expectancy_r": 0.10240471315688343,
      "gross_loss_r": 16.28451795209328,
      "gross_win_r": 21.404753609937448,
      "last_r": -0.42426766873878563,
      "losses": 25,
      "max_drawdown_r": 4.31938114942478,
      "peak_cum_r": 8.85829544561287,
      "profit_factor": 1.3144235323948283,
      "rolling_sharpe": 0.11101496789053461,
      "sum_downside_r_squared": 14.298125500002838,
      "sum_r_squared": 42.21827227710189,
      "total_decisions": 50,
      "total_pnl_usd": 50.90953955195002,
      "total_r": 5.120235657844171,
      "win_rate": 0.5,
      "wins": 25
    },
    {
      "active": true,
      "agent_id": "gen171-mut2317-liq-trend-v0",
      "expectancy_r": 0.270358630496912,
      "gross_loss_r": 1.7515233160691577,
      "gross_win_r": 4.184750990541365,
      "last_r": 0.9565620692283016,
      "losses": 3,
      "max_drawdown_r": 1.2105551402180192,
      "peak_cum_r": 2.433227674472208,
      "profit_factor": 2.389206556457929,
      "rolling_sharpe": 0.35284341548637443,
      "sum_downside_r_squared": 1.046226781295188,
      "sum_r_squared": 5.354691261300519,
      "total_decisions": 9,
      "total_pnl_usd": 24.33227674472208,
      "total_r": 2.433227674472208,
      "win_rate": 0.6666666666666666,
      "wins": 6
    },
    {
      "active": true,
      "agent_id": "gen172-mut2334-liq-trend-v0",
      "expectancy_r": 0.7374873025995213,
      "gross_loss_r": 0,
      "gross_win_r": 2.212461907798564,
      "last_r": 0.6460482885491481,
      "losses": 0,
      "max_drawdown_r": 0,
      "peak_cum_r": 2.212461907798564,
      "profit_factor": null,
      "rolling_sharpe": 2.1366331900266036,
      "sum_downside_r_squared": 0,
      "sum_r_squared": 1.8699379329463124,
      "total_decisions": 3,
      "total_pnl_usd": 22.124619077985642,
      "total_r": 2.212461907798564,
      "win_rate": 1,
      "wins": 3
    },
    {
      "active": true,
      "agent_id": "gen172-mut2339-liq-trend-v0",
      "expectancy_r": 0.41931209397918245,
      "gross_loss_r": 0.7251534515018008,
      "gross_win_r": 2.402401827418531,
      "last_r": 0.7359333370463726,
      "losses": 1,
      "max_drawdown_r": 0.7251534515018008,
      "peak_cum_r": 1.6772483759167298,
      "profit_factor": 3.3129564817531105,
      "rolling_sharpe": 0.5225748971582245,
      "sum_downside_r_squared": 0.5258475282249745,
      "sum_r_squared": 2.634809350738511,
      "total_decisions": 4,
      "total_pnl_usd": 16.772483759167297,
      "total_r": 1.6772483759167298,
      "win_rate": 0.75,
      "wins": 3
    },
    {
      "active": true,
      "agent_id": "gen169-mut2301-liq-fade-v0",
      "expectancy_r": 0.2314559015293638,
      "gross_loss_r": 0,
      "gross_win_r": 0.2314559015293638,
      "last_r": 0.2314559015293638,
      "losses": 0,
      "max_drawdown_r": 0,
      "peak_cum_r": 0.2314559015293638,
      "profit_factor": null,
      "rolling_sharpe": 0,
      "sum_downside_r_squared": 0,
      "sum_r_squared": 0.05357183435277055,
      "total_decisions": 1,
      "total_pnl_usd": 2.314559015293638,
      "total_r": 0.2314559015293638,
      "win_rate": 1,
      "wins": 1
    },
    {
      "active": true,
      "agent_id": "funding-trend-v0",
      "expectancy_r": 0.4297,
      "gross_loss_r": 13,
      "gross_win_r": 24,
      "last_r": 1,
      "losses": 13,
      "max_drawdown_r": 3,
      "peak_cum_r": 13.084365000000002,
      "profit_factor": 1.8461538461538463,
      "rolling_sharpe": 0.37564000000000003,
      "sum_downside_r_squared": 13,
      "sum_r_squared": 49,
      "total_decisions": 29,
      "total_pnl_usd": 124.61300000000001,
      "total_r": 12.461300000000001,
      "win_rate": 0.5517241379310345,
      "wins": 16,
      "is_warmup": true
    },
    {
      "active": true,
      "agent_id": "polyedge-v0",
      "expectancy_r": 0.5931000000000001,
      "gross_loss_r": 19,
      "gross_win_r": 52.5,
      "last_r": 1,
      "losses": 19,
      "max_drawdown_r": 3,
      "peak_cum_r": 33.62877000000001,
      "profit_factor": 2.763157894736842,
      "rolling_sharpe": 0.55172,
      "sum_downside_r_squared": 19,
      "sum_r_squared": 97.75,
      "total_decisions": 54,
      "total_pnl_usd": 320.27400000000006,
      "total_r": 32.02740000000001,
      "win_rate": 0.6481481481481481,
      "wins": 35,
      "is_warmup": true
    },
    {
      "active": true,
      "agent_id": "gen172-mut2330-liq-fade-v0",
      "expectancy_r": 0.38270000000000004,
      "gross_loss_r": 16,
      "gross_win_r": 28.5,
      "last_r": 1,
      "losses": 16,
      "max_drawdown_r": 3,
      "peak_cum_r": 14.064225000000002,
      "profit_factor": 1.78125,
      "rolling_sharpe": 0.33924,
      "sum_downside_r_squared": 16,
      "sum_r_squared": 58.75,
      "total_decisions": 35,
      "total_pnl_usd": 133.945,
      "total_r": 13.3945,
      "win_rate": 0.5428571428571428,
      "wins": 19,
      "is_warmup": true
    },
    {
      "active": true,
      "agent_id": "gen172-mut2331-funding-trend-v1",
      "expectancy_r": 0.4823,
      "gross_loss_r": 16,
      "gross_win_r": 36,
      "last_r": 1,
      "losses": 16,