{
  "agents": [
    {
      "active": true,
      "agent_id": "vol-breakout-v0",
      "expectancy_r": 0.7429679313950858,
      "gross_loss_r": 492.6435874441438,
      "gross_win_r": 1480.7909361996071,
      "last_r": 0.08400534950843325,
      "losses": 495,
      "max_drawdown_r": 5.3746873532020345,
      "peak_cum_r": 991.9957984876625,
      "profit_factor": 3.005805766968397,
      "rolling_sharpe": 0.5355571032481837,
      "sum_downside_r_squared": 528.9335126933476,
      "sum_r_squared": 3291.885038721439,
      "total_decisions": 1330,
      "total_pnl_usd": 9881.473487554646,
      "total_r": 988.147348755464,
      "win_rate": 0.6278195488721805,
      "wins": 835
    },
    {
      "active": true,
      "agent_id": "gen2-mut25-vol-breakout-v0",
      "expectancy_r": 0.7545950187251198,
      "gross_loss_r": 425.19123095264865,
      "gross_win_r": 1254.4911565315542,
      "last_r": -1.1071797632693028,
      "losses": 418,
      "max_drawdown_r": 5.507957176917159,
      "peak_cum_r": 833.0928937143486,
      "profit_factor": 2.9504163425968217,
      "rolling_sharpe": 0.5333666847344288,
      "sum_downside_r_squared": 455.26771701780535,
      "sum_r_squared": 2823.5363466266163,
      "total_decisions": 1099,
      "total_pnl_usd": 8292.999255789033,
      "total_r": 829.2999255789067,
      "win_rate": 0.6196542311191993,
      "wins": 681
    },
    {
      "active": true,
      "agent_id": "vol-breakout-v1",
      "expectancy_r": 0.8657249770852213,
      "gross_loss_r": 285.1833779067554,
      "gross_win_r": 1012.3923586583411,
      "last_r": -0.21592707799313238,
      "losses": 280,
      "max_drawdown_r": 5.497204776236856,
      "peak_cum_r": 729.6173955818294,
      "profit_factor": 3.54996972856306,
      "rolling_sharpe": 0.6313665443331594,
      "sum_downside_r_squared": 307.7545774412496,
      "sum_r_squared": 2207.0243220063153,
      "total_decisions": 840,
      "total_pnl_usd": 7272.089807515855,
      "total_r": 727.208980751586,
      "win_rate": 0.6666666666666666,
      "wins": 560
    },
    {
      "active": true,
      "agent_id": "gen8-mut106-liq-trend-v1",
      "expectancy_r": 0.17913783133738218,
      "gross_loss_r": 17.13778818173334,
      "gross_win_r": 24.303301435228622,
      "last_r": -1.0578151640546016,
      "losses": 20,
      "max_drawdown_r": 8.459410640376621,
      "peak_cum_r": 11.481274172409924,
      "profit_factor": 1.418111904378232,
      "rolling_sharpe": 0.14884928550255452,
      "sum_downside_r_squared": 17.378123492642768,
      "sum_r_squared": 57.77025198908811,
      "total_decisions": 40,
      "total_pnl_usd": 71.65513253495286,
      "total_r": 7.165513253495287,
      "win_rate": 0.5,
      "wins": 20
    },
    {
      "active": true,
      "agent_id": "gen31-mut40-liq-fade-v0",
      "expectancy_r": 0.18297121513098635,
      "gross_loss_r": 12.968555825523156,
      "gross_win_r": 19.921462000500632,
      "last_r": -1.160831620355443,
      "losses": 17,
      "max_drawdown_r": 8.02040477993566,
      "peak_cum_r": 9.26253915118954,
      "profit_factor": 1.5361357323452778,
      "rolling_sharpe": 0.17768505655197506,
      "sum_downside_r_squared": 12.848010606994494,
      "sum_r_squared": 40.50644107489358,
      "total_decisions": 38,
      "total_pnl_usd": 69.52906174977483,
      "total_r": 6.952906174977482,
      "win_rate": 0.5526315789473685,
      "wins": 21
    },
    {
      "active": true,
      "agent_id": "gen196-mut382-liq-trend-v1",
      "expectancy_r": 0.15552283084142715,
      "gross_loss_r": 1.3113199132853326,
      "gross_win_r": 1.9334112366510412,
      "last_r": -0.08362445321982474,
      "losses": 2,
      "max_drawdown_r": 1.227695460065508,
      "peak_cum_r": 1.849405887142608,
      "profit_factor": 1.4744008819382175,
      "rolling_sharpe": 0.12238131440257304,
      "sum_downside_r_squared": 1.5142291918417736,
      "sum_r_squared": 4.941588225985545,
      "total_decisions": 4,
      "total_pnl_usd": 6.220913233657086,
      "total_r": 0.6220913233657086,
      "win_rate": 0.5,
      "wins": 2
    },
    {
      "active": true,
      "agent_id": "funding-trend-v0",
      "expectancy_r": 0.4297,
      "gross_loss_r": 13,
      "gross_win_r": 24,
      "last_r": 1,
      "losses": 13,
      "max_drawdown_r": 3,
      "peak_cum_r": 13.084365000000002,
      "profit_factor": 1.8461538461538463,
      "rolling_sharpe": 0.37564000000000003,
      "sum_downside_r_squared": 13,
      "sum_r_squared": 49,
      "total_decisions": 29,
      "total_pnl_usd": 124.61300000000001,
      "total_r": 12.461300000000001,
      "win_rate": 0.5517241379310345,
      "wins": 16,
      "is_warmup": true
    },
    {
      "active": true,
      "agent_id": "funding-arb-v0",
      "expectancy_r": 0.3025,
      "gross_loss_r": 10,
      "gross_win_r": 16.5,
      "last_r": 1,
      "losses": 10,
      "max_drawdown_r": 3,
      "peak_cum_r": 6.6701250000000005,
      "profit_factor": 1.65,
      "rolling_sharpe": 0.28300000000000003,
      "sum_downside_r_squared": 10,
      "sum_r_squared": 34.75,
      "total_decisions": 21,
      "total_pnl_usd": 63.525,
      "total_r": 6.3525,
      "win_rate": 0.5238095238095238,
      "wins": 11,
      "is_warmup": true
    },
    {
      "active": true,
      "agent_id": "polyedge-v0",
      "expectancy_r": 0.5931000000000001,
      "gross_loss_r": 19,
      "gross_win_r": 52.5,
      "last_r": 1,
      "losses": 19,
      "max_drawdown_r": 3,
      "peak_cum_r": 33.62877000000001,
      "profit_factor": 2.763157894736842,
      "rolling_sharpe": 0.55172,
      "sum_downside_r_squared": 19,
      "sum_r_squared": 97.75,
      "total_decisions": 54,
      "total_pnl_usd": 320.27400000000006,
      "total_r": 32.02740000000001,
      "win_rate": 0.6481481481481481,
      "wins": 35,
      "is_warmup": true
    },
    {
      "active": true,
      "agent_id": "gen196-mut377-liq-trend-v1",
      "expectancy_r": 0.5072,
      "gross_loss_r": 19,
      "gross_win_r": 42,
      "last_r": 1,
      "losses": 19,
      "max_drawdown_r": 3,
      "peak_cum_r": 25.03032,
      "profit_factor": 2.210526315789474,
      "rolling_sharpe": 0.42863999999999997,
      "sum_downside_r_squared": 19,
      "sum_r_squared": 82,
      "total_decisions": 47,
      "total_pnl_usd": 238.38400000000001,
      "total_r": 23.8384,
      "win_rate": 0.5957446808510638,
      "wins": 28,
      "is_warmup": true
    },
    {
      "active": true,
      "agent_id": "gen196-mut378-liq-fade-v0",
      "expectancy_r": 0.36910000000000004,
      "gross_loss_r": 15,
      "gross_win_r": 24,
      "last_r": 1,
      "losses": 15,
      "max_drawdown_r": 3,
      "peak_cum_r": 12.014205000000002,
      "profit_factor": 1.6,
      "rolling_sharpe": 0.32292,
      "sum_downside_r_squared": 15,
      "sum_r_squared": 51,
      "total_decisions": 31,
      "total_pnl_usd": 114.42100000000002,
      "total_r": 11.442100000000002,
      "win_rate": 0.5161290322580645,
      "wins": 16,
      "is_warmup": true
    },
    {
      "active": true,
      "agent_id": "gen196-mut379-funding-trend-v1",
      "expectancy_r": 0.44630000000000003,
      "gross_loss_r": 14,
      "gross_win_r": 27,
      "last_r": 1,
      "losses": 14,
      "max_drawdown_r": 3,
      "peak_cum_r": 14.995680000000002,
      "profit_factor": 1.9285714285714286,
      "rolling_sharpe": 0.39556,
      "sum_downside_r_squared": 14,
      "sum_r_squared": 54.5,
      "total_decisions": 32,
      "total_pnl_usd": 142.816,
      "total_r": 14.281600000000001,
      "win_rate": 0.5625,
      "wins": 18,
      "is_warmup": true
    },
    {
      "active": true,
      "agent_id": "gen196-mut380-funding-arb-v1",
      "expectancy_r": 0.3011,
      "gross_loss_r": 10,
      "gross_win_r": 15,
      "last_r": 1,
      "losses": 10,
      "max_drawdown_r": 3,
      "peak_cum_r": 6.323099999999999,
      "profit_factor": 1.5,
      "rolling_sharpe": 0.28132,