{
  "agents": [
    {
      "active": true,
      "agent_id": "vol-breakout-v0",
      "expectancy_r": 0.7548770537040346,
      "gross_loss_r": 2457.3277411727017,
      "gross_win_r": 7514.249123936001,
      "last_r": 1.8818310197637718,
      "losses": 2434,
      "max_drawdown_r": 5.374687353202262,
      "peak_cum_r": 5056.9213827633275,
      "profit_factor": 3.057894556771659,
      "rolling_sharpe": 0.5462751144252639,
      "sum_downside_r_squared": 2643.3520687296605,
      "sum_r_squared": 16607.478008166254,
      "total_decisions": 6699,
      "total_pnl_usd": 50569.21382763281,
      "total_r": 5056.9213827633275,
      "win_rate": 0.6366621883863263,
      "wins": 4265
    },
    {
      "active": true,
      "agent_id": "gen2-mut25-vol-breakout-v0",
      "expectancy_r": 0.7673210242492052,
      "gross_loss_r": 2134.2219047882686,
      "gross_win_r": 6431.219640583827,
      "last_r": 1.8818310197637718,
      "losses": 2098,
      "max_drawdown_r": 5.507957176917444,
      "peak_cum_r": 4296.9977357955495,
      "profit_factor": 3.0133790802891482,
      "rolling_sharpe": 0.5447130929721429,
      "sum_downside_r_squared": 2284.8727237439293,
      "sum_r_squared": 14407.559812792315,
      "total_decisions": 5600,
      "total_pnl_usd": 42969.977357955984,
      "total_r": 4296.9977357955495,
      "win_rate": 0.6253571428571428,
      "wins": 3502
    },
    {
      "active": true,
      "agent_id": "vol-breakout-v1",
      "expectancy_r": 0.8714885624651372,
      "gross_loss_r": 1425.9168895337834,
      "gross_win_r": 5128.871791448133,
      "last_r": 1.8741099606427833,
      "losses": 1400,
      "max_drawdown_r": 5.49720477623714,
      "peak_cum_r": 3702.954901914368,
      "profit_factor": 3.5968939207425086,
      "rolling_sharpe": 0.6385110616857365,
      "sum_downside_r_squared": 1538.772887206252,
      "sum_r_squared": 11140.627194461198,
      "total_decisions": 4249,
      "total_pnl_usd": 37029.54901914358,
      "total_r": 3702.954901914368,
      "win_rate": 0.6705107084019769,
      "wins": 2849
    },
    {
      "active": true,
      "agent_id": "gen8-mut106-liq-trend-v1",
      "expectancy_r": 0.17913783133738218,
      "gross_loss_r": 17.13778818173334,
      "gross_win_r": 24.303301435228622,
      "last_r": -1.0578151640546016,
      "losses": 20,
      "max_drawdown_r": 8.459410640376621,
      "peak_cum_r": 11.481274172409924,
      "profit_factor": 1.418111904378232,
      "rolling_sharpe": 0.14884928550255452,
      "sum_downside_r_squared": 17.378123492642768,
      "sum_r_squared": 57.77025198908811,
      "total_decisions": 40,
      "total_pnl_usd": 71.65513253495286,
      "total_r": 7.165513253495287,
      "win_rate": 0.5,
      "wins": 20
    },
    {
      "active": true,
      "agent_id": "gen31-mut40-liq-fade-v0",
      "expectancy_r": 0.18297121513098635,
      "gross_loss_r": 12.968555825523156,
      "gross_win_r": 19.921462000500632,
      "last_r": -1.160831620355443,
      "losses": 17,
      "max_drawdown_r": 8.02040477993566,
      "peak_cum_r": 9.26253915118954,
      "profit_factor": 1.5361357323452778,
      "rolling_sharpe": 0.17768505655197506,
      "sum_downside_r_squared": 12.848010606994494,
      "sum_r_squared": 40.50644107489358,
      "total_decisions": 38,
      "total_pnl_usd": 69.52906174977483,
      "total_r": 6.952906174977482,
      "win_rate": 0.5526315789473685,
      "wins": 21
    },
    {
      "active": true,
      "agent_id": "gen980-mut377-liq-trend-v1",
      "expectancy_r": 0.014675536900463021,
      "gross_loss_r": 0,
      "gross_win_r": 0.029351073800926043,
      "last_r": 0.00004382476397330063,
      "losses": 0,
      "max_drawdown_r": 0,
      "peak_cum_r": 0.029351073800926043,
      "profit_factor": null,
      "rolling_sharpe": 0.709224700641246,
      "sum_downside_r_squared": 0,
      "sum_r_squared": 0.0008589167667239049,
      "total_decisions": 2,
      "total_pnl_usd": 0.2935107380092604,
      "total_r": 0.029351073800926043,
      "win_rate": 1,
      "wins": 2
    },
    {
      "active": true,
      "agent_id": "funding-trend-v0",
      "expectancy_r": 0.4297,
      "gross_loss_r": 13,
      "gross_win_r": 24,
      "last_r": 1,
      "losses": 13,
      "max_drawdown_r": 3,
      "peak_cum_r": 13.084365000000002,
      "profit_factor": 1.8461538461538463,
      "rolling_sharpe": 0.37564000000000003,
      "sum_downside_r_squared": 13,
      "sum_r_squared": 49,
      "total_decisions": 29,
      "total_pnl_usd": 124.61300000000001,
      "total_r": 12.461300000000001,
      "win_rate": 0.5517241379310345,
      "wins": 16,
      "is_warmup": true
    },
    {
      "active": true,
      "agent_id": "funding-arb-v0",
      "expectancy_r": 0.3025,
      "gross_loss_r": 10,
      "gross_win_r": 16.5,
      "last_r": 1,
      "losses": 10,
      "max_drawdown_r": 3,
      "peak_cum_r": 6.6701250000000005,
      "profit_factor": 1.65,
      "rolling_sharpe": 0.28300000000000003,
      "sum_downside_r_squared": 10,
      "sum_r_squared": 34.75,
      "total_decisions": 21,
      "total_pnl_usd": 63.525,
      "total_r": 6.3525,
      "win_rate": 0.5238095238095238,
      "wins": 11,
      "is_warmup": true
    },
    {
      "active": true,
      "agent_id": "polyedge-v0",
      "expectancy_r": 0.5931000000000001,
      "gross_loss_r": 19,
      "gross_win_r": 52.5,
      "last_r": 1,
      "losses": 19,
      "max_drawdown_r": 3,
      "peak_cum_r": 33.62877000000001,
      "profit_factor": 2.763157894736842,
      "rolling_sharpe": 0.55172,
      "sum_downside_r_squared": 19,
      "sum_r_squared": 97.75,
      "total_decisions": 54,
      "total_pnl_usd": 320.27400000000006,
      "total_r": 32.02740000000001,
      "win_rate": 0.6481481481481481,
      "wins": 35,
      "is_warmup": true
    },
    {
      "active": true,
      "agent_id": "gen980-mut378-liq-fade-v0",
      "expectancy_r": 0.37860000000000005,
      "gross_loss_r": 15,
      "gross_win_r": 27,
      "last_r": 1,
      "losses": 15,
      "max_drawdown_r": 3,
      "peak_cum_r": 13.118490000000003,
      "profit_factor": 1.8,
      "rolling_sharpe": 0.33432,
      "sum_downside_r_squared": 15,
      "sum_r_squared": 55.5,
      "total_decisions": 33,
      "total_pnl_usd": 124.93800000000002,
      "total_r": 12.493800000000002,
      "win_rate": 0.5454545454545454,
      "wins": 18,
      "is_warmup": true
    },
    {
      "active": true,
      "agent_id": "gen980-mut379-funding-trend-v1",
      "expectancy_r": 0.46240000000000003,
      "gross_loss_r": 15,
      "gross_win_r": 31.5,
      "last_r": 1,
      "losses": 15,
      "max_drawdown_r": 3,
      "peak_cum_r": 17.47872,
      "profit_factor": 2.1,
      "rolling_sharpe": 0.41488,
      "sum_downside_r_squared": 15,
      "sum_r_squared": 62.25,
      "total_decisions": 36,
      "total_pnl_usd": 166.464,
      "total_r": 16.6464,
      "win_rate": 0.5833333333333334,
      "wins": 21,
      "is_warmup": true
    },
    {
      "active": true,
      "agent_id": "gen980-mut380-funding-arb-v1",
      "expectancy_r": 0.30999999999999994,
      "gross_loss_r": 11,
      "gross_win_r": 16.5,
      "last_r": 1,
      "losses": 11,
      "max_drawdown_r": 3,
      "peak_cum_r": 7.160999999999999,
      "profit_factor": 1.5,
      "rolling_sharpe": 0.29200000000000004,
      "sum_downside_r_squared": 11,
      "sum_r_squared": 35.75,
      "total_decisions": 22,
      "total_pnl_usd": 68.19999999999999,
      "total_r": 6.8199999999999985,
      "win_rate": 0.5,
      "wins": 11,
      "is_warmup": true
    },
    {
      "active": true,
      "agent_id": "gen980-mut381-polyedge-v1",
      "expectancy_r": 0.5221,
      "gross_loss_r": 14,
      "gross_win_r": 30,
      "last_r": 1,
      "losses": 14,
      "max_drawdown_r": 3,
      "peak_cum_r": 18.63897,
      "profit_factor": 2.142857142857143,
      "rolling_sharpe": 0.46652,
      "sum_downside_r_squared": 14,
      "sum_r_squared": 59,