{
  "agents": [
    {
      "active": true,
      "agent_id": "vol-breakout-v1",
      "expectancy_r": 0.8795320597625413,
      "gross_loss_r": 448.14530813918736,
      "gross_win_r": 1638.1521849979079,
      "last_r": 0.352868997182515,
      "losses": 440,
      "max_drawdown_r": 5.49720477623714,
      "peak_cum_r": 1190.0068768587184,
      "profit_factor": 3.655404073736552,
      "rolling_sharpe": 0.646417635471728,
      "sum_downside_r_squared": 483.61433597910593,
      "sum_r_squared": 3549.6076947595857,
      "total_decisions": 1353,
      "total_pnl_usd": 11900.068768587216,
      "total_r": 1190.0068768587184,
      "win_rate": 0.6747967479674797,
      "wins": 913
    },
    {
      "active": true,
      "agent_id": "vol-breakout-v0",
      "expectancy_r": 0.7641326898725814,
      "gross_loss_r": 773.3426480452266,
      "gross_win_r": 2399.4170120940885,
      "last_r": 0.352868997182515,
      "losses": 763,
      "max_drawdown_r": 5.374687353202262,
      "peak_cum_r": 1626.2079234312191,
      "profit_factor": 3.1026570410400613,
      "rolling_sharpe": 0.5543409433368668,
      "sum_downside_r_squared": 831.5631767661113,
      "sum_r_squared": 5284.1161661933975,
      "total_decisions": 2128,
      "total_pnl_usd": 16260.743640488603,
      "total_r": 1626.0743640488533,
      "win_rate": 0.6414473684210527,
      "wins": 1365
    },
    {
      "active": true,
      "agent_id": "gen2-mut25-vol-breakout-v0",
      "expectancy_r": 0.7706030255730646,
      "gross_loss_r": 669.3130403083867,
      "gross_win_r": 2031.7391895215644,
      "last_r": 0.352868997182515,
      "losses": 658,
      "max_drawdown_r": 5.507957176917216,
      "peak_cum_r": 1362.4261492131782,
      "profit_factor": 3.035558949494602,
      "rolling_sharpe": 0.5479385556170857,
      "sum_downside_r_squared": 716.583633832274,
      "sum_r_squared": 4544.785642877964,
      "total_decisions": 1768,
      "total_pnl_usd": 13624.261492131756,
      "total_r": 1362.4261492131782,
      "win_rate": 0.6278280542986425,
      "wins": 1110
    },
    {
      "active": true,
      "agent_id": "gen31-mut40-liq-fade-v0",
      "expectancy_r": 0.18297121513098635,
      "gross_loss_r": 12.968555825523156,
      "gross_win_r": 19.921462000500632,
      "last_r": -1.160831620355443,
      "losses": 17,
      "max_drawdown_r": 8.02040477993566,
      "peak_cum_r": 9.26253915118954,
      "profit_factor": 1.5361357323452778,
      "rolling_sharpe": 0.17768505655197506,
      "sum_downside_r_squared": 12.848010606994494,
      "sum_r_squared": 40.50644107489358,
      "total_decisions": 38,
      "total_pnl_usd": 69.52906174977483,
      "total_r": 6.952906174977482,
      "win_rate": 0.5526315789473685,
      "wins": 21
    },
    {
      "active": true,
      "agent_id": "gen8-mut106-liq-trend-v1",
      "expectancy_r": 0.17913783133738218,
      "gross_loss_r": 17.13778818173334,
      "gross_win_r": 24.303301435228622,
      "last_r": -1.0578151640546016,
      "losses": 20,
      "max_drawdown_r": 8.459410640376621,
      "peak_cum_r": 11.481274172409924,
      "profit_factor": 1.418111904378232,
      "rolling_sharpe": 0.14884928550255452,
      "sum_downside_r_squared": 17.378123492642768,
      "sum_r_squared": 57.77025198908811,
      "total_decisions": 40,
      "total_pnl_usd": 71.65513253495286,
      "total_r": 7.165513253495287,
      "win_rate": 0.5,
      "wins": 20
    },
    {
      "active": true,
      "agent_id": "funding-trend-v0",
      "expectancy_r": 0.4297,
      "gross_loss_r": 13,
      "gross_win_r": 24,
      "last_r": 1,
      "losses": 13,
      "max_drawdown_r": 3,
      "peak_cum_r": 13.084365000000002,
      "profit_factor": 1.8461538461538463,
      "rolling_sharpe": 0.37564000000000003,
      "sum_downside_r_squared": 13,
      "sum_r_squared": 49,
      "total_decisions": 29,
      "total_pnl_usd": 124.61300000000001,
      "total_r": 12.461300000000001,
      "win_rate": 0.5517241379310345,
      "wins": 16,
      "is_warmup": true
    },
    {
      "active": true,
      "agent_id": "funding-arb-v0",
      "expectancy_r": 0.3025,
      "gross_loss_r": 10,
      "gross_win_r": 16.5,
      "last_r": 1,
      "losses": 10,
      "max_drawdown_r": 3,
      "peak_cum_r": 6.6701250000000005,
      "profit_factor": 1.65,
      "rolling_sharpe": 0.28300000000000003,
      "sum_downside_r_squared": 10,
      "sum_r_squared": 34.75,
      "total_decisions": 21,
      "total_pnl_usd": 63.525,
      "total_r": 6.3525,
      "win_rate": 0.5238095238095238,
      "wins": 11,
      "is_warmup": true
    },
    {
      "active": true,
      "agent_id": "polyedge-v0",
      "expectancy_r": 0.5931000000000001,
      "gross_loss_r": 19,
      "gross_win_r": 52.5,
      "last_r": 1,
      "losses": 19,
      "max_drawdown_r": 3,
      "peak_cum_r": 33.62877000000001,
      "profit_factor": 2.763157894736842,
      "rolling_sharpe": 0.55172,
      "sum_downside_r_squared": 19,
      "sum_r_squared": 97.75,
      "total_decisions": 54,
      "total_pnl_usd": 320.27400000000006,
      "total_r": 32.02740000000001,
      "win_rate": 0.6481481481481481,
      "wins": 35,
      "is_warmup": true
    },
    {
      "active": true,
      "agent_id": "gen308-mut378-liq-fade-v0",
      "expectancy_r": 0.4204,
      "gross_loss_r": 18,
      "gross_win_r": 39,
      "last_r": 1,
      "losses": 18,
      "max_drawdown_r": 3,
      "peak_cum_r": 19.42248,
      "profit_factor": 2.1666666666666665,
      "rolling_sharpe": 0.38448,
      "sum_downside_r_squared": 18,
      "sum_r_squared": 76.5,
      "total_decisions": 44,
      "total_pnl_usd": 184.976,
      "total_r": 18.4976,
      "win_rate": 0.5909090909090909,
      "wins": 26,
      "is_warmup": true
    },
    {
      "active": true,
      "agent_id": "gen308-mut379-funding-trend-v1",
      "expectancy_r": 0.4338,
      "gross_loss_r": 13,
      "gross_win_r": 24,
      "last_r": 1,
      "losses": 13,
      "max_drawdown_r": 3,
      "peak_cum_r": 13.209210000000002,
      "profit_factor": 1.8461538461538463,
      "rolling_sharpe": 0.38056,
      "sum_downside_r_squared": 13,
      "sum_r_squared": 49,
      "total_decisions": 29,
      "total_pnl_usd": 125.80200000000002,
      "total_r": 12.580200000000001,
      "win_rate": 0.5517241379310345,
      "wins": 16,
      "is_warmup": true
    },
    {
      "active": true,
      "agent_id": "gen308-mut380-funding-arb-v1",
      "expectancy_r": 0.3866,
      "gross_loss_r": 15,
      "gross_win_r": 33,
      "last_r": 1,
      "losses": 15,
      "max_drawdown_r": 3,
      "peak_cum_r": 15.01941,
      "profit_factor": 2.2,
      "rolling_sharpe": 0.38392000000000004,
      "sum_downside_r_squared": 15,
      "sum_r_squared": 64.5,
      "total_decisions": 37,
      "total_pnl_usd": 143.042,
      "total_r": 14.3042,
      "win_rate": 0.5945945945945946,
      "wins": 22,
      "is_warmup": true
    },
    {
      "active": true,
      "agent_id": "gen308-mut381-polyedge-v1",
      "expectancy_r": 0.5159,
      "gross_loss_r": 14,
      "gross_win_r": 27,
      "last_r": 1,
      "losses": 14,
      "max_drawdown_r": 3,
      "peak_cum_r": 17.33424,
      "profit_factor": 1.9285714285714286,
      "rolling_sharpe": 0.45908,
      "sum_downside_r_squared": 14,
      "sum_r_squared": 54.5,
      "total_decisions": 32,
      "total_pnl_usd": 165.08800000000002,
      "total_r": 16.5088,
      "win_rate": 0.5625,
      "wins": 18,
      "is_warmup": true
    },
    {
      "active": true,
      "agent_id": "gen308-mut383-liq-fade-v0",
      "expectancy_r": 0.37420000000000003,
      "gross_loss_r": 15,
      "gross_win_r": 25.5,
      "last_r": 1,
      "losses": 15,
      "max_drawdown_r": 3,
      "peak_cum_r": 12.573120000000001,
      "profit_factor": 1.7,
      "rolling_sharpe": 0.32904,
      "sum_downside_r_squared": 15,
      "sum_r_squared": 53.25,
      "total_decisions": 32,
      "total_pnl_usd": 119.74400000000001,