{
  "agents": [
    {
      "active": true,
      "agent_id": "vol-breakout-v1",
      "expectancy_r": 0.8732864580155811,
      "gross_loss_r": 176.4406237783076,
      "gross_win_r": 630.54958194641,
      "last_r": 1.8591339151130082,
      "losses": 172,
      "max_drawdown_r": 5.497204776236856,
      "peak_cum_r": 454.10895816810216,
      "profit_factor": 3.573721110500475,
      "rolling_sharpe": 0.6366686007343051,
      "sum_downside_r_squared": 191.00208327561407,
      "sum_r_squared": 1373.0260525871042,
      "total_decisions": 520,
      "total_pnl_usd": 4541.089581681016,
      "total_r": 454.10895816810216,
      "win_rate": 0.6692307692307692,
      "wins": 348
    },
    {
      "active": true,
      "agent_id": "vol-breakout-v0",
      "expectancy_r": 0.8021053602868822,
      "gross_loss_r": 285.12414230742155,
      "gross_win_r": 930.0168519780746,
      "last_r": 1.8377889238327885,
      "losses": 280,
      "max_drawdown_r": 5.37468735320202,
      "peak_cum_r": 644.8927096706533,
      "profit_factor": 3.2617962283086084,
      "rolling_sharpe": 0.5831690120492767,
      "sum_downside_r_squared": 307.2442507759531,
      "sum_r_squared": 2036.3828872208874,
      "total_decisions": 804,
      "total_pnl_usd": 6448.927096706529,
      "total_r": 644.8927096706533,
      "win_rate": 0.6517412935323383,
      "wins": 524
    },
    {
      "active": true,
      "agent_id": "gen2-mut25-vol-breakout-v0",
      "expectancy_r": 0.7842048033188812,
      "gross_loss_r": 247.54118799878248,
      "gross_win_r": 766.6847677958817,
      "last_r": 1.859115321326751,
      "losses": 246,
      "max_drawdown_r": 5.507957176917159,
      "peak_cum_r": 519.1435797970994,
      "profit_factor": 3.097200809263518,
      "rolling_sharpe": 0.5584891870406996,
      "sum_downside_r_squared": 264.6096152102776,
      "sum_r_squared": 1710.374442930023,
      "total_decisions": 662,
      "total_pnl_usd": 5191.435797970986,
      "total_r": 519.1435797970994,
      "win_rate": 0.6283987915407855,
      "wins": 416
    },
    {
      "active": true,
      "agent_id": "gen33-mut40-liq-fade-v0",
      "expectancy_r": 0.18297121513098635,
      "gross_loss_r": 12.968555825523156,
      "gross_win_r": 19.921462000500632,
      "last_r": -1.160831620355443,
      "losses": 17,
      "max_drawdown_r": 8.02040477993566,
      "peak_cum_r": 9.26253915118954,
      "profit_factor": 1.5361357323452778,
      "rolling_sharpe": 0.17768505655197506,
      "sum_downside_r_squared": 12.848010606994496,
      "sum_r_squared": 40.50644107489357,
      "total_decisions": 38,
      "total_pnl_usd": 69.52906174977483,
      "total_r": 6.952906174977482,
      "win_rate": 0.5526315789473685,
      "wins": 21
    },
    {
      "active": true,
      "agent_id": "gen8-mut106-liq-trend-v1",
      "expectancy_r": 0.17913783133738218,
      "gross_loss_r": 17.13778818173334,
      "gross_win_r": 24.303301435228622,
      "last_r": -1.0578151640546016,
      "losses": 20,
      "max_drawdown_r": 8.459410640376621,
      "peak_cum_r": 11.481274172409924,
      "profit_factor": 1.418111904378232,
      "rolling_sharpe": 0.14884928550255452,
      "sum_downside_r_squared": 17.378123492642768,
      "sum_r_squared": 57.77025198908811,
      "total_decisions": 40,
      "total_pnl_usd": 71.65513253495286,
      "total_r": 7.165513253495287,
      "win_rate": 0.5,
      "wins": 20
    },
    {
      "active": true,
      "agent_id": "funding-trend-v0",
      "expectancy_r": 0.4297,
      "gross_loss_r": 13,
      "gross_win_r": 24,
      "last_r": 1,
      "losses": 13,
      "max_drawdown_r": 3,
      "peak_cum_r": 13.084365000000002,
      "profit_factor": 1.8461538461538463,
      "rolling_sharpe": 0.37564000000000003,
      "sum_downside_r_squared": 13,
      "sum_r_squared": 49,
      "total_decisions": 29,
      "total_pnl_usd": 124.61300000000001,
      "total_r": 12.461300000000001,
      "win_rate": 0.5517241379310345,
      "wins": 16,
      "is_warmup": true
    },
    {
      "active": true,
      "agent_id": "funding-arb-v0",
      "expectancy_r": 0.3025,
      "gross_loss_r": 10,
      "gross_win_r": 16.5,
      "last_r": 1,
      "losses": 10,
      "max_drawdown_r": 3,
      "peak_cum_r": 6.6701250000000005,
      "profit_factor": 1.65,
      "rolling_sharpe": 0.28300000000000003,
      "sum_downside_r_squared": 10,
      "sum_r_squared": 34.75,
      "total_decisions": 21,
      "total_pnl_usd": 63.525,
      "total_r": 6.3525,
      "win_rate": 0.5238095238095238,
      "wins": 11,
      "is_warmup": true
    },
    {
      "active": true,
      "agent_id": "polyedge-v0",
      "expectancy_r": 0.5931000000000001,
      "gross_loss_r": 19,
      "gross_win_r": 52.5,
      "last_r": 1,
      "losses": 19,
      "max_drawdown_r": 3,
      "peak_cum_r": 33.62877000000001,
      "profit_factor": 2.763157894736842,
      "rolling_sharpe": 0.55172,
      "sum_downside_r_squared": 19,
      "sum_r_squared": 97.75,
      "total_decisions": 54,
      "total_pnl_usd": 320.27400000000006,
      "total_r": 32.02740000000001,
      "win_rate": 0.6481481481481481,
      "wins": 35,
      "is_warmup": true
    },
    {
      "active": true,
      "agent_id": "gen120-mut404-liq-trend-v1",
      "expectancy_r": 0.542,
      "gross_loss_r": 22,
      "gross_win_r": 54,
      "last_r": 1,
      "losses": 22,
      "max_drawdown_r": 3,
      "peak_cum_r": 33.0078,
      "profit_factor": 2.4545454545454546,
      "rolling_sharpe": 0.4704,
      "sum_downside_r_squared": 22,
      "sum_r_squared": 103,
      "total_decisions": 58,
      "total_pnl_usd": 314.36,
      "total_r": 31.436000000000003,
      "win_rate": 0.6206896551724138,
      "wins": 36,
      "is_warmup": true
    },
    {
      "active": true,
      "agent_id": "gen120-mut405-liq-fade-v0",
      "expectancy_r": 0.3589,
      "gross_loss_r": 13,
      "gross_win_r": 22.5,
      "last_r": 1,
      "losses": 13,
      "max_drawdown_r": 3,
      "peak_cum_r": 10.55166,
      "profit_factor": 1.7307692307692308,
      "rolling_sharpe": 0.31067999999999996,
      "sum_downside_r_squared": 13,
      "sum_r_squared": 46.75,
      "total_decisions": 28,
      "total_pnl_usd": 100.49199999999999,
      "total_r": 10.049199999999999,
      "win_rate": 0.5357142857142857,
      "wins": 15,
      "is_warmup": true
    },
    {
      "active": true,
      "agent_id": "gen120-mut406-funding-trend-v1",
      "expectancy_r": 0.4743,
      "gross_loss_r": 15,
      "gross_win_r": 34.5,
      "last_r": 1,
      "losses": 15,
      "max_drawdown_r": 3,
      "peak_cum_r": 18.92457,
      "profit_factor": 2.3,
      "rolling_sharpe": 0.42916000000000004,
      "sum_downside_r_squared": 15,
      "sum_r_squared": 66.75,
      "total_decisions": 38,
      "total_pnl_usd": 180.23399999999998,
      "total_r": 18.0234,
      "win_rate": 0.6052631578947368,
      "wins": 23,
      "is_warmup": true
    },
    {
      "active": true,
      "agent_id": "gen120-mut407-funding-arb-v1",
      "expectancy_r": 0.3606,
      "gross_loss_r": 14,
      "gross_win_r": 27,
      "last_r": 1,
      "losses": 14,
      "max_drawdown_r": 3,
      "peak_cum_r": 12.116159999999999,
      "profit_factor": 1.9285714285714286,
      "rolling_sharpe": 0.35272000000000003,
      "sum_downside_r_squared": 14,
      "sum_r_squared": 54.5,
      "total_decisions": 32,
      "total_pnl_usd": 115.392,
      "total_r": 11.5392,
      "win_rate": 0.5625,
      "wins": 18,
      "is_warmup": true
    },
    {
      "active": true,
      "agent_id": "gen120-mut408-polyedge-v1",
      "expectancy_r": 0.5909000000000001,
      "gross_loss_r": 19,
      "gross_win_r": 51,
      "last_r": 1,
      "losses": 19,
      "max_drawdown_r": 3,
      "peak_cum_r": 32.88358500000001,
      "profit_factor": 2.6842105263157894,
      "rolling_sharpe": 0.54908,
      "sum_downside_r_squared": 19,
      "sum_r_squared": 95.5,
      "total_decisions": 53,