{
  "agents": [
    {
      "active": true,
      "agent_id": "vol-breakout-v1",
      "expectancy_r": 0.8732831036900728,
      "gross_loss_r": 44.110155944576924,
      "gross_win_r": 157.6369594242864,
      "last_r": 1.8590231505571413,
      "losses": 43,
      "max_drawdown_r": 5.497204776236835,
      "peak_cum_r": 113.52680347970946,
      "profit_factor": 3.5737112247427207,
      "rolling_sharpe": 0.634824514986674,
      "sum_downside_r_squared": 47.7505208189035,
      "sum_r_squared": 343.2549039375469,
      "total_decisions": 130,
      "total_pnl_usd": 1135.268034797095,
      "total_r": 113.52680347970946,
      "win_rate": 0.6692307692307692,
      "wins": 87
    },
    {
      "active": true,
      "agent_id": "vol-breakout-v0",
      "expectancy_r": 0.8021031908226235,
      "gross_loss_r": 71.28103557685549,
      "gross_win_r": 232.5037769322026,
      "last_r": 1.8590231505571413,
      "losses": 70,
      "max_drawdown_r": 5.04549615505735,
      "peak_cum_r": 161.22274135534732,
      "profit_factor": 3.2617901108004546,
      "rolling_sharpe": 0.5820777586431035,
      "sum_downside_r_squared": 76.81106269398822,
      "sum_r_squared": 509.0941125959924,
      "total_decisions": 201,
      "total_pnl_usd": 1612.2274135534724,
      "total_r": 161.22274135534732,
      "win_rate": 0.6517412935323383,
      "wins": 131
    },
    {
      "active": true,
      "agent_id": "gen2-mut25-vol-breakout-v0",
      "expectancy_r": 0.7362963175563171,
      "gross_loss_r": 60.32167892862992,
      "gross_win_r": 174.44760814985906,
      "last_r": 1.8374899920194998,
      "losses": 60,
      "max_drawdown_r": 5.5079571769171025,
      "peak_cum_r": 114.12592922122914,
      "profit_factor": 2.891955450315933,
      "rolling_sharpe": 0.5198313859293253,
      "sum_downside_r_squared": 64.5217089229447,
      "sum_r_squared": 392.9895954197456,
      "total_decisions": 155,
      "total_pnl_usd": 1141.259292212291,
      "total_r": 114.12592922122914,
      "win_rate": 0.6129032258064516,
      "wins": 95
    },
    {
      "active": true,
      "agent_id": "gen19-mut261-liq-fade-v0",
      "expectancy_r": 0.19858165780672823,
      "gross_loss_r": 5.838854126194359,
      "gross_win_r": 9.611905624522194,
      "last_r": 0.3140359048723646,
      "losses": 8,
      "max_drawdown_r": 3.5497876891067617,
      "peak_cum_r": 7.0088032825622335,
      "profit_factor": 1.6461972532249285,
      "rolling_sharpe": 0.19155153912103037,
      "sum_downside_r_squared": 5.641990359066757,
      "sum_r_squared": 20.094737366533643,
      "total_decisions": 19,
      "total_pnl_usd": 37.73051498327833,
      "total_r": 3.7730514983278365,
      "win_rate": 0.5789473684210527,
      "wins": 11
    },
    {
      "active": true,
      "agent_id": "gen8-mut106-liq-trend-v1",
      "expectancy_r": 0.17913783133738218,
      "gross_loss_r": 17.13778818173334,
      "gross_win_r": 24.303301435228626,
      "last_r": -1.0578151640546016,
      "losses": 20,
      "max_drawdown_r": 8.459410640376621,
      "peak_cum_r": 11.481274172409925,
      "profit_factor": 1.418111904378232,
      "rolling_sharpe": 0.14884928550255452,
      "sum_downside_r_squared": 17.378123492642768,
      "sum_r_squared": 57.770251989088116,
      "total_decisions": 40,
      "total_pnl_usd": 71.65513253495286,
      "total_r": 7.165513253495287,
      "win_rate": 0.5,
      "wins": 20
    },
    {
      "active": true,
      "agent_id": "funding-trend-v0",
      "expectancy_r": 0.4297,
      "gross_loss_r": 13,
      "gross_win_r": 24,
      "last_r": 1,
      "losses": 13,
      "max_drawdown_r": 3,
      "peak_cum_r": 13.084365000000002,
      "profit_factor": 1.8461538461538463,
      "rolling_sharpe": 0.37564000000000003,
      "sum_downside_r_squared": 13,
      "sum_r_squared": 49,
      "total_decisions": 29,
      "total_pnl_usd": 124.61300000000001,
      "total_r": 12.461300000000001,
      "win_rate": 0.5517241379310345,
      "wins": 16,
      "is_warmup": true
    },
    {
      "active": true,
      "agent_id": "funding-arb-v0",
      "expectancy_r": 0.3025,
      "gross_loss_r": 10,
      "gross_win_r": 16.5,
      "last_r": 1,
      "losses": 10,
      "max_drawdown_r": 3,
      "peak_cum_r": 6.6701250000000005,
      "profit_factor": 1.65,
      "rolling_sharpe": 0.28300000000000003,
      "sum_downside_r_squared": 10,
      "sum_r_squared": 34.75,
      "total_decisions": 21,
      "total_pnl_usd": 63.525,
      "total_r": 6.3525,
      "win_rate": 0.5238095238095238,
      "wins": 11,
      "is_warmup": true
    },
    {
      "active": true,
      "agent_id": "polyedge-v0",
      "expectancy_r": 0.5931000000000001,
      "gross_loss_r": 19,
      "gross_win_r": 52.5,
      "last_r": 1,
      "losses": 19,
      "max_drawdown_r": 3,
      "peak_cum_r": 33.62877000000001,
      "profit_factor": 2.763157894736842,
      "rolling_sharpe": 0.55172,
      "sum_downside_r_squared": 19,
      "sum_r_squared": 97.75,
      "total_decisions": 54,
      "total_pnl_usd": 320.27400000000006,
      "total_r": 32.02740000000001,
      "win_rate": 0.6481481481481481,
      "wins": 35,
      "is_warmup": true
    },
    {
      "active": true,
      "agent_id": "gen30-mut408-liq-trend-v0",
      "expectancy_r": 0.5003,
      "gross_loss_r": 19,
      "gross_win_r": 39,
      "last_r": 1,
      "losses": 19,
      "max_drawdown_r": 3,
      "peak_cum_r": 23.639174999999998,
      "profit_factor": 2.0526315789473686,
      "rolling_sharpe": 0.42036,
      "sum_downside_r_squared": 19,
      "sum_r_squared": 77.5,
      "total_decisions": 45,
      "total_pnl_usd": 225.13499999999996,
      "total_r": 22.513499999999997,
      "win_rate": 0.5777777777777777,
      "wins": 26,
      "is_warmup": true
    },
    {
      "active": true,
      "agent_id": "gen30-mut409-liq-fade-v0",
      "expectancy_r": 0.37610000000000005,
      "gross_loss_r": 15,
      "gross_win_r": 27,
      "last_r": 1,
      "losses": 15,
      "max_drawdown_r": 3,
      "peak_cum_r": 13.031865000000002,
      "profit_factor": 1.8,
      "rolling_sharpe": 0.33132,
      "sum_downside_r_squared": 15,
      "sum_r_squared": 55.5,
      "total_decisions": 33,
      "total_pnl_usd": 124.113,
      "total_r": 12.4113,
      "win_rate": 0.5454545454545454,
      "wins": 18,
      "is_warmup": true
    },
    {
      "active": true,
      "agent_id": "gen30-mut410-funding-trend-v1",
      "expectancy_r": 0.4526,
      "gross_loss_r": 15,
      "gross_win_r": 28.5,
      "last_r": 1,
      "losses": 15,
      "max_drawdown_r": 3,
      "peak_cum_r": 16.15782,
      "profit_factor": 1.9,
      "rolling_sharpe": 0.40312000000000003,
      "sum_downside_r_squared": 15,
      "sum_r_squared": 57.75,
      "total_decisions": 34,
      "total_pnl_usd": 153.88400000000001,
      "total_r": 15.3884,
      "win_rate": 0.5588235294117647,
      "wins": 19,
      "is_warmup": true
    },
    {
      "active": true,
      "agent_id": "gen30-mut411-funding-arb-v1",
      "expectancy_r": 0.34349999999999997,
      "gross_loss_r": 13,
      "gross_win_r": 24,
      "last_r": 1,
      "losses": 13,
      "max_drawdown_r": 3,
      "peak_cum_r": 10.459575,
      "profit_factor": 1.8461538461538463,
      "rolling_sharpe": 0.33220000000000005,
      "sum_downside_r_squared": 13,
      "sum_r_squared": 49,
      "total_decisions": 29,
      "total_pnl_usd": 99.615,
      "total_r": 9.9615,
      "win_rate": 0.5517241379310345,
      "wins": 16,
      "is_warmup": true
    },
    {
      "active": true,
      "agent_id": "gen30-mut412-polyedge-v1",
      "expectancy_r": 0.5142,
      "gross_loss_r": 14,
      "gross_win_r": 27,
      "last_r": 1,
      "losses": 14,
      "max_drawdown_r": 3,
      "peak_cum_r": 17.27712,
      "profit_factor": 1.9285714285714286,
      "rolling_sharpe": 0.45704,
      "sum_downside_r_squared": 14,
      "sum_r_squared": 54.5,
      "total_decisions": 32,
      "total_pnl_usd": 164.54399999999998,