{
  "agents": [
    {
      "active": true,
      "agent_id": "vol-breakout-v0",
      "expectancy_r": 0.7449255968098354,
      "gross_loss_r": 914.2356520821953,
      "gross_win_r": 2755.691727396118,
      "last_r": -1.1065501769192307,
      "losses": 916,
      "max_drawdown_r": 5.374687353202262,
      "peak_cum_r": 1843.6852604354242,
      "profit_factor": 3.0142028711306095,
      "rolling_sharpe": 0.5373540987795216,
      "sum_downside_r_squared": 982.1257909199248,
      "sum_r_squared": 6120.477014466899,
      "total_decisions": 2472,
      "total_pnl_usd": 18414.560753139194,
      "total_r": 1841.456075313913,
      "win_rate": 0.6294498381877023,
      "wins": 1556
    },
    {
      "active": true,
      "agent_id": "gen2-mut25-vol-breakout-v0",
      "expectancy_r": 0.7595989399008358,
      "gross_loss_r": 791.4186678701263,
      "gross_win_r": 2352.394489366342,
      "last_r": 1.4657856594626686,
      "losses": 778,
      "max_drawdown_r": 5.507957176917216,
      "peak_cum_r": 1561.825580564088,
      "profit_factor": 2.972376802403624,
      "rolling_sharpe": 0.5375203249199995,
      "sum_downside_r_squared": 847.3404148572043,
      "sum_r_squared": 5287.561643661685,
      "total_decisions": 2055,
      "total_pnl_usd": 15609.758214962165,
      "total_r": 1560.9758214962176,
      "win_rate": 0.6214111922141119,
      "wins": 1277
    },
    {
      "active": true,
      "agent_id": "vol-breakout-v1",
      "expectancy_r": 0.8665001235385378,
      "gross_loss_r": 529.6262732554035,
      "gross_win_r": 1883.0994662226017,
      "last_r": 1.4764430547904825,
      "losses": 520,
      "max_drawdown_r": 5.49720477623714,
      "peak_cum_r": 1353.473192967196,
      "profit_factor": 3.555525020781037,
      "rolling_sharpe": 0.6324319505858278,
      "sum_downside_r_squared": 571.5442152480343,
      "sum_r_squared": 4103.087866848119,
      "total_decisions": 1562,
      "total_pnl_usd": 13534.731929672007,
      "total_r": 1353.473192967196,
      "win_rate": 0.6670934699103713,
      "wins": 1042
    },
    {
      "active": true,
      "agent_id": "gen8-mut106-liq-trend-v1",
      "expectancy_r": 0.17913783133738218,
      "gross_loss_r": 17.13778818173334,
      "gross_win_r": 24.303301435228622,
      "last_r": -1.0578151640546016,
      "losses": 20,
      "max_drawdown_r": 8.459410640376621,
      "peak_cum_r": 11.481274172409924,
      "profit_factor": 1.418111904378232,
      "rolling_sharpe": 0.14884928550255452,
      "sum_downside_r_squared": 17.378123492642768,
      "sum_r_squared": 57.77025198908811,
      "total_decisions": 40,
      "total_pnl_usd": 71.65513253495286,
      "total_r": 7.165513253495287,
      "win_rate": 0.5,
      "wins": 20
    },
    {
      "active": true,
      "agent_id": "gen31-mut40-liq-fade-v0",
      "expectancy_r": 0.18297121513098635,
      "gross_loss_r": 12.968555825523156,
      "gross_win_r": 19.921462000500632,
      "last_r": -1.160831620355443,
      "losses": 17,
      "max_drawdown_r": 8.02040477993566,
      "peak_cum_r": 9.26253915118954,
      "profit_factor": 1.5361357323452778,
      "rolling_sharpe": 0.17768505655197506,
      "sum_downside_r_squared": 12.848010606994494,
      "sum_r_squared": 40.50644107489358,
      "total_decisions": 38,
      "total_pnl_usd": 69.52906174977483,
      "total_r": 6.952906174977482,
      "win_rate": 0.5526315789473685,
      "wins": 21
    },
    {
      "active": true,
      "agent_id": "gen364-mut382-liq-trend-v1",
      "expectancy_r": 0.19619082170406194,
      "gross_loss_r": 1.2304941588685645,
      "gross_win_r": 2.0152574456848122,
      "last_r": 0.16585155854220432,
      "losses": 2,
      "max_drawdown_r": 1.227695460065508,
      "peak_cum_r": 0.7847632868162477,
      "profit_factor": 1.6377627079008934,
      "rolling_sharpe": 0.15508486369521002,
      "sum_downside_r_squared": 1.5072439753804492,
      "sum_r_squared": 4.955052850249064,
      "total_decisions": 4,
      "total_pnl_usd": 7.847632868162478,
      "total_r": 0.7847632868162477,
      "win_rate": 0.5,
      "wins": 2
    },
    {
      "active": true,
      "agent_id": "funding-trend-v0",
      "expectancy_r": 0.4297,
      "gross_loss_r": 13,
      "gross_win_r": 24,
      "last_r": 1,
      "losses": 13,
      "max_drawdown_r": 3,
      "peak_cum_r": 13.084365000000002,
      "profit_factor": 1.8461538461538463,
      "rolling_sharpe": 0.37564000000000003,
      "sum_downside_r_squared": 13,
      "sum_r_squared": 49,
      "total_decisions": 29,
      "total_pnl_usd": 124.61300000000001,
      "total_r": 12.461300000000001,
      "win_rate": 0.5517241379310345,
      "wins": 16,
      "is_warmup": true
    },
    {
      "active": true,
      "agent_id": "funding-arb-v0",
      "expectancy_r": 0.3025,
      "gross_loss_r": 10,
      "gross_win_r": 16.5,
      "last_r": 1,
      "losses": 10,
      "max_drawdown_r": 3,
      "peak_cum_r": 6.6701250000000005,
      "profit_factor": 1.65,
      "rolling_sharpe": 0.28300000000000003,
      "sum_downside_r_squared": 10,
      "sum_r_squared": 34.75,
      "total_decisions": 21,
      "total_pnl_usd": 63.525,
      "total_r": 6.3525,
      "win_rate": 0.5238095238095238,
      "wins": 11,
      "is_warmup": true
    },
    {
      "active": true,
      "agent_id": "polyedge-v0",
      "expectancy_r": 0.5931000000000001,
      "gross_loss_r": 19,
      "gross_win_r": 52.5,
      "last_r": 1,
      "losses": 19,
      "max_drawdown_r": 3,
      "peak_cum_r": 33.62877000000001,
      "profit_factor": 2.763157894736842,
      "rolling_sharpe": 0.55172,
      "sum_downside_r_squared": 19,
      "sum_r_squared": 97.75,
      "total_decisions": 54,
      "total_pnl_usd": 320.27400000000006,
      "total_r": 32.02740000000001,
      "win_rate": 0.6481481481481481,
      "wins": 35,
      "is_warmup": true
    },
    {
      "active": true,
      "agent_id": "gen364-mut377-liq-trend-v1",
      "expectancy_r": 0.5015000000000001,
      "gross_loss_r": 19,
      "gross_win_r": 39,
      "last_r": 1,
      "losses": 19,
      "max_drawdown_r": 3,
      "peak_cum_r": 23.695875000000004,
      "profit_factor": 2.0526315789473686,
      "rolling_sharpe": 0.4218,
      "sum_downside_r_squared": 19,
      "sum_r_squared": 77.5,
      "total_decisions": 45,
      "total_pnl_usd": 225.675,
      "total_r": 22.567500000000003,
      "win_rate": 0.5777777777777777,
      "wins": 26,
      "is_warmup": true
    },
    {
      "active": true,
      "agent_id": "gen364-mut378-liq-fade-v0",
      "expectancy_r": 0.4358,
      "gross_loss_r": 19,
      "gross_win_r": 43.5,
      "last_r": 1,
      "losses": 19,
      "max_drawdown_r": 3,
      "peak_cum_r": 21.964320000000004,
      "profit_factor": 2.289473684210526,
      "rolling_sharpe": 0.40296,
      "sum_downside_r_squared": 19,
      "sum_r_squared": 84.25,
      "total_decisions": 48,
      "total_pnl_usd": 209.18400000000003,
      "total_r": 20.918400000000002,
      "win_rate": 0.6041666666666666,
      "wins": 29,
      "is_warmup": true
    },
    {
      "active": true,
      "agent_id": "gen364-mut379-funding-trend-v1",
      "expectancy_r": 0.454,
      "gross_loss_r": 14,
      "gross_win_r": 30,
      "last_r": 1,
      "losses": 14,
      "max_drawdown_r": 3,
      "peak_cum_r": 16.2078,
      "profit_factor": 2.142857142857143,
      "rolling_sharpe": 0.40480000000000005,
      "sum_downside_r_squared": 14,
      "sum_r_squared": 59,
      "total_decisions": 34,
      "total_pnl_usd": 154.36,
      "total_r": 15.436,
      "win_rate": 0.5882352941176471,
      "wins": 20,
      "is_warmup": true
    },
    {
      "active": true,
      "agent_id": "gen364-mut380-funding-arb-v1",
      "expectancy_r": 0.3096,
      "gross_loss_r": 11,
      "gross_win_r": 16.5,
      "last_r": 1,
      "losses": 11,
      "max_drawdown_r": 3,
      "peak_cum_r": 7.1517599999999995,
      "profit_factor": 1.5,
      "rolling_sharpe": 0.29152,