{
  "agents": [
    {
      "active": true,
      "agent_id": "vol-breakout-v1",
      "expectancy_r": 0.8421419154379546,
      "gross_loss_r": 441.1015594457694,
      "gross_win_r": 1513.990359713725,
      "last_r": 0.9673875409310593,
      "losses": 430,
      "max_drawdown_r": 5.497204776236913,
      "peak_cum_r": 1072.8888002679541,
      "profit_factor": 3.432294280745703,
      "rolling_sharpe": 0.6127875962137356,
      "sum_downside_r_squared": 477.50520818903436,
      "sum_r_squared": 3307.7713889469883,
      "total_decisions": 1274,
      "total_pnl_usd": 10728.888002679556,
      "total_r": 1072.8888002679541,
      "win_rate": 0.6624803767660911,
      "wins": 844
    },
    {
      "active": true,
      "agent_id": "vol-breakout-v0",
      "expectancy_r": 0.7811734773308103,
      "gross_loss_r": 712.8103557685536,
      "gross_win_r": 2262.6585347928863,
      "last_r": 0.9673875409310593,
      "losses": 700,
      "max_drawdown_r": 5.374687353202262,
      "peak_cum_r": 1549.8481790243277,
      "profit_factor": 3.1742784269082107,
      "rolling_sharpe": 0.5676453600098278,
      "sum_downside_r_squared": 768.110626939882,
      "sum_r_squared": 4966.163475531445,
      "total_decisions": 1984,
      "total_pnl_usd": 15498.481790243331,
      "total_r": 1549.8481790243277,
      "win_rate": 0.6471774193548387,
      "wins": 1284
    },
    {
      "active": true,
      "agent_id": "gen2-mut25-vol-breakout-v0",
      "expectancy_r": 0.7677462457798372,
      "gross_loss_r": 621.9802061390874,
      "gross_win_r": 1888.7615116758163,
      "last_r": 1.8500615976788808,
      "losses": 618,
      "max_drawdown_r": 5.507957176917216,
      "peak_cum_r": 1266.7813055367315,
      "profit_factor": 3.0366907066065876,
      "rolling_sharpe": 0.5470637539547988,
      "sum_downside_r_squared": 664.785427784944,
      "sum_r_squared": 4220.298528274079,
      "total_decisions": 1650,
      "total_pnl_usd": 12667.81305536729,
      "total_r": 1266.7813055367315,
      "win_rate": 0.6254545454545455,
      "wins": 1032
    },
    {
      "active": true,
      "agent_id": "gen58-mut389-liq-trend-v1",
      "expectancy_r": 0.3144873896258217,
      "gross_loss_r": 16.813860586394878,
      "gross_win_r": 30.651305729931025,
      "last_r": -1.0795628261391592,
      "losses": 16,
      "max_drawdown_r": 9.99751276274388,
      "peak_cum_r": 17.093247681986966,
      "profit_factor": 1.822978463062366,
      "rolling_sharpe": 0.25851129788921884,
      "sum_downside_r_squared": 17.927360247200337,
      "sum_r_squared": 67.98960653810465,
      "total_decisions": 44,
      "total_pnl_usd": 138.37445143536158,
      "total_r": 13.837445143536154,
      "win_rate": 0.6363636363636364,
      "wins": 28
    },
    {
      "active": true,
      "agent_id": "gen32-mut40-liq-fade-v0",
      "expectancy_r": 0.18297121513098635,
      "gross_loss_r": 12.968555825523156,
      "gross_win_r": 19.921462000500632,
      "last_r": -1.160831620355443,
      "losses": 17,
      "max_drawdown_r": 8.02040477993566,
      "peak_cum_r": 9.26253915118954,
      "profit_factor": 1.5361357323452778,
      "rolling_sharpe": 0.17768505655197503,
      "sum_downside_r_squared": 12.848010606994496,
      "sum_r_squared": 40.50644107489359,
      "total_decisions": 38,
      "total_pnl_usd": 69.52906174977483,
      "total_r": 6.952906174977482,
      "win_rate": 0.5526315789473685,
      "wins": 21
    },
    {
      "active": true,
      "agent_id": "gen261-mut379-liq-trend-v1",
      "expectancy_r": 0.21574763822517623,
      "gross_loss_r": 20.49232482133257,
      "gross_win_r": 29.337977988564795,
      "last_r": 1.894159068164031,
      "losses": 22,
      "max_drawdown_r": 13.047919180297738,
      "peak_cum_r": 13.23964214414366,
      "profit_factor": 1.4316568883401593,
      "rolling_sharpe": 0.16210482095859688,
      "sum_downside_r_squared": 21.133107002047705,
      "sum_r_squared": 72.76175287509135,
      "total_decisions": 41,
      "total_pnl_usd": 88.45653167232228,
      "total_r": 8.845653167232225,
      "win_rate": 0.4634146341463415,
      "wins": 19
    },
    {
      "active": true,
      "agent_id": "gen175-mut13-funding-arb-v1",
      "expectancy_r": 0.1823833296685997,
      "gross_loss_r": 37.866021971509056,
      "gross_win_r": 50.63285504831104,
      "last_r": -1.0804231105841575,
      "losses": 37,
      "max_drawdown_r": 7.793902855139553,
      "peak_cum_r": 20.56073593194153,
      "profit_factor": 1.3371580222080877,
      "rolling_sharpe": 0.13301059966762246,
      "sum_downside_r_squared": 40.53717142025037,
      "sum_r_squared": 132.06038424207438,
      "total_decisions": 70,
      "total_pnl_usd": 127.6683307680198,
      "total_r": 12.766833076801976,
      "win_rate": 0.4714285714285714,
      "wins": 33
    },
    {
      "active": true,
      "agent_id": "gen290-mut364-liq-trend-v1",
      "expectancy_r": 0.3309528661297157,
      "gross_loss_r": 0,
      "gross_win_r": 0.3309528661297157,
      "last_r": 0.3309528661297157,
      "losses": 0,
      "max_drawdown_r": 0,
      "peak_cum_r": 0.3309528661297157,
      "profit_factor": null,
      "rolling_sharpe": 0,
      "sum_downside_r_squared": 0,
      "sum_r_squared": 0.10952979959947352,
      "total_decisions": 1,
      "total_pnl_usd": 3.309528661297157,
      "total_r": 0.3309528661297157,
      "win_rate": 1,
      "wins": 1
    },
    {
      "active": true,
      "agent_id": "gen290-mut369-liq-trend-v1",
      "expectancy_r": 0.3309528661297157,
      "gross_loss_r": 0,
      "gross_win_r": 0.3309528661297157,
      "last_r": 0.3309528661297157,
      "losses": 0,
      "max_drawdown_r": 0,
      "peak_cum_r": 0.3309528661297157,
      "profit_factor": null,
      "rolling_sharpe": 0,
      "sum_downside_r_squared": 0,
      "sum_r_squared": 0.10952979959947352,
      "total_decisions": 1,
      "total_pnl_usd": 3.309528661297157,
      "total_r": 0.3309528661297157,
      "win_rate": 1,
      "wins": 1
    },
    {
      "active": true,
      "agent_id": "funding-trend-v0",
      "expectancy_r": 0.4297,
      "gross_loss_r": 13,
      "gross_win_r": 24,
      "last_r": 1,
      "losses": 13,
      "max_drawdown_r": 3,
      "peak_cum_r": 13.084365000000002,
      "profit_factor": 1.8461538461538463,
      "rolling_sharpe": 0.37564000000000003,
      "sum_downside_r_squared": 13,
      "sum_r_squared": 49,
      "total_decisions": 29,
      "total_pnl_usd": 124.61300000000001,
      "total_r": 12.461300000000001,
      "win_rate": 0.5517241379310345,
      "wins": 16,
      "is_warmup": true
    },
    {
      "active": true,
      "agent_id": "polyedge-v0",
      "expectancy_r": 0.5931000000000001,
      "gross_loss_r": 19,
      "gross_win_r": 52.5,
      "last_r": 1,
      "losses": 19,
      "max_drawdown_r": 3,
      "peak_cum_r": 33.62877000000001,
      "profit_factor": 2.763157894736842,
      "rolling_sharpe": 0.55172,
      "sum_downside_r_squared": 19,
      "sum_r_squared": 97.75,
      "total_decisions": 54,
      "total_pnl_usd": 320.27400000000006,
      "total_r": 32.02740000000001,
      "win_rate": 0.6481481481481481,
      "wins": 35,
      "is_warmup": true
    },
    {
      "active": true,
      "agent_id": "gen290-mut360-liq-fade-v0",
      "expectancy_r": 0.43910000000000005,
      "gross_loss_r": 20,
      "gross_win_r": 43.5,
      "last_r": 1,
      "losses": 20,
      "max_drawdown_r": 3,
      "peak_cum_r": 22.591695,
      "profit_factor": 2.175,
      "rolling_sharpe": 0.40692,
      "sum_downside_r_squared": 20,
      "sum_r_squared": 85.25,
      "total_decisions": 49,
      "total_pnl_usd": 215.15900000000002,
      "total_r": 21.515900000000002,
      "win_rate": 0.5918367346938775,
      "wins": 29,
      "is_warmup": true
    },
    {
      "active": true,
      "agent_id": "gen290-mut361-funding-trend-v1",
      "expectancy_r": 0.4731,
      "gross_loss_r": 15,
      "gross_win_r": 34.5,
      "last_r": 1,