{
  "agents": [
    {
      "active": true,
      "agent_id": "vol-breakout-v1",
      "expectancy_r": 0.842159846936318,
      "gross_loss_r": 88.22031188915385,
      "gross_win_r": 300.44459331710596,
      "last_r": -1.1417083845731337,
      "losses": 86,
      "max_drawdown_r": 5.497204776236856,
      "peak_cum_r": 213.36598981252524,
      "profit_factor": 3.405616993222666,
      "rolling_sharpe": 0.608805030581955,
      "sum_downside_r_squared": 95.50104163780698,
      "sum_r_squared": 659.0198365298626,
      "total_decisions": 252,
      "total_pnl_usd": 2122.2428142795206,
      "total_r": 212.22428142795212,
      "win_rate": 0.6587301587301587,
      "wins": 166
    },
    {
      "active": true,
      "agent_id": "vol-breakout-v0",
      "expectancy_r": 0.7807613799093434,
      "gross_loss_r": 142.56207115371083,
      "gross_win_r": 450.1820548379921,
      "last_r": 1.9165371173065586,
      "losses": 140,
      "max_drawdown_r": 5.374687353201978,
      "peak_cum_r": 307.6199836842813,
      "profit_factor": 3.157796819271828,
      "rolling_sharpe": 0.5649748428767041,
      "sum_downside_r_squared": 153.62212538797655,
      "sum_r_squared": 990.7128488060508,
      "total_decisions": 394,
      "total_pnl_usd": 3076.199836842809,
      "total_r": 307.6199836842813,
      "win_rate": 0.6446700507614214,
      "wins": 254
    },
    {
      "active": true,
      "agent_id": "gen2-mut25-vol-breakout-v0",
      "expectancy_r": 0.7444267556785081,
      "gross_loss_r": 122.26929290156086,
      "gross_win_r": 357.50814769596934,
      "last_r": 0.19327955897138077,
      "losses": 120,
      "max_drawdown_r": 5.507957176917131,
      "peak_cum_r": 235.23885479440858,
      "profit_factor": 2.9239405840336343,
      "rolling_sharpe": 0.5265918380688427,
      "sum_downside_r_squared": 131.11238810507615,
      "sum_r_squared": 804.6333463743695,
      "total_decisions": 316,
      "total_pnl_usd": 2352.3885479440846,
      "total_r": 235.23885479440858,
      "win_rate": 0.620253164556962,
      "wins": 196
    },
    {
      "active": true,
      "agent_id": "gen32-mut40-liq-fade-v0",
      "expectancy_r": 0.18297121513098635,
      "gross_loss_r": 12.968555825523156,
      "gross_win_r": 19.921462000500632,
      "last_r": -1.160831620355443,
      "losses": 17,
      "max_drawdown_r": 8.02040477993566,
      "peak_cum_r": 9.262539151189541,
      "profit_factor": 1.5361357323452778,
      "rolling_sharpe": 0.17768505655197506,
      "sum_downside_r_squared": 12.848010606994496,
      "sum_r_squared": 40.50644107489358,
      "total_decisions": 38,
      "total_pnl_usd": 69.52906174977483,
      "total_r": 6.952906174977482,
      "win_rate": 0.5526315789473685,
      "wins": 21
    },
    {
      "active": true,
      "agent_id": "gen8-mut106-liq-trend-v1",
      "expectancy_r": 0.17913783133738218,
      "gross_loss_r": 17.13778818173334,
      "gross_win_r": 24.303301435228622,
      "last_r": -1.0578151640546016,
      "losses": 20,
      "max_drawdown_r": 8.459410640376621,
      "peak_cum_r": 11.481274172409924,
      "profit_factor": 1.418111904378232,
      "rolling_sharpe": 0.14884928550255452,
      "sum_downside_r_squared": 17.378123492642768,
      "sum_r_squared": 57.77025198908811,
      "total_decisions": 40,
      "total_pnl_usd": 71.65513253495286,
      "total_r": 7.165513253495287,
      "win_rate": 0.5,
      "wins": 20
    },
    {
      "active": true,
      "agent_id": "funding-trend-v0",
      "expectancy_r": 0.4297,
      "gross_loss_r": 13,
      "gross_win_r": 24,
      "last_r": 1,
      "losses": 13,
      "max_drawdown_r": 3,
      "peak_cum_r": 13.084365000000002,
      "profit_factor": 1.8461538461538463,
      "rolling_sharpe": 0.37564000000000003,
      "sum_downside_r_squared": 13,
      "sum_r_squared": 49,
      "total_decisions": 29,
      "total_pnl_usd": 124.61300000000001,
      "total_r": 12.461300000000001,
      "win_rate": 0.5517241379310345,
      "wins": 16,
      "is_warmup": true
    },
    {
      "active": true,
      "agent_id": "funding-arb-v0",
      "expectancy_r": 0.3025,
      "gross_loss_r": 10,
      "gross_win_r": 16.5,
      "last_r": 1,
      "losses": 10,
      "max_drawdown_r": 3,
      "peak_cum_r": 6.6701250000000005,
      "profit_factor": 1.65,
      "rolling_sharpe": 0.28300000000000003,
      "sum_downside_r_squared": 10,
      "sum_r_squared": 34.75,
      "total_decisions": 21,
      "total_pnl_usd": 63.525,
      "total_r": 6.3525,
      "win_rate": 0.5238095238095238,
      "wins": 11,
      "is_warmup": true
    },
    {
      "active": true,
      "agent_id": "polyedge-v0",
      "expectancy_r": 0.5931000000000001,
      "gross_loss_r": 19,
      "gross_win_r": 52.5,
      "last_r": 1,
      "losses": 19,
      "max_drawdown_r": 3,
      "peak_cum_r": 33.62877000000001,
      "profit_factor": 2.763157894736842,
      "rolling_sharpe": 0.55172,
      "sum_downside_r_squared": 19,
      "sum_r_squared": 97.75,
      "total_decisions": 54,
      "total_pnl_usd": 320.27400000000006,
      "total_r": 32.02740000000001,
      "win_rate": 0.6481481481481481,
      "wins": 35,
      "is_warmup": true
    },
    {
      "active": true,
      "agent_id": "gen58-mut384-liq-trend-v1",
      "expectancy_r": 0.4645,
      "gross_loss_r": 15,
      "gross_win_r": 28.5,
      "last_r": 1,
      "losses": 15,
      "max_drawdown_r": 3,
      "peak_cum_r": 16.58265,
      "profit_factor": 1.9,
      "rolling_sharpe": 0.37739999999999996,
      "sum_downside_r_squared": 15,
      "sum_r_squared": 57.75,
      "total_decisions": 34,
      "total_pnl_usd": 157.93,
      "total_r": 15.793000000000001,
      "win_rate": 0.5588235294117647,
      "wins": 19,
      "is_warmup": true
    },
    {
      "active": true,
      "agent_id": "gen58-mut385-liq-fade-v0",
      "expectancy_r": 0.42860000000000004,
      "gross_loss_r": 19,
      "gross_win_r": 40.5,
      "last_r": 1,
      "losses": 19,
      "max_drawdown_r": 3,
      "peak_cum_r": 20.701380000000004,
      "profit_factor": 2.1315789473684212,
      "rolling_sharpe": 0.39432,
      "sum_downside_r_squared": 19,
      "sum_r_squared": 79.75,
      "total_decisions": 46,
      "total_pnl_usd": 197.156,
      "total_r": 19.715600000000002,
      "win_rate": 0.5869565217391305,
      "wins": 27,
      "is_warmup": true
    },
    {
      "active": true,
      "agent_id": "gen58-mut386-funding-trend-v1",
      "expectancy_r": 0.41300000000000003,
      "gross_loss_r": 12,
      "gross_win_r": 19.5,
      "last_r": 1,
      "losses": 12,
      "max_drawdown_r": 3,
      "peak_cum_r": 10.841250000000002,
      "profit_factor": 1.625,
      "rolling_sharpe": 0.3556,
      "sum_downside_r_squared": 12,
      "sum_r_squared": 41.25,
      "total_decisions": 25,
      "total_pnl_usd": 103.25000000000001,
      "total_r": 10.325000000000001,
      "win_rate": 0.52,
      "wins": 13,
      "is_warmup": true
    },
    {
      "active": true,
      "agent_id": "gen58-mut387-funding-arb-v1",
      "expectancy_r": 0.3735,
      "gross_loss_r": 15,
      "gross_win_r": 30,
      "last_r": 1,
      "losses": 15,
      "max_drawdown_r": 3,
      "peak_cum_r": 13.726125,
      "profit_factor": 2,
      "rolling_sharpe": 0.3682,
      "sum_downside_r_squared": 15,
      "sum_r_squared": 60,
      "total_decisions": 35,
      "total_pnl_usd": 130.725,
      "total_r": 13.0725,
      "win_rate": 0.5714285714285714,
      "wins": 20,
      "is_warmup": true
    },
    {
      "active": true,
      "agent_id": "gen58-mut388-polyedge-v1",
      "expectancy_r": 0.5494,
      "gross_loss_r": 16,
      "gross_win_r": 39,
      "last_r": 1,
      "losses": 16,
      "max_drawdown_r": 3,
      "peak_cum_r": 24.228540000000002,
      "profit_factor": 2.4375,
      "rolling_sharpe": 0.49928,
      "sum_downside_r_squared": 16,
      "sum_r_squared": 74.5,
      "total_decisions": 42,
      "total_pnl_usd": 230.748,
      "total_r": 23.0748,