{
  "agents": [
    {
      "active": true,
      "agent_id": "vol-breakout-v0",
      "expectancy_r": 0.7501206203468638,
      "gross_loss_r": 1335.0829281350452,
      "gross_win_r": 4053.5200562720897,
      "last_r": 0.9495091519286033,
      "losses": 1330,
      "max_drawdown_r": 5.374687353202262,
      "peak_cum_r": 2718.4371281370345,
      "profit_factor": 3.036156010124692,
      "rolling_sharpe": 0.5419460052346574,
      "sum_downside_r_squared": 1435.1962800773483,
      "sum_r_squared": 8980.099153345129,
      "total_decisions": 3624,
      "total_pnl_usd": 27184.371281370346,
      "total_r": 2718.4371281370345,
      "win_rate": 0.6330022075055187,
      "wins": 2294
    },
    {
      "active": true,
      "agent_id": "gen2-mut25-vol-breakout-v0",
      "expectancy_r": 0.7635950225911448,
      "gross_loss_r": 1157.6426732603986,
      "gross_win_r": 3464.46323650824,
      "last_r": 1.874053171293774,
      "losses": 1138,
      "max_drawdown_r": 5.507957176917216,
      "peak_cum_r": 2307.795694433927,
      "profit_factor": 2.992687913577757,
      "rolling_sharpe": 0.5411655018878188,
      "sum_downside_r_squared": 1239.4055694783808,
      "sum_r_squared": 7774.223469441321,
      "total_decisions": 3021,
      "total_pnl_usd": 23068.205632478686,
      "total_r": 2306.8205632478484,
      "win_rate": 0.6233035418735519,
      "wins": 1883
    },
    {
      "active": true,
      "agent_id": "vol-breakout-v1",
      "expectancy_r": 0.8691816998648313,
      "gross_loss_r": 774.0691686040504,
      "gross_win_r": 2767.971988093975,
      "last_r": 0.9419454920812876,
      "losses": 760,
      "max_drawdown_r": 5.49720477623714,
      "peak_cum_r": 1993.9028194899229,
      "profit_factor": 3.5758716408841233,
      "rolling_sharpe": 0.6355477203251936,
      "sum_downside_r_squared": 835.3338530548199,
      "sum_r_squared": 6021.7954836527115,
      "total_decisions": 2294,
      "total_pnl_usd": 19939.02819489929,
      "total_r": 1993.9028194899229,
      "win_rate": 0.6687009590235397,
      "wins": 1534
    },
    {
      "active": true,
      "agent_id": "gen8-mut106-liq-trend-v1",
      "expectancy_r": 0.17913783133738218,
      "gross_loss_r": 17.13778818173334,
      "gross_win_r": 24.303301435228622,
      "last_r": -1.0578151640546016,
      "losses": 20,
      "max_drawdown_r": 8.459410640376621,
      "peak_cum_r": 11.481274172409924,
      "profit_factor": 1.418111904378232,
      "rolling_sharpe": 0.14884928550255452,
      "sum_downside_r_squared": 17.378123492642768,
      "sum_r_squared": 57.77025198908811,
      "total_decisions": 40,
      "total_pnl_usd": 71.65513253495286,
      "total_r": 7.165513253495287,
      "win_rate": 0.5,
      "wins": 20
    },
    {
      "active": true,
      "agent_id": "gen31-mut40-liq-fade-v0",
      "expectancy_r": 0.18297121513098635,
      "gross_loss_r": 12.968555825523156,
      "gross_win_r": 19.921462000500632,
      "last_r": -1.160831620355443,
      "losses": 17,
      "max_drawdown_r": 8.02040477993566,
      "peak_cum_r": 9.26253915118954,
      "profit_factor": 1.5361357323452778,
      "rolling_sharpe": 0.17768505655197506,
      "sum_downside_r_squared": 12.848010606994494,
      "sum_r_squared": 40.50644107489358,
      "total_decisions": 38,
      "total_pnl_usd": 69.52906174977483,
      "total_r": 6.952906174977482,
      "win_rate": 0.5526315789473685,
      "wins": 21
    },
    {
      "active": true,
      "agent_id": "gen532-mut382-liq-trend-v1",
      "expectancy_r": 0.01051431498248906,
      "gross_loss_r": 1.952171555789878,
      "gross_win_r": 2.0152574456848122,
      "last_r": -0.5837028135893046,
      "losses": 4,
      "max_drawdown_r": 1.227695460065508,
      "peak_cum_r": 0.7875619856193045,
      "profit_factor": 1.0323157509942351,
      "rolling_sharpe": 0.01019881404244406,
      "sum_downside_r_squared": 1.8669899356181612,
      "sum_r_squared": 5.314798810486776,
      "total_decisions": 6,
      "total_pnl_usd": 0.6308588989493442,
      "total_r": 0.06308588989493435,
      "win_rate": 0.3333333333333333,
      "wins": 2
    },
    {
      "active": true,
      "agent_id": "funding-trend-v0",
      "expectancy_r": 0.4297,
      "gross_loss_r": 13,
      "gross_win_r": 24,
      "last_r": 1,
      "losses": 13,
      "max_drawdown_r": 3,
      "peak_cum_r": 13.084365000000002,
      "profit_factor": 1.8461538461538463,
      "rolling_sharpe": 0.37564000000000003,
      "sum_downside_r_squared": 13,
      "sum_r_squared": 49,
      "total_decisions": 29,
      "total_pnl_usd": 124.61300000000001,
      "total_r": 12.461300000000001,
      "win_rate": 0.5517241379310345,
      "wins": 16,
      "is_warmup": true
    },
    {
      "active": true,
      "agent_id": "funding-arb-v0",
      "expectancy_r": 0.3025,
      "gross_loss_r": 10,
      "gross_win_r": 16.5,
      "last_r": 1,
      "losses": 10,
      "max_drawdown_r": 3,
      "peak_cum_r": 6.6701250000000005,
      "profit_factor": 1.65,
      "rolling_sharpe": 0.28300000000000003,
      "sum_downside_r_squared": 10,
      "sum_r_squared": 34.75,
      "total_decisions": 21,
      "total_pnl_usd": 63.525,
      "total_r": 6.3525,
      "win_rate": 0.5238095238095238,
      "wins": 11,
      "is_warmup": true
    },
    {
      "active": true,
      "agent_id": "polyedge-v0",
      "expectancy_r": 0.5931000000000001,
      "gross_loss_r": 19,
      "gross_win_r": 52.5,
      "last_r": 1,
      "losses": 19,
      "max_drawdown_r": 3,
      "peak_cum_r": 33.62877000000001,
      "profit_factor": 2.763157894736842,
      "rolling_sharpe": 0.55172,
      "sum_downside_r_squared": 19,
      "sum_r_squared": 97.75,
      "total_decisions": 54,
      "total_pnl_usd": 320.27400000000006,
      "total_r": 32.02740000000001,
      "win_rate": 0.6481481481481481,
      "wins": 35,
      "is_warmup": true
    },
    {
      "active": true,
      "agent_id": "gen532-mut377-liq-trend-v1",
      "expectancy_r": 0.4894,
      "gross_loss_r": 18,
      "gross_win_r": 36,
      "last_r": 1,
      "losses": 18,
      "max_drawdown_r": 3,
      "peak_cum_r": 21.58254,
      "profit_factor": 2,
      "rolling_sharpe": 0.40728,
      "sum_downside_r_squared": 18,
      "sum_r_squared": 72,
      "total_decisions": 42,
      "total_pnl_usd": 205.548,
      "total_r": 20.5548,
      "win_rate": 0.5714285714285714,
      "wins": 24,
      "is_warmup": true
    },
    {
      "active": true,
      "agent_id": "gen532-mut378-liq-fade-v0",
      "expectancy_r": 0.39330000000000004,
      "gross_loss_r": 17,
      "gross_win_r": 30,
      "last_r": 1,
      "losses": 17,
      "max_drawdown_r": 3,
      "peak_cum_r": 15.279705000000002,
      "profit_factor": 1.7647058823529411,
      "rolling_sharpe": 0.35196,
      "sum_downside_r_squared": 17,
      "sum_r_squared": 62,
      "total_decisions": 37,
      "total_pnl_usd": 145.52100000000002,
      "total_r": 14.552100000000001,
      "win_rate": 0.5405405405405406,
      "wins": 20,
      "is_warmup": true
    },
    {
      "active": true,
      "agent_id": "gen532-mut379-funding-trend-v1",
      "expectancy_r": 0.4537,
      "gross_loss_r": 14,
      "gross_win_r": 30,
      "last_r": 1,
      "losses": 14,
      "max_drawdown_r": 3,
      "peak_cum_r": 16.19709,
      "profit_factor": 2.142857142857143,
      "rolling_sharpe": 0.40444,
      "sum_downside_r_squared": 14,
      "sum_r_squared": 59,
      "total_decisions": 34,
      "total_pnl_usd": 154.25799999999998,
      "total_r": 15.425799999999999,
      "win_rate": 0.5882352941176471,
      "wins": 20,
      "is_warmup": true
    },
    {
      "active": true,
      "agent_id": "gen532-mut380-funding-arb-v1",
      "expectancy_r": 0.3833,
      "gross_loss_r": 15,
      "gross_win_r": 33,
      "last_r": 1,
      "losses": 15,
      "max_drawdown_r": 3,
      "peak_cum_r": 14.891205,
      "profit_factor": 2.2,
      "rolling_sharpe": 0.37996,
      "sum_downside_r_squared": 15,