{
  "agents": [
    {
      "active": true,
      "agent_id": "vol-breakout-v0",
      "expectancy_r": 0.7525627759350582,
      "gross_loss_r": 1966.3456927791829,
      "gross_win_r": 5994.061669583605,
      "last_r": 1.2960985150836615,
      "losses": 1951,
      "max_drawdown_r": 5.374687353202262,
      "peak_cum_r": 4027.715976804431,
      "profit_factor": 3.0483254758280838,
      "rolling_sharpe": 0.544302020136851,
      "sum_downside_r_squared": 2114.7840373789845,
      "sum_r_squared": 13260.282138455177,
      "total_decisions": 5352,
      "total_pnl_usd": 40277.15976804411,
      "total_r": 4027.715976804431,
      "win_rate": 0.6354633781763827,
      "wins": 3401
    },
    {
      "active": true,
      "agent_id": "gen2-mut25-vol-breakout-v0",
      "expectancy_r": 0.7658523030773112,
      "gross_loss_r": 1706.968718349906,
      "gross_win_r": 5130.328513105491,
      "last_r": 1.2960985150836615,
      "losses": 1678,
      "max_drawdown_r": 5.507957176917216,
      "peak_cum_r": 3423.980175365191,
      "profit_factor": 3.0055199359862206,
      "rolling_sharpe": 0.5433313444202859,
      "sum_downside_r_squared": 1827.4813368618982,
      "sum_r_squared": 11500.927503876632,
      "total_decisions": 4470,
      "total_pnl_usd": 34233.59794755637,
      "total_r": 3423.3597947555813,
      "win_rate": 0.6246085011185682,
      "wins": 2792
    },
    {
      "active": true,
      "agent_id": "vol-breakout-v1",
      "expectancy_r": 0.8703742379594368,
      "gross_loss_r": 1140.7335116270235,
      "gross_win_r": 4093.042926785427,
      "last_r": 1.8740438451273007,
      "losses": 1120,
      "max_drawdown_r": 5.49720477623714,
      "peak_cum_r": 2952.3094151584096,
      "profit_factor": 3.588079849558848,
      "rolling_sharpe": 0.6371942167936565,
      "sum_downside_r_squared": 1231.0183097649997,
      "sum_r_squared": 8896.59016917375,
      "total_decisions": 3392,
      "total_pnl_usd": 29523.094151584108,
      "total_r": 2952.3094151584096,
      "win_rate": 0.6698113207547169,
      "wins": 2272
    },
    {
      "active": true,
      "agent_id": "gen8-mut106-liq-trend-v1",
      "expectancy_r": 0.17913783133738218,
      "gross_loss_r": 17.13778818173334,
      "gross_win_r": 24.303301435228622,
      "last_r": -1.0578151640546016,
      "losses": 20,
      "max_drawdown_r": 8.459410640376621,
      "peak_cum_r": 11.481274172409924,
      "profit_factor": 1.418111904378232,
      "rolling_sharpe": 0.14884928550255452,
      "sum_downside_r_squared": 17.378123492642768,
      "sum_r_squared": 57.77025198908811,
      "total_decisions": 40,
      "total_pnl_usd": 71.65513253495286,
      "total_r": 7.165513253495287,
      "win_rate": 0.5,
      "wins": 20
    },
    {
      "active": true,
      "agent_id": "gen31-mut40-liq-fade-v0",
      "expectancy_r": 0.18297121513098635,
      "gross_loss_r": 12.968555825523156,
      "gross_win_r": 19.921462000500632,
      "last_r": -1.160831620355443,
      "losses": 17,
      "max_drawdown_r": 8.02040477993566,
      "peak_cum_r": 9.26253915118954,
      "profit_factor": 1.5361357323452778,
      "rolling_sharpe": 0.17768505655197506,
      "sum_downside_r_squared": 12.848010606994494,
      "sum_r_squared": 40.50644107489358,
      "total_decisions": 38,
      "total_pnl_usd": 69.52906174977483,
      "total_r": 6.952906174977482,
      "win_rate": 0.5526315789473685,
      "wins": 21
    },
    {
      "active": true,
      "agent_id": "funding-trend-v0",
      "expectancy_r": 0.4297,
      "gross_loss_r": 13,
      "gross_win_r": 24,
      "last_r": 1,
      "losses": 13,
      "max_drawdown_r": 3,
      "peak_cum_r": 13.084365000000002,
      "profit_factor": 1.8461538461538463,
      "rolling_sharpe": 0.37564000000000003,
      "sum_downside_r_squared": 13,
      "sum_r_squared": 49,
      "total_decisions": 29,
      "total_pnl_usd": 124.61300000000001,
      "total_r": 12.461300000000001,
      "win_rate": 0.5517241379310345,
      "wins": 16,
      "is_warmup": true
    },
    {
      "active": true,
      "agent_id": "funding-arb-v0",
      "expectancy_r": 0.3025,
      "gross_loss_r": 10,
      "gross_win_r": 16.5,
      "last_r": 1,
      "losses": 10,
      "max_drawdown_r": 3,
      "peak_cum_r": 6.6701250000000005,
      "profit_factor": 1.65,
      "rolling_sharpe": 0.28300000000000003,
      "sum_downside_r_squared": 10,
      "sum_r_squared": 34.75,
      "total_decisions": 21,
      "total_pnl_usd": 63.525,
      "total_r": 6.3525,
      "win_rate": 0.5238095238095238,
      "wins": 11,
      "is_warmup": true
    },
    {
      "active": true,
      "agent_id": "polyedge-v0",
      "expectancy_r": 0.5931000000000001,
      "gross_loss_r": 19,
      "gross_win_r": 52.5,
      "last_r": 1,
      "losses": 19,
      "max_drawdown_r": 3,
      "peak_cum_r": 33.62877000000001,
      "profit_factor": 2.763157894736842,
      "rolling_sharpe": 0.55172,
      "sum_downside_r_squared": 19,
      "sum_r_squared": 97.75,
      "total_decisions": 54,
      "total_pnl_usd": 320.27400000000006,
      "total_r": 32.02740000000001,
      "win_rate": 0.6481481481481481,
      "wins": 35,
      "is_warmup": true
    },
    {
      "active": true,
      "agent_id": "gen784-mut377-liq-trend-v1",
      "expectancy_r": 0.4753,
      "gross_loss_r": 17,
      "gross_win_r": 31.5,
      "last_r": 1,
      "losses": 17,
      "max_drawdown_r": 3,
      "peak_cum_r": 18.96447,
      "profit_factor": 1.8529411764705883,
      "rolling_sharpe": 0.39036,
      "sum_downside_r_squared": 17,
      "sum_r_squared": 64.25,
      "total_decisions": 38,
      "total_pnl_usd": 180.61399999999998,
      "total_r": 18.0614,
      "win_rate": 0.5526315789473685,
      "wins": 21,
      "is_warmup": true
    },
    {
      "active": true,
      "agent_id": "gen784-mut378-liq-fade-v0",
      "expectancy_r": 0.36600000000000005,
      "gross_loss_r": 14,
      "gross_win_r": 24,
      "last_r": 1,
      "losses": 14,
      "max_drawdown_r": 3,
      "peak_cum_r": 11.529000000000003,
      "profit_factor": 1.7142857142857142,
      "rolling_sharpe": 0.3192,
      "sum_downside_r_squared": 14,
      "sum_r_squared": 50,
      "total_decisions": 30,
      "total_pnl_usd": 109.80000000000003,
      "total_r": 10.980000000000002,
      "win_rate": 0.5333333333333333,
      "wins": 16,
      "is_warmup": true
    },
    {
      "active": true,
      "agent_id": "gen784-mut379-funding-trend-v1",
      "expectancy_r": 0.441,
      "gross_loss_r": 14,
      "gross_win_r": 25.5,
      "last_r": 1,
      "losses": 14,
      "max_drawdown_r": 3,
      "peak_cum_r": 14.35455,
      "profit_factor": 1.8214285714285714,
      "rolling_sharpe": 0.38920000000000005,
      "sum_downside_r_squared": 14,
      "sum_r_squared": 52.25,
      "total_decisions": 31,
      "total_pnl_usd": 136.70999999999998,
      "total_r": 13.671,
      "win_rate": 0.5483870967741935,
      "wins": 17,
      "is_warmup": true
    },
    {
      "active": true,
      "agent_id": "gen784-mut380-funding-arb-v1",
      "expectancy_r": 0.38339999999999996,
      "gross_loss_r": 15,
      "gross_win_r": 33,
      "last_r": 1,
      "losses": 15,
      "max_drawdown_r": 3,
      "peak_cum_r": 14.89509,
      "profit_factor": 2.2,
      "rolling_sharpe": 0.38008000000000003,
      "sum_downside_r_squared": 15,
      "sum_r_squared": 64.5,
      "total_decisions": 37,
      "total_pnl_usd": 141.85799999999998,
      "total_r": 14.185799999999999,
      "win_rate": 0.5945945945945946,
      "wins": 22,
      "is_warmup": true
    },
    {
      "active": true,
      "agent_id": "gen784-mut381-polyedge-v1",
      "expectancy_r": 0.5247,
      "gross_loss_r": 15,
      "gross_win_r": 30,
      "last_r": 1,
      "losses": 15,
      "max_drawdown_r": 3,
      "peak_cum_r": 19.282725000000003,
      "profit_factor": 2,
      "rolling_sharpe": 0.46964,
      "sum_downside_r_squared": 15,
      "sum_r_squared": 60,
      "total_decisions": 35,