{
  "agents": [
    {
      "active": true,
      "agent_id": "vol-breakout-v0",
      "expectancy_r": 0.7505907680473387,
      "gross_loss_r": 1545.5039370133084,
      "gross_win_r": 4697.985162812135,
      "last_r": 1.8740156500036378,
      "losses": 1537,
      "max_drawdown_r": 5.374687353202262,
      "peak_cum_r": 3153.5162262610497,
      "profit_factor": 3.039775603477923,
      "rolling_sharpe": 0.542524533284028,
      "sum_downside_r_squared": 1661.725724792688,
      "sum_r_squared": 10403.585643075967,
      "total_decisions": 4200,
      "total_pnl_usd": 31524.812257988186,
      "total_r": 3152.4812257988224,
      "win_rate": 0.6340476190476191,
      "wins": 2663
    },
    {
      "active": true,
      "agent_id": "gen2-mut25-vol-breakout-v0",
      "expectancy_r": 0.7643032381196851,
      "gross_loss_r": 1340.7518897044843,
      "gross_win_r": 4018.870436075855,
      "last_r": 1.8740156500036378,
      "losses": 1318,
      "max_drawdown_r": 5.507957176917216,
      "peak_cum_r": 2679.824529819547,
      "profit_factor": 2.9974751234261965,
      "rolling_sharpe": 0.5419008942885157,
      "sum_downside_r_squared": 1435.4320001829374,
      "sum_r_squared": 9015.274282179209,
      "total_decisions": 3504,
      "total_pnl_usd": 26781.185463714122,
      "total_r": 2678.118546371377,
      "win_rate": 0.6238584474885844,
      "wins": 2186
    },
    {
      "active": true,
      "agent_id": "vol-breakout-v1",
      "expectancy_r": 0.8693573153187796,
      "gross_loss_r": 896.2906162783739,
      "gross_win_r": 3208.781075026327,
      "last_r": 1.8740156500036378,
      "losses": 880,
      "max_drawdown_r": 5.49720477623714,
      "peak_cum_r": 2312.814246466747,
      "profit_factor": 3.5800676887034704,
      "rolling_sharpe": 0.6359823453269395,
      "sum_downside_r_squared": 967.2286719582127,
      "sum_r_squared": 6978.875338509125,
      "total_decisions": 2660,
      "total_pnl_usd": 23124.904587479577,
      "total_r": 2312.4904587479537,
      "win_rate": 0.6691729323308271,
      "wins": 1780
    },
    {
      "active": true,
      "agent_id": "gen8-mut106-liq-trend-v1",
      "expectancy_r": 0.17913783133738218,
      "gross_loss_r": 17.13778818173334,
      "gross_win_r": 24.303301435228622,
      "last_r": -1.0578151640546016,
      "losses": 20,
      "max_drawdown_r": 8.459410640376621,
      "peak_cum_r": 11.481274172409924,
      "profit_factor": 1.418111904378232,
      "rolling_sharpe": 0.14884928550255452,
      "sum_downside_r_squared": 17.378123492642768,
      "sum_r_squared": 57.77025198908811,
      "total_decisions": 40,
      "total_pnl_usd": 71.65513253495286,
      "total_r": 7.165513253495287,
      "win_rate": 0.5,
      "wins": 20
    },
    {
      "active": true,
      "agent_id": "gen31-mut40-liq-fade-v0",
      "expectancy_r": 0.18297121513098635,
      "gross_loss_r": 12.968555825523156,
      "gross_win_r": 19.921462000500632,
      "last_r": -1.160831620355443,
      "losses": 17,
      "max_drawdown_r": 8.02040477993566,
      "peak_cum_r": 9.26253915118954,
      "profit_factor": 1.5361357323452778,
      "rolling_sharpe": 0.17768505655197506,
      "sum_downside_r_squared": 12.848010606994494,
      "sum_r_squared": 40.50644107489358,
      "total_decisions": 38,
      "total_pnl_usd": 69.52906174977483,
      "total_r": 6.952906174977482,
      "win_rate": 0.5526315789473685,
      "wins": 21
    },
    {
      "active": true,
      "agent_id": "funding-trend-v0",
      "expectancy_r": 0.4297,
      "gross_loss_r": 13,
      "gross_win_r": 24,
      "last_r": 1,
      "losses": 13,
      "max_drawdown_r": 3,
      "peak_cum_r": 13.084365000000002,
      "profit_factor": 1.8461538461538463,
      "rolling_sharpe": 0.37564000000000003,
      "sum_downside_r_squared": 13,
      "sum_r_squared": 49,
      "total_decisions": 29,
      "total_pnl_usd": 124.61300000000001,
      "total_r": 12.461300000000001,
      "win_rate": 0.5517241379310345,
      "wins": 16,
      "is_warmup": true
    },
    {
      "active": true,
      "agent_id": "funding-arb-v0",
      "expectancy_r": 0.3025,
      "gross_loss_r": 10,
      "gross_win_r": 16.5,
      "last_r": 1,
      "losses": 10,
      "max_drawdown_r": 3,
      "peak_cum_r": 6.6701250000000005,
      "profit_factor": 1.65,
      "rolling_sharpe": 0.28300000000000003,
      "sum_downside_r_squared": 10,
      "sum_r_squared": 34.75,
      "total_decisions": 21,
      "total_pnl_usd": 63.525,
      "total_r": 6.3525,
      "win_rate": 0.5238095238095238,
      "wins": 11,
      "is_warmup": true
    },
    {
      "active": true,
      "agent_id": "polyedge-v0",
      "expectancy_r": 0.5931000000000001,
      "gross_loss_r": 19,
      "gross_win_r": 52.5,
      "last_r": 1,
      "losses": 19,
      "max_drawdown_r": 3,
      "peak_cum_r": 33.62877000000001,
      "profit_factor": 2.763157894736842,
      "rolling_sharpe": 0.55172,
      "sum_downside_r_squared": 19,
      "sum_r_squared": 97.75,
      "total_decisions": 54,
      "total_pnl_usd": 320.27400000000006,
      "total_r": 32.02740000000001,
      "win_rate": 0.6481481481481481,
      "wins": 35,
      "is_warmup": true
    },
    {
      "active": true,
      "agent_id": "gen616-mut377-liq-trend-v1",
      "expectancy_r": 0.4745,
      "gross_loss_r": 16,
      "gross_win_r": 31.5,
      "last_r": 1,
      "losses": 16,
      "max_drawdown_r": 3,
      "peak_cum_r": 18.434325,
      "profit_factor": 1.96875,
      "rolling_sharpe": 0.38939999999999997,
      "sum_downside_r_squared": 16,
      "sum_r_squared": 63.25,
      "total_decisions": 37,
      "total_pnl_usd": 175.565,
      "total_r": 17.5565,
      "win_rate": 0.5675675675675675,
      "wins": 21,
      "is_warmup": true
    },
    {
      "active": true,
      "agent_id": "gen616-mut378-liq-fade-v0",
      "expectancy_r": 0.3644,
      "gross_loss_r": 14,
      "gross_win_r": 24,
      "last_r": 1,
      "losses": 14,
      "max_drawdown_r": 3,
      "peak_cum_r": 11.4786,
      "profit_factor": 1.7142857142857142,
      "rolling_sharpe": 0.31728,
      "sum_downside_r_squared": 14,
      "sum_r_squared": 50,
      "total_decisions": 30,
      "total_pnl_usd": 109.32000000000001,
      "total_r": 10.932,
      "win_rate": 0.5333333333333333,
      "wins": 16,
      "is_warmup": true
    },
    {
      "active": true,
      "agent_id": "gen616-mut379-funding-trend-v1",
      "expectancy_r": 0.449,
      "gross_loss_r": 14,
      "gross_win_r": 28.5,
      "last_r": 1,
      "losses": 14,
      "max_drawdown_r": 3,
      "peak_cum_r": 15.55785,
      "profit_factor": 2.0357142857142856,
      "rolling_sharpe": 0.39880000000000004,
      "sum_downside_r_squared": 14,
      "sum_r_squared": 56.75,
      "total_decisions": 33,
      "total_pnl_usd": 148.17000000000002,
      "total_r": 14.817,
      "win_rate": 0.5757575757575758,
      "wins": 19,
      "is_warmup": true
    },
    {
      "active": true,
      "agent_id": "gen616-mut380-funding-arb-v1",
      "expectancy_r": 0.3666,
      "gross_loss_r": 14,
      "gross_win_r": 28.5,
      "last_r": 1,
      "losses": 14,
      "max_drawdown_r": 3,
      "peak_cum_r": 12.70269,
      "profit_factor": 2.0357142857142856,
      "rolling_sharpe": 0.35992,
      "sum_downside_r_squared": 14,
      "sum_r_squared": 56.75,
      "total_decisions": 33,
      "total_pnl_usd": 120.978,
      "total_r": 12.0978,
      "win_rate": 0.5757575757575758,
      "wins": 19,
      "is_warmup": true
    },
    {
      "active": true,
      "agent_id": "gen616-mut381-polyedge-v1",
      "expectancy_r": 0.5599000000000001,
      "gross_loss_r": 17,
      "gross_win_r": 42,
      "last_r": 1,
      "losses": 17,
      "max_drawdown_r": 3,
      "peak_cum_r": 26.455275000000004,
      "profit_factor": 2.4705882352941178,
      "rolling_sharpe": 0.51188,
      "sum_downside_r_squared": 17,
      "sum_r_squared": 80,
      "total_decisions": 45,
      "total_pnl_usd": 251.95500000000004,