{
  "agents": [
    {
      "active": true,
      "agent_id": "vol-breakout-v1",
      "expectancy_r": 0.8787828089410503,
      "gross_loss_r": 529.8218579052493,
      "gross_win_r": 1934.9955694019925,
      "last_r": -0.1955846498459943,
      "losses": 521,
      "max_drawdown_r": 5.49720477623714,
      "peak_cum_r": 1405.3692961465856,
      "profit_factor": 3.6521625911251805,
      "rolling_sharpe": 0.6457441700834804,
      "sum_downside_r_squared": 571.5824686032897,
      "sum_r_squared": 4194.346234025794,
      "total_decisions": 1599,
      "total_pnl_usd": 14051.73711496745,
      "total_r": 1405.1737114967395,
      "win_rate": 0.6741713570981863,
      "wins": 1078
    },
    {
      "active": true,
      "agent_id": "vol-breakout-v0",
      "expectancy_r": 0.7631501641826887,
      "gross_loss_r": 914.5627518972831,
      "gross_win_r": 2834.6485649809415,
      "last_r": -0.1955846498459943,
      "losses": 904,
      "max_drawdown_r": 5.374687353202262,
      "peak_cum_r": 1920.6199216834164,
      "profit_factor": 3.099457701617951,
      "rolling_sharpe": 0.5536178870087237,
      "sum_downside_r_squared": 982.899823380468,
      "sum_r_squared": 6244.3219024538175,
      "total_decisions": 2516,
      "total_pnl_usd": 19200.85813083653,
      "total_r": 1920.0858130836446,
      "win_rate": 0.6406995230524642,
      "wins": 1612
    },
    {
      "active": true,
      "agent_id": "gen2-mut25-vol-breakout-v0",
      "expectancy_r": 0.7709079122274684,
      "gross_loss_r": 791.5809639406212,
      "gross_win_r": 2404.320316320482,
      "last_r": -0.1955846498459943,
      "losses": 779,
      "max_drawdown_r": 5.507957176917216,
      "peak_cum_r": 1612.9654542085643,
      "profit_factor": 3.037365002249899,
      "rolling_sharpe": 0.5481646769771861,
      "sum_downside_r_squared": 847.3051405823976,
      "sum_r_squared": 5378.858470709319,
      "total_decisions": 2092,
      "total_pnl_usd": 16127.393523798617,
      "total_r": 1612.7393523798637,
      "win_rate": 0.6276290630975143,
      "wins": 1313
    },
    {
      "active": true,
      "agent_id": "gen31-mut40-liq-fade-v0",
      "expectancy_r": 0.18297121513098635,
      "gross_loss_r": 12.968555825523156,
      "gross_win_r": 19.921462000500632,
      "last_r": -1.160831620355443,
      "losses": 17,
      "max_drawdown_r": 8.02040477993566,
      "peak_cum_r": 9.26253915118954,
      "profit_factor": 1.5361357323452778,
      "rolling_sharpe": 0.17768505655197506,
      "sum_downside_r_squared": 12.848010606994494,
      "sum_r_squared": 40.50644107489358,
      "total_decisions": 38,
      "total_pnl_usd": 69.52906174977483,
      "total_r": 6.952906174977482,
      "win_rate": 0.5526315789473685,
      "wins": 21
    },
    {
      "active": true,
      "agent_id": "gen8-mut106-liq-trend-v1",
      "expectancy_r": 0.17913783133738218,
      "gross_loss_r": 17.13778818173334,
      "gross_win_r": 24.303301435228622,
      "last_r": -1.0578151640546016,
      "losses": 20,
      "max_drawdown_r": 8.459410640376621,
      "peak_cum_r": 11.481274172409924,
      "profit_factor": 1.418111904378232,
      "rolling_sharpe": 0.14884928550255452,
      "sum_downside_r_squared": 17.378123492642768,
      "sum_r_squared": 57.77025198908811,
      "total_decisions": 40,
      "total_pnl_usd": 71.65513253495286,
      "total_r": 7.165513253495287,
      "win_rate": 0.5,
      "wins": 20
    },
    {
      "active": true,
      "agent_id": "funding-trend-v0",
      "expectancy_r": 0.4297,
      "gross_loss_r": 13,
      "gross_win_r": 24,
      "last_r": 1,
      "losses": 13,
      "max_drawdown_r": 3,
      "peak_cum_r": 13.084365000000002,
      "profit_factor": 1.8461538461538463,
      "rolling_sharpe": 0.37564000000000003,
      "sum_downside_r_squared": 13,
      "sum_r_squared": 49,
      "total_decisions": 29,
      "total_pnl_usd": 124.61300000000001,
      "total_r": 12.461300000000001,
      "win_rate": 0.5517241379310345,
      "wins": 16,
      "is_warmup": true
    },
    {
      "active": true,
      "agent_id": "funding-arb-v0",
      "expectancy_r": 0.3025,
      "gross_loss_r": 10,
      "gross_win_r": 16.5,
      "last_r": 1,
      "losses": 10,
      "max_drawdown_r": 3,
      "peak_cum_r": 6.6701250000000005,
      "profit_factor": 1.65,
      "rolling_sharpe": 0.28300000000000003,
      "sum_downside_r_squared": 10,
      "sum_r_squared": 34.75,
      "total_decisions": 21,
      "total_pnl_usd": 63.525,
      "total_r": 6.3525,
      "win_rate": 0.5238095238095238,
      "wins": 11,
      "is_warmup": true
    },
    {
      "active": true,
      "agent_id": "polyedge-v0",
      "expectancy_r": 0.5931000000000001,
      "gross_loss_r": 19,
      "gross_win_r": 52.5,
      "last_r": 1,
      "losses": 19,
      "max_drawdown_r": 3,
      "peak_cum_r": 33.62877000000001,
      "profit_factor": 2.763157894736842,
      "rolling_sharpe": 0.55172,
      "sum_downside_r_squared": 19,
      "sum_r_squared": 97.75,
      "total_decisions": 54,
      "total_pnl_usd": 320.27400000000006,
      "total_r": 32.02740000000001,
      "win_rate": 0.6481481481481481,
      "wins": 35,
      "is_warmup": true
    },
    {
      "active": true,
      "agent_id": "gen364-mut378-liq-fade-v0",
      "expectancy_r": 0.4358,
      "gross_loss_r": 19,
      "gross_win_r": 43.5,
      "last_r": 1,
      "losses": 19,
      "max_drawdown_r": 3,
      "peak_cum_r": 21.964320000000004,
      "profit_factor": 2.289473684210526,
      "rolling_sharpe": 0.40296,
      "sum_downside_r_squared": 19,
      "sum_r_squared": 84.25,
      "total_decisions": 48,
      "total_pnl_usd": 209.18400000000003,
      "total_r": 20.918400000000002,
      "win_rate": 0.6041666666666666,
      "wins": 29,
      "is_warmup": true
    },
    {
      "active": true,
      "agent_id": "gen364-mut379-funding-trend-v1",
      "expectancy_r": 0.454,
      "gross_loss_r": 14,
      "gross_win_r": 30,
      "last_r": 1,
      "losses": 14,
      "max_drawdown_r": 3,
      "peak_cum_r": 16.2078,
      "profit_factor": 2.142857142857143,
      "rolling_sharpe": 0.40480000000000005,
      "sum_downside_r_squared": 14,
      "sum_r_squared": 59,
      "total_decisions": 34,
      "total_pnl_usd": 154.36,
      "total_r": 15.436,
      "win_rate": 0.5882352941176471,
      "wins": 20,
      "is_warmup": true
    },
    {
      "active": true,
      "agent_id": "gen364-mut380-funding-arb-v1",
      "expectancy_r": 0.3096,
      "gross_loss_r": 11,
      "gross_win_r": 16.5,
      "last_r": 1,
      "losses": 11,
      "max_drawdown_r": 3,
      "peak_cum_r": 7.1517599999999995,
      "profit_factor": 1.5,
      "rolling_sharpe": 0.29152,
      "sum_downside_r_squared": 11,
      "sum_r_squared": 35.75,
      "total_decisions": 22,
      "total_pnl_usd": 68.112,
      "total_r": 6.8111999999999995,
      "win_rate": 0.5,
      "wins": 11,
      "is_warmup": true
    },
    {
      "active": true,
      "agent_id": "gen364-mut381-polyedge-v1",
      "expectancy_r": 0.5745,
      "gross_loss_r": 18,
      "gross_win_r": 46.5,
      "last_r": 1,
      "losses": 18,
      "max_drawdown_r": 3,
      "peak_cum_r": 29.558025,
      "profit_factor": 2.5833333333333335,
      "rolling_sharpe": 0.5294,
      "sum_downside_r_squared": 18,
      "sum_r_squared": 87.75,
      "total_decisions": 49,
      "total_pnl_usd": 281.505,
      "total_r": 28.1505,
      "win_rate": 0.6326530612244898,
      "wins": 31,
      "is_warmup": true
    },
    {
      "active": true,
      "agent_id": "gen364-mut383-liq-fade-v0",
      "expectancy_r": 0.41440000000000005,
      "gross_loss_r": 18,
      "gross_win_r": 37.5,
      "last_r": 1,
      "losses": 18,
      "max_drawdown_r": 3,
      "peak_cum_r": 18.710160000000002,
      "profit_factor": 2.0833333333333335,
      "rolling_sharpe": 0.37728,
      "sum_downside_r_squared": 18,
      "sum_r_squared": 74.25,
      "total_decisions": 43,
      "total_pnl_usd": 178.192,