{
  "agents": [
    {
      "active": true,
      "agent_id": "vol-breakout-v0",
      "expectancy_r": 0.7427784974701739,
      "gross_loss_r": 422.41746989034567,
      "gross_win_r": 1269.1849570063432,
      "last_r": -0.04037954003785518,
      "losses": 425,
      "max_drawdown_r": 5.3746873532020345,
      "peak_cum_r": 850.8692815555947,
      "profit_factor": 3.004574970196682,
      "rolling_sharpe": 0.5353435788482083,
      "sum_downside_r_squared": 453.41194009226257,
      "sum_r_squared": 2821.65036971693,
      "total_decisions": 1140,
      "total_pnl_usd": 8467.674871159983,
      "total_r": 846.7674871159983,
      "win_rate": 0.6271929824561403,
      "wins": 715
    },
    {
      "active": true,
      "agent_id": "gen2-mut25-vol-breakout-v0",
      "expectancy_r": 0.7530266200875527,
      "gross_loss_r": 364.15261629583205,
      "gross_win_r": 1071.9976391781315,
      "last_r": -1.1071851753629072,
      "losses": 358,
      "max_drawdown_r": 5.507957176917159,
      "peak_cum_r": 711.6379974821901,
      "profit_factor": 2.9438141900022954,
      "rolling_sharpe": 0.5321078018423339,
      "sum_downside_r_squared": 389.92069322193703,
      "sum_r_squared": 2413.585291580391,
      "total_decisions": 940,
      "total_pnl_usd": 7078.450228822972,
      "total_r": 707.8450228822995,
      "win_rate": 0.6191489361702127,
      "wins": 582
    },
    {
      "active": true,
      "agent_id": "vol-breakout-v1",
      "expectancy_r": 0.8657249770852213,
      "gross_loss_r": 244.4428953486475,
      "gross_win_r": 867.7648788500067,
      "last_r": -0.21592707799313238,
      "losses": 240,
      "max_drawdown_r": 5.497204776236856,
      "peak_cum_r": 625.7303983316028,
      "profit_factor": 3.54996972856306,
      "rolling_sharpe": 0.6313038309936123,
      "sum_downside_r_squared": 263.7896378067855,
      "sum_r_squared": 1891.7351331482703,
      "total_decisions": 720,
      "total_pnl_usd": 6233.21983501359,
      "total_r": 623.3219835013593,
      "win_rate": 0.6666666666666666,
      "wins": 480
    },
    {
      "active": true,
      "agent_id": "gen8-mut106-liq-trend-v1",
      "expectancy_r": 0.17913783133738218,
      "gross_loss_r": 17.13778818173334,
      "gross_win_r": 24.303301435228622,
      "last_r": -1.0578151640546016,
      "losses": 20,
      "max_drawdown_r": 8.459410640376621,
      "peak_cum_r": 11.481274172409924,
      "profit_factor": 1.418111904378232,
      "rolling_sharpe": 0.14884928550255452,
      "sum_downside_r_squared": 17.378123492642768,
      "sum_r_squared": 57.77025198908811,
      "total_decisions": 40,
      "total_pnl_usd": 71.65513253495286,
      "total_r": 7.165513253495287,
      "win_rate": 0.5,
      "wins": 20
    },
    {
      "active": true,
      "agent_id": "gen31-mut40-liq-fade-v0",
      "expectancy_r": 0.18297121513098635,
      "gross_loss_r": 12.968555825523156,
      "gross_win_r": 19.921462000500632,
      "last_r": -1.160831620355443,
      "losses": 17,
      "max_drawdown_r": 8.02040477993566,
      "peak_cum_r": 9.26253915118954,
      "profit_factor": 1.5361357323452778,
      "rolling_sharpe": 0.17768505655197506,
      "sum_downside_r_squared": 12.848010606994494,
      "sum_r_squared": 40.50644107489358,
      "total_decisions": 38,
      "total_pnl_usd": 69.52906174977483,
      "total_r": 6.952906174977482,
      "win_rate": 0.5526315789473685,
      "wins": 21
    },
    {
      "active": true,
      "agent_id": "gen168-mut382-liq-trend-v1",
      "expectancy_r": 0.0921882701040989,
      "gross_loss_r": 1.4806528067262126,
      "gross_win_r": 1.849405887142608,
      "last_r": -0.21257780662284936,
      "losses": 3,
      "max_drawdown_r": 1.4806528067262124,
      "peak_cum_r": 1.849405887142608,
      "profit_factor": 1.2490476354356999,
      "rolling_sharpe": 0.07183843209660595,
      "sum_downside_r_squared": 1.554055973787709,
      "sum_r_squared": 4.974358109185446,
      "total_decisions": 4,
      "total_pnl_usd": 3.687530804163955,
      "total_r": 0.3687530804163956,
      "win_rate": 0.25,
      "wins": 1
    },
    {
      "active": true,
      "agent_id": "funding-trend-v0",
      "expectancy_r": 0.4297,
      "gross_loss_r": 13,
      "gross_win_r": 24,
      "last_r": 1,
      "losses": 13,
      "max_drawdown_r": 3,
      "peak_cum_r": 13.084365000000002,
      "profit_factor": 1.8461538461538463,
      "rolling_sharpe": 0.37564000000000003,
      "sum_downside_r_squared": 13,
      "sum_r_squared": 49,
      "total_decisions": 29,
      "total_pnl_usd": 124.61300000000001,
      "total_r": 12.461300000000001,
      "win_rate": 0.5517241379310345,
      "wins": 16,
      "is_warmup": true
    },
    {
      "active": true,
      "agent_id": "funding-arb-v0",
      "expectancy_r": 0.3025,
      "gross_loss_r": 10,
      "gross_win_r": 16.5,
      "last_r": 1,
      "losses": 10,
      "max_drawdown_r": 3,
      "peak_cum_r": 6.6701250000000005,
      "profit_factor": 1.65,
      "rolling_sharpe": 0.28300000000000003,
      "sum_downside_r_squared": 10,
      "sum_r_squared": 34.75,
      "total_decisions": 21,
      "total_pnl_usd": 63.525,
      "total_r": 6.3525,
      "win_rate": 0.5238095238095238,
      "wins": 11,
      "is_warmup": true
    },
    {
      "active": true,
      "agent_id": "polyedge-v0",
      "expectancy_r": 0.5931000000000001,
      "gross_loss_r": 19,
      "gross_win_r": 52.5,
      "last_r": 1,
      "losses": 19,
      "max_drawdown_r": 3,
      "peak_cum_r": 33.62877000000001,
      "profit_factor": 2.763157894736842,
      "rolling_sharpe": 0.55172,
      "sum_downside_r_squared": 19,
      "sum_r_squared": 97.75,
      "total_decisions": 54,
      "total_pnl_usd": 320.27400000000006,
      "total_r": 32.02740000000001,
      "win_rate": 0.6481481481481481,
      "wins": 35,
      "is_warmup": true
    },
    {
      "active": true,
      "agent_id": "gen168-mut377-liq-trend-v1",
      "expectancy_r": 0.5353,
      "gross_loss_r": 22,
      "gross_win_r": 51,
      "last_r": 1,
      "losses": 22,
      "max_drawdown_r": 3,
      "peak_cum_r": 31.475640000000002,
      "profit_factor": 2.3181818181818183,
      "rolling_sharpe": 0.46236,
      "sum_downside_r_squared": 22,
      "sum_r_squared": 98.5,
      "total_decisions": 56,
      "total_pnl_usd": 299.76800000000003,
      "total_r": 29.9768,
      "win_rate": 0.6071428571428571,
      "wins": 34,
      "is_warmup": true
    },
    {
      "active": true,
      "agent_id": "gen168-mut378-liq-fade-v0",
      "expectancy_r": 0.41400000000000003,
      "gross_loss_r": 18,
      "gross_win_r": 37.5,
      "last_r": 1,
      "losses": 18,
      "max_drawdown_r": 3,
      "peak_cum_r": 18.692100000000003,
      "profit_factor": 2.0833333333333335,
      "rolling_sharpe": 0.37679999999999997,
      "sum_downside_r_squared": 18,
      "sum_r_squared": 74.25,
      "total_decisions": 43,
      "total_pnl_usd": 178.02000000000004,
      "total_r": 17.802000000000003,
      "win_rate": 0.5813953488372093,
      "wins": 25,
      "is_warmup": true
    },
    {
      "active": true,
      "agent_id": "gen168-mut379-funding-trend-v1",
      "expectancy_r": 0.4818,
      "gross_loss_r": 16,
      "gross_win_r": 36,
      "last_r": 1,
      "losses": 16,
      "max_drawdown_r": 3,
      "peak_cum_r": 20.235599999999998,
      "profit_factor": 2.25,
      "rolling_sharpe": 0.43816,
      "sum_downside_r_squared": 16,
      "sum_r_squared": 70,
      "total_decisions": 40,
      "total_pnl_usd": 192.71999999999997,
      "total_r": 19.272,
      "win_rate": 0.6,
      "wins": 24,
      "is_warmup": true
    },
    {
      "active": true,
      "agent_id": "gen168-mut380-funding-arb-v1",
      "expectancy_r": 0.3706,
      "gross_loss_r": 15,
      "gross_win_r": 28.5,
      "last_r": 1,
      "losses": 15,
      "max_drawdown_r": 3,
      "peak_cum_r": 13.230419999999999,
      "profit_factor": 1.9,
      "rolling_sharpe": 0.36472000000000004,