{
  "agents": [
    {
      "active": true,
      "agent_id": "vol-breakout-v1",
      "expectancy_r": 0.8507373909826803,
      "gross_loss_r": 44.110155944576924,
      "gross_win_r": 153.00454199036002,
      "last_r": 1.8463681223651869,
      "losses": 43,
      "max_drawdown_r": 5.497204776236835,
      "peak_cum_r": 108.89438604578308,
      "profit_factor": 3.4686919307790616,
      "rolling_sharpe": 0.617376146926905,
      "sum_downside_r_squared": 47.7505208189035,
      "sum_r_squared": 333.79485965937056,
      "total_decisions": 128,
      "total_pnl_usd": 1088.943860457831,
      "total_r": 108.89438604578308,
      "win_rate": 0.6640625,
      "wins": 85
    },
    {
      "active": true,
      "agent_id": "vol-breakout-v0",
      "expectancy_r": 0.7868860498563867,
      "gross_loss_r": 71.28103557685549,
      "gross_win_r": 227.87135949827618,
      "last_r": 0.9358772094418434,
      "losses": 70,
      "max_drawdown_r": 5.04549615505735,
      "peak_cum_r": 156.59032392142095,
      "profit_factor": 3.196802033727251,
      "rolling_sharpe": 0.5707038362241393,
      "sum_downside_r_squared": 76.81106269398822,
      "sum_r_squared": 499.63406831781606,
      "total_decisions": 199,
      "total_pnl_usd": 1565.9032392142085,
      "total_r": 156.59032392142095,
      "win_rate": 0.6482412060301508,
      "wins": 129
    },
    {
      "active": true,
      "agent_id": "gen2-mut25-vol-breakout-v0",
      "expectancy_r": 0.7156414920484838,
      "gross_loss_r": 60.32167892862992,
      "gross_win_r": 169.81482721204793,
      "last_r": 0.9358772094418434,
      "losses": 60,
      "max_drawdown_r": 5.5079571769171025,
      "peak_cum_r": 109.49314828341802,
      "profit_factor": 2.8151541904688315,
      "rolling_sharpe": 0.5050636642388434,
      "sum_downside_r_squared": 64.5217089229447,
      "sum_r_squared": 383.5282087977452,
      "total_decisions": 153,
      "total_pnl_usd": 1094.9314828341794,
      "total_r": 109.49314828341802,
      "win_rate": 0.6078431372549019,
      "wins": 93
    },
    {
      "active": true,
      "agent_id": "gen19-mut261-liq-fade-v0",
      "expectancy_r": 0.19216753296974842,
      "gross_loss_r": 5.838854126194359,
      "gross_win_r": 9.29786971964983,
      "last_r": -0.7065967073823134,
      "losses": 8,
      "max_drawdown_r": 3.5497876891067617,
      "peak_cum_r": 7.0088032825622335,
      "profit_factor": 1.5924134288502911,
      "rolling_sharpe": 0.18020744461821098,
      "sum_downside_r_squared": 5.641990359066757,
      "sum_r_squared": 19.996118816984637,
      "total_decisions": 18,
      "total_pnl_usd": 34.59015593455469,
      "total_r": 3.459015593455472,
      "win_rate": 0.5555555555555556,
      "wins": 10
    },
    {
      "active": true,
      "agent_id": "gen8-mut106-liq-trend-v1",
      "expectancy_r": 0.17913783133738218,
      "gross_loss_r": 17.13778818173334,
      "gross_win_r": 24.303301435228626,
      "last_r": -1.0578151640546016,
      "losses": 20,
      "max_drawdown_r": 8.459410640376621,
      "peak_cum_r": 11.481274172409925,
      "profit_factor": 1.418111904378232,
      "rolling_sharpe": 0.14884928550255452,
      "sum_downside_r_squared": 17.378123492642768,
      "sum_r_squared": 57.770251989088116,
      "total_decisions": 40,
      "total_pnl_usd": 71.65513253495286,
      "total_r": 7.165513253495287,
      "win_rate": 0.5,
      "wins": 20
    },
    {
      "active": true,
      "agent_id": "funding-trend-v0",
      "expectancy_r": 0.4297,
      "gross_loss_r": 13,
      "gross_win_r": 24,
      "last_r": 1,
      "losses": 13,
      "max_drawdown_r": 3,
      "peak_cum_r": 13.084365000000002,
      "profit_factor": 1.8461538461538463,
      "rolling_sharpe": 0.37564000000000003,
      "sum_downside_r_squared": 13,
      "sum_r_squared": 49,
      "total_decisions": 29,
      "total_pnl_usd": 124.61300000000001,
      "total_r": 12.461300000000001,
      "win_rate": 0.5517241379310345,
      "wins": 16,
      "is_warmup": true
    },
    {
      "active": true,
      "agent_id": "funding-arb-v0",
      "expectancy_r": 0.3025,
      "gross_loss_r": 10,
      "gross_win_r": 16.5,
      "last_r": 1,
      "losses": 10,
      "max_drawdown_r": 3,
      "peak_cum_r": 6.6701250000000005,
      "profit_factor": 1.65,
      "rolling_sharpe": 0.28300000000000003,
      "sum_downside_r_squared": 10,
      "sum_r_squared": 34.75,
      "total_decisions": 21,
      "total_pnl_usd": 63.525,
      "total_r": 6.3525,
      "win_rate": 0.5238095238095238,
      "wins": 11,
      "is_warmup": true
    },
    {
      "active": true,
      "agent_id": "polyedge-v0",
      "expectancy_r": 0.5931000000000001,
      "gross_loss_r": 19,
      "gross_win_r": 52.5,
      "last_r": 1,
      "losses": 19,
      "max_drawdown_r": 3,
      "peak_cum_r": 33.62877000000001,
      "profit_factor": 2.763157894736842,
      "rolling_sharpe": 0.55172,
      "sum_downside_r_squared": 19,
      "sum_r_squared": 97.75,
      "total_decisions": 54,
      "total_pnl_usd": 320.27400000000006,
      "total_r": 32.02740000000001,
      "win_rate": 0.6481481481481481,
      "wins": 35,
      "is_warmup": true
    },
    {
      "active": true,
      "agent_id": "gen29-mut394-liq-trend-v0",
      "expectancy_r": 0.4829,
      "gross_loss_r": 17,
      "gross_win_r": 34.5,
      "last_r": 1,
      "losses": 17,
      "max_drawdown_r": 3,
      "peak_cum_r": 20.2818,
      "profit_factor": 2.0294117647058822,
      "rolling_sharpe": 0.39948,
      "sum_downside_r_squared": 17,
      "sum_r_squared": 68.75,
      "total_decisions": 40,
      "total_pnl_usd": 193.16,
      "total_r": 19.316,
      "win_rate": 0.575,
      "wins": 23,
      "is_warmup": true
    },
    {
      "active": true,
      "agent_id": "gen29-mut395-liq-fade-v0",
      "expectancy_r": 0.3851,
      "gross_loss_r": 16,
      "gross_win_r": 28.5,
      "last_r": 1,
      "losses": 16,
      "max_drawdown_r": 3,
      "peak_cum_r": 14.152425000000001,
      "profit_factor": 1.78125,
      "rolling_sharpe": 0.34212,
      "sum_downside_r_squared": 16,
      "sum_r_squared": 58.75,
      "total_decisions": 35,
      "total_pnl_usd": 134.785,
      "total_r": 13.4785,
      "win_rate": 0.5428571428571428,
      "wins": 19,
      "is_warmup": true
    },
    {
      "active": true,
      "agent_id": "gen29-mut396-funding-trend-v1",
      "expectancy_r": 0.47050000000000003,
      "gross_loss_r": 16,
      "gross_win_r": 33,
      "last_r": 1,
      "losses": 16,
      "max_drawdown_r": 3,
      "peak_cum_r": 18.77295,
      "profit_factor": 2.0625,
      "rolling_sharpe": 0.42460000000000003,
      "sum_downside_r_squared": 16,
      "sum_r_squared": 65.5,
      "total_decisions": 38,
      "total_pnl_usd": 178.79000000000002,
      "total_r": 17.879,
      "win_rate": 0.5789473684210527,
      "wins": 22,
      "is_warmup": true
    },
    {
      "active": true,
      "agent_id": "gen29-mut397-funding-arb-v1",
      "expectancy_r": 0.388,
      "gross_loss_r": 16,
      "gross_win_r": 33,
      "last_r": 1,
      "losses": 16,
      "max_drawdown_r": 3,
      "peak_cum_r": 15.481200000000001,
      "profit_factor": 2.0625,
      "rolling_sharpe": 0.38560000000000005,
      "sum_downside_r_squared": 16,
      "sum_r_squared": 65.5,
      "total_decisions": 38,
      "total_pnl_usd": 147.44,
      "total_r": 14.744,
      "win_rate": 0.5789473684210527,
      "wins": 22,
      "is_warmup": true
    },
    {
      "active": true,
      "agent_id": "gen29-mut398-polyedge-v1",
      "expectancy_r": 0.5063000000000001,
      "gross_loss_r": 13,
      "gross_win_r": 25.5,
      "last_r": 1,
      "losses": 13,
      "max_drawdown_r": 3,
      "peak_cum_r": 15.948450000000003,
      "profit_factor": 1.9615384615384615,
      "rolling_sharpe": 0.44756,
      "sum_downside_r_squared": 13,
      "sum_r_squared": 51.25,
      "total_decisions": 30,
      "total_pnl_usd": 151.89000000000001,
      "total_r": 15.189000000000002,