{
  "agents": [
    {
      "active": true,
      "agent_id": "vol-breakout-v0",
      "expectancy_r": 0.7427994255003165,
      "gross_loss_r": 211.2233629398969,
      "gross_win_r": 634.6190354750772,
      "last_r": -1.1233056394602063,
      "losses": 212,
      "max_drawdown_r": 5.37468735320202,
      "peak_cum_r": 427.5221304652279,
      "profit_factor": 3.0044926216597383,
      "rolling_sharpe": 0.5351223510493344,
      "sum_downside_r_squared": 226.72770520480987,
      "sum_r_squared": 1410.8480163154509,
      "total_decisions": 570,
      "total_pnl_usd": 4233.956725351797,
      "total_r": 423.39567253518044,
      "win_rate": 0.6280701754385964,
      "wins": 358
    },
    {
      "active": true,
      "agent_id": "gen2-mut25-vol-breakout-v0",
      "expectancy_r": 0.7418617324635167,
      "gross_loss_r": 181.03510498725296,
      "gross_win_r": 524.5170871178613,
      "last_r": -1.1233056394602063,
      "losses": 178,
      "max_drawdown_r": 5.507957176917159,
      "peak_cum_r": 347.27578417354937,
      "profit_factor": 2.897322522915064,
      "rolling_sharpe": 0.5231865929334952,
      "sum_downside_r_squared": 193.87590842344983,
      "sum_r_squared": 1183.7284130308328,
      "total_decisions": 463,
      "total_pnl_usd": 3434.819821306081,
      "total_r": 343.48198213060823,
      "win_rate": 0.6155507559395248,
      "wins": 285
    },
    {
      "active": true,
      "agent_id": "vol-breakout-v1",
      "expectancy_r": 0.8657249770852211,
      "gross_loss_r": 122.22144767432374,
      "gross_win_r": 433.8824394250034,
      "last_r": -0.21592707799313238,
      "losses": 120,
      "max_drawdown_r": 5.497204776236856,
      "peak_cum_r": 314.0694065809232,
      "profit_factor": 3.549969728563061,
      "rolling_sharpe": 0.6308646630580318,
      "sum_downside_r_squared": 131.89481890339272,
      "sum_r_squared": 945.8675665741341,
      "total_decisions": 360,
      "total_pnl_usd": 3116.6099175067925,
      "total_r": 311.6609917506796,
      "win_rate": 0.6666666666666666,
      "wins": 240
    },
    {
      "active": true,
      "agent_id": "gen8-mut106-liq-trend-v1",
      "expectancy_r": 0.17913783133738218,
      "gross_loss_r": 17.13778818173334,
      "gross_win_r": 24.303301435228622,
      "last_r": -1.0578151640546016,
      "losses": 20,
      "max_drawdown_r": 8.459410640376621,
      "peak_cum_r": 11.481274172409924,
      "profit_factor": 1.418111904378232,
      "rolling_sharpe": 0.14884928550255452,
      "sum_downside_r_squared": 17.378123492642768,
      "sum_r_squared": 57.77025198908811,
      "total_decisions": 40,
      "total_pnl_usd": 71.65513253495286,
      "total_r": 7.165513253495287,
      "win_rate": 0.5,
      "wins": 20
    },
    {
      "active": true,
      "agent_id": "gen31-mut40-liq-fade-v0",
      "expectancy_r": 0.18297121513098635,
      "gross_loss_r": 12.968555825523156,
      "gross_win_r": 19.921462000500632,
      "last_r": -1.160831620355443,
      "losses": 17,
      "max_drawdown_r": 8.02040477993566,
      "peak_cum_r": 9.26253915118954,
      "profit_factor": 1.5361357323452778,
      "rolling_sharpe": 0.17768505655197506,
      "sum_downside_r_squared": 12.848010606994494,
      "sum_r_squared": 40.50644107489358,
      "total_decisions": 38,
      "total_pnl_usd": 69.52906174977483,
      "total_r": 6.952906174977482,
      "win_rate": 0.5526315789473685,
      "wins": 21
    },
    {
      "active": true,
      "agent_id": "gen84-mut382-liq-trend-v1",
      "expectancy_r": 0.08622925825399297,
      "gross_loss_r": 1.504488854126636,
      "gross_win_r": 1.849405887142608,
      "last_r": -0.03248042564967056,
      "losses": 3,
      "max_drawdown_r": 1.227695460065508,
      "peak_cum_r": 0.6217104270771001,
      "profit_factor": 1.2292586163532586,
      "rolling_sharpe": 0.06707155279076839,
      "sum_downside_r_squared": 1.5679799472498606,
      "sum_r_squared": 4.988282082647597,
      "total_decisions": 4,
      "total_pnl_usd": 3.449170330159719,
      "total_r": 0.3449170330159719,
      "win_rate": 0.25,
      "wins": 1
    },
    {
      "active": true,
      "agent_id": "funding-trend-v0",
      "expectancy_r": 0.4297,
      "gross_loss_r": 13,
      "gross_win_r": 24,
      "last_r": 1,
      "losses": 13,
      "max_drawdown_r": 3,
      "peak_cum_r": 13.084365000000002,
      "profit_factor": 1.8461538461538463,
      "rolling_sharpe": 0.37564000000000003,
      "sum_downside_r_squared": 13,
      "sum_r_squared": 49,
      "total_decisions": 29,
      "total_pnl_usd": 124.61300000000001,
      "total_r": 12.461300000000001,
      "win_rate": 0.5517241379310345,
      "wins": 16,
      "is_warmup": true
    },
    {
      "active": true,
      "agent_id": "funding-arb-v0",
      "expectancy_r": 0.3025,
      "gross_loss_r": 10,
      "gross_win_r": 16.5,
      "last_r": 1,
      "losses": 10,
      "max_drawdown_r": 3,
      "peak_cum_r": 6.6701250000000005,
      "profit_factor": 1.65,
      "rolling_sharpe": 0.28300000000000003,
      "sum_downside_r_squared": 10,
      "sum_r_squared": 34.75,
      "total_decisions": 21,
      "total_pnl_usd": 63.525,
      "total_r": 6.3525,
      "win_rate": 0.5238095238095238,
      "wins": 11,
      "is_warmup": true
    },
    {
      "active": true,
      "agent_id": "polyedge-v0",
      "expectancy_r": 0.5931000000000001,
      "gross_loss_r": 19,
      "gross_win_r": 52.5,
      "last_r": 1,
      "losses": 19,
      "max_drawdown_r": 3,
      "peak_cum_r": 33.62877000000001,
      "profit_factor": 2.763157894736842,
      "rolling_sharpe": 0.55172,
      "sum_downside_r_squared": 19,
      "sum_r_squared": 97.75,
      "total_decisions": 54,
      "total_pnl_usd": 320.27400000000006,
      "total_r": 32.02740000000001,
      "win_rate": 0.6481481481481481,
      "wins": 35,
      "is_warmup": true
    },
    {
      "active": true,
      "agent_id": "gen84-mut377-liq-trend-v1",
      "expectancy_r": 0.5478,
      "gross_loss_r": 22,
      "gross_win_r": 55.5,
      "last_r": 1,
      "losses": 22,
      "max_drawdown_r": 3,
      "peak_cum_r": 33.93621,
      "profit_factor": 2.522727272727273,
      "rolling_sharpe": 0.47736,
      "sum_downside_r_squared": 22,
      "sum_r_squared": 105.25,
      "total_decisions": 59,
      "total_pnl_usd": 323.202,
      "total_r": 32.3202,
      "win_rate": 0.6271186440677966,
      "wins": 37,
      "is_warmup": true
    },
    {
      "active": true,
      "agent_id": "gen84-mut378-liq-fade-v0",
      "expectancy_r": 0.3709,
      "gross_loss_r": 15,
      "gross_win_r": 24,
      "last_r": 1,
      "losses": 15,
      "max_drawdown_r": 3,
      "peak_cum_r": 12.072795,
      "profit_factor": 1.6,
      "rolling_sharpe": 0.32508,
      "sum_downside_r_squared": 15,
      "sum_r_squared": 51,
      "total_decisions": 31,
      "total_pnl_usd": 114.979,
      "total_r": 11.4979,
      "win_rate": 0.5161290322580645,
      "wins": 16,
      "is_warmup": true
    },
    {
      "active": true,
      "agent_id": "gen84-mut379-funding-trend-v1",
      "expectancy_r": 0.4025,
      "gross_loss_r": 11,
      "gross_win_r": 18,
      "last_r": 1,
      "losses": 11,
      "max_drawdown_r": 3,
      "peak_cum_r": 9.720375,
      "profit_factor": 1.6363636363636365,
      "rolling_sharpe": 0.343,
      "sum_downside_r_squared": 11,
      "sum_r_squared": 38,
      "total_decisions": 23,
      "total_pnl_usd": 92.575,
      "total_r": 9.2575,
      "win_rate": 0.5217391304347826,
      "wins": 12,
      "is_warmup": true
    },
    {
      "active": true,
      "agent_id": "gen84-mut380-funding-arb-v1",
      "expectancy_r": 0.37289999999999995,
      "gross_loss_r": 15,
      "gross_win_r": 30,
      "last_r": 1,
      "losses": 15,
      "max_drawdown_r": 3,
      "peak_cum_r": 13.704075,
      "profit_factor": 2,
      "rolling_sharpe": 0.36748000000000003,
      "sum_downside_r_squared": 15,
      "sum_r_squared": 60,
      "total_decisions": 35,