{
  "agents": [
    {
      "active": true,
      "agent_id": "vol-breakout-v0",
      "expectancy_r": 0.7432920249362633,
      "gross_loss_r": 773.786291809458,
      "gross_win_r": 2327.266623926253,
      "last_r": -0.07802488655973795,
      "losses": 777,
      "max_drawdown_r": 5.374687353202262,
      "peak_cum_r": 1557.1841403550175,
      "profit_factor": 3.00763485804855,
      "rolling_sharpe": 0.5359335664596387,
      "sum_downside_r_squared": 831.0733403486017,
      "sum_r_squared": 5172.925809363788,
      "total_decisions": 2090,
      "total_pnl_usd": 15534.803321167969,
      "total_r": 1553.4803321167904,
      "win_rate": 0.6282296650717704,
      "wins": 1313
    },
    {
      "active": true,
      "agent_id": "gen2-mut25-vol-breakout-v0",
      "expectancy_r": 0.7579952849998225,
      "gross_loss_r": 669.3434064705541,
      "gross_win_r": 1984.465225945245,
      "last_r": -1.1064661001648965,
      "losses": 658,
      "max_drawdown_r": 5.507957176917216,
      "peak_cum_r": 1318.913863397089,
      "profit_factor": 2.96479386628954,
      "rolling_sharpe": 0.5361011530350388,
      "sum_downside_r_squared": 716.6507454541488,
      "sum_r_squared": 4463.335500064386,
      "total_decisions": 1735,
      "total_pnl_usd": 13151.218194746898,
      "total_r": 1315.121819474692,
      "win_rate": 0.6207492795389049,
      "wins": 1077
    },
    {
      "active": true,
      "agent_id": "vol-breakout-v1",
      "expectancy_r": 0.8657249770852204,
      "gross_loss_r": 448.1453081391874,
      "gross_win_r": 1590.9022778916794,
      "last_r": -0.21592707799313238,
      "losses": 440,
      "max_drawdown_r": 5.49720477623714,
      "peak_cum_r": 1145.1653845827348,
      "profit_factor": 3.5499697285630587,
      "rolling_sharpe": 0.6315033518199926,
      "sum_downside_r_squared": 483.61433597910593,
      "sum_r_squared": 3468.1810774385017,
      "total_decisions": 1320,
      "total_pnl_usd": 11427.569697524934,
      "total_r": 1142.756969752491,
      "win_rate": 0.6666666666666666,
      "wins": 880
    },
    {
      "active": true,
      "agent_id": "gen8-mut106-liq-trend-v1",
      "expectancy_r": 0.17913783133738218,
      "gross_loss_r": 17.13778818173334,
      "gross_win_r": 24.303301435228622,
      "last_r": -1.0578151640546016,
      "losses": 20,
      "max_drawdown_r": 8.459410640376621,
      "peak_cum_r": 11.481274172409924,
      "profit_factor": 1.418111904378232,
      "rolling_sharpe": 0.14884928550255452,
      "sum_downside_r_squared": 17.378123492642768,
      "sum_r_squared": 57.77025198908811,
      "total_decisions": 40,
      "total_pnl_usd": 71.65513253495286,
      "total_r": 7.165513253495287,
      "win_rate": 0.5,
      "wins": 20
    },
    {
      "active": true,
      "agent_id": "gen31-mut40-liq-fade-v0",
      "expectancy_r": 0.18297121513098635,
      "gross_loss_r": 12.968555825523156,
      "gross_win_r": 19.921462000500632,
      "last_r": -1.160831620355443,
      "losses": 17,
      "max_drawdown_r": 8.02040477993566,
      "peak_cum_r": 9.26253915118954,
      "profit_factor": 1.5361357323452778,
      "rolling_sharpe": 0.17768505655197506,
      "sum_downside_r_squared": 12.848010606994494,
      "sum_r_squared": 40.50644107489358,
      "total_decisions": 38,
      "total_pnl_usd": 69.52906174977483,
      "total_r": 6.952906174977482,
      "win_rate": 0.5526315789473685,
      "wins": 21
    },
    {
      "active": true,
      "agent_id": "gen308-mut382-liq-trend-v1",
      "expectancy_r": 0.19619082170406194,
      "gross_loss_r": 1.2304941588685645,
      "gross_win_r": 2.0152574456848122,
      "last_r": 0.16585155854220432,
      "losses": 2,
      "max_drawdown_r": 1.2304941588685647,
      "peak_cum_r": 1.849405887142608,
      "profit_factor": 1.6377627079008934,
      "rolling_sharpe": 0.15508486369521002,
      "sum_downside_r_squared": 1.5072439753804492,
      "sum_r_squared": 4.955052850249064,
      "total_decisions": 4,
      "total_pnl_usd": 7.847632868162478,
      "total_r": 0.7847632868162477,
      "win_rate": 0.5,
      "wins": 2
    },
    {
      "active": true,
      "agent_id": "funding-trend-v0",
      "expectancy_r": 0.4297,
      "gross_loss_r": 13,
      "gross_win_r": 24,
      "last_r": 1,
      "losses": 13,
      "max_drawdown_r": 3,
      "peak_cum_r": 13.084365000000002,
      "profit_factor": 1.8461538461538463,
      "rolling_sharpe": 0.37564000000000003,
      "sum_downside_r_squared": 13,
      "sum_r_squared": 49,
      "total_decisions": 29,
      "total_pnl_usd": 124.61300000000001,
      "total_r": 12.461300000000001,
      "win_rate": 0.5517241379310345,
      "wins": 16,
      "is_warmup": true
    },
    {
      "active": true,
      "agent_id": "funding-arb-v0",
      "expectancy_r": 0.3025,
      "gross_loss_r": 10,
      "gross_win_r": 16.5,
      "last_r": 1,
      "losses": 10,
      "max_drawdown_r": 3,
      "peak_cum_r": 6.6701250000000005,
      "profit_factor": 1.65,
      "rolling_sharpe": 0.28300000000000003,
      "sum_downside_r_squared": 10,
      "sum_r_squared": 34.75,
      "total_decisions": 21,
      "total_pnl_usd": 63.525,
      "total_r": 6.3525,
      "win_rate": 0.5238095238095238,
      "wins": 11,
      "is_warmup": true
    },
    {
      "active": true,
      "agent_id": "polyedge-v0",
      "expectancy_r": 0.5931000000000001,
      "gross_loss_r": 19,
      "gross_win_r": 52.5,
      "last_r": 1,
      "losses": 19,
      "max_drawdown_r": 3,
      "peak_cum_r": 33.62877000000001,
      "profit_factor": 2.763157894736842,
      "rolling_sharpe": 0.55172,
      "sum_downside_r_squared": 19,
      "sum_r_squared": 97.75,
      "total_decisions": 54,
      "total_pnl_usd": 320.27400000000006,
      "total_r": 32.02740000000001,
      "win_rate": 0.6481481481481481,
      "wins": 35,
      "is_warmup": true
    },
    {
      "active": true,
      "agent_id": "gen308-mut377-liq-trend-v1",
      "expectancy_r": 0.5169,
      "gross_loss_r": 20,
      "gross_win_r": 45,
      "last_r": 1,
      "losses": 20,
      "max_drawdown_r": 3,
      "peak_cum_r": 27.137250000000005,
      "profit_factor": 2.25,
      "rolling_sharpe": 0.44028,
      "sum_downside_r_squared": 20,
      "sum_r_squared": 87.5,
      "total_decisions": 50,
      "total_pnl_usd": 258.45000000000005,
      "total_r": 25.845000000000002,
      "win_rate": 0.6,
      "wins": 30,
      "is_warmup": true
    },
    {
      "active": true,
      "agent_id": "gen308-mut378-liq-fade-v0",
      "expectancy_r": 0.4204,
      "gross_loss_r": 18,
      "gross_win_r": 39,
      "last_r": 1,
      "losses": 18,
      "max_drawdown_r": 3,
      "peak_cum_r": 19.42248,
      "profit_factor": 2.1666666666666665,
      "rolling_sharpe": 0.38448,
      "sum_downside_r_squared": 18,
      "sum_r_squared": 76.5,
      "total_decisions": 44,
      "total_pnl_usd": 184.976,
      "total_r": 18.4976,
      "win_rate": 0.5909090909090909,
      "wins": 26,
      "is_warmup": true
    },
    {
      "active": true,
      "agent_id": "gen308-mut379-funding-trend-v1",
      "expectancy_r": 0.4338,
      "gross_loss_r": 13,
      "gross_win_r": 24,
      "last_r": 1,
      "losses": 13,
      "max_drawdown_r": 3,
      "peak_cum_r": 13.209210000000002,
      "profit_factor": 1.8461538461538463,
      "rolling_sharpe": 0.38056,
      "sum_downside_r_squared": 13,
      "sum_r_squared": 49,
      "total_decisions": 29,
      "total_pnl_usd": 125.80200000000002,
      "total_r": 12.580200000000001,
      "win_rate": 0.5517241379310345,
      "wins": 16,
      "is_warmup": true
    },
    {
      "active": true,
      "agent_id": "gen308-mut380-funding-arb-v1",
      "expectancy_r": 0.3866,
      "gross_loss_r": 15,
      "gross_win_r": 33,
      "last_r": 1,
      "losses": 15,
      "max_drawdown_r": 3,
      "peak_cum_r": 15.01941,
      "profit_factor": 2.2,
      "rolling_sharpe": 0.38392000000000004,
      "sum_downside_r_squared": 15,