{
  "agents": [
    {
      "active": true,
      "agent_id": "vol-breakout-v0",
      "expectancy_r": 0.7488597294348314,
      "gross_loss_r": 1194.8012976483144,
      "gross_win_r": 3621.1068210171784,
      "last_r": 1.8741215485718654,
      "losses": 1192,
      "max_drawdown_r": 5.374687353202262,
      "peak_cum_r": 2426.3055233688538,
      "profit_factor": 3.030718855214232,
      "rolling_sharpe": 0.540811323259857,
      "sum_downside_r_squared": 1284.1745313922515,
      "sum_r_squared": 8027.373594576941,
      "total_decisions": 3240,
      "total_pnl_usd": 24263.055233688552,
      "total_r": 2426.3055233688538,
      "win_rate": 0.6320987654320988,
      "wins": 2048
    },
    {
      "active": true,
      "agent_id": "gen2-mut25-vol-breakout-v0",
      "expectancy_r": 0.7626144997555893,
      "gross_loss_r": 1035.5687996611937,
      "gross_win_r": 3093.865334501521,
      "last_r": 0.8475418030132896,
      "losses": 1018,
      "max_drawdown_r": 5.507957176917216,
      "peak_cum_r": 2059.6778951360156,
      "profit_factor": 2.987599989024137,
      "rolling_sharpe": 0.5402579214344244,
      "sum_downside_r_squared": 1108.7189323053665,
      "sum_r_squared": 6945.56937482699,
      "total_decisions": 2699,
      "total_pnl_usd": 20582.96534840345,
      "total_r": 2058.2965348403354,
      "win_rate": 0.6228232678769915,
      "wins": 1681
    },
    {
      "active": true,
      "agent_id": "vol-breakout-v1",
      "expectancy_r": 0.8685453452144362,
      "gross_loss_r": 692.5882034878348,
      "gross_win_r": 2473.1061611774317,
      "last_r": 0.8475418030132896,
      "losses": 680,
      "max_drawdown_r": 5.49720477623714,
      "peak_cum_r": 1780.5179576895941,
      "profit_factor": 3.5708176210957823,
      "rolling_sharpe": 0.6347816147106341,
      "sum_downside_r_squared": 747.4039737858914,
      "sum_r_squared": 5382.457710996017,
      "total_decisions": 2050,
      "total_pnl_usd": 17805.17957689601,
      "total_r": 1780.5179576895941,
      "win_rate": 0.6682926829268293,
      "wins": 1370
    },
    {
      "active": true,
      "agent_id": "gen8-mut106-liq-trend-v1",
      "expectancy_r": 0.17913783133738218,
      "gross_loss_r": 17.13778818173334,
      "gross_win_r": 24.303301435228622,
      "last_r": -1.0578151640546016,
      "losses": 20,
      "max_drawdown_r": 8.459410640376621,
      "peak_cum_r": 11.481274172409924,
      "profit_factor": 1.418111904378232,
      "rolling_sharpe": 0.14884928550255452,
      "sum_downside_r_squared": 17.378123492642768,
      "sum_r_squared": 57.77025198908811,
      "total_decisions": 40,
      "total_pnl_usd": 71.65513253495286,
      "total_r": 7.165513253495287,
      "win_rate": 0.5,
      "wins": 20
    },
    {
      "active": true,
      "agent_id": "gen31-mut40-liq-fade-v0",
      "expectancy_r": 0.18297121513098635,
      "gross_loss_r": 12.968555825523156,
      "gross_win_r": 19.921462000500632,
      "last_r": -1.160831620355443,
      "losses": 17,
      "max_drawdown_r": 8.02040477993566,
      "peak_cum_r": 9.26253915118954,
      "profit_factor": 1.5361357323452778,
      "rolling_sharpe": 0.17768505655197506,
      "sum_downside_r_squared": 12.848010606994494,
      "sum_r_squared": 40.50644107489358,
      "total_decisions": 38,
      "total_pnl_usd": 69.52906174977483,
      "total_r": 6.952906174977482,
      "win_rate": 0.5526315789473685,
      "wins": 21
    },
    {
      "active": true,
      "agent_id": "funding-trend-v0",
      "expectancy_r": 0.4297,
      "gross_loss_r": 13,
      "gross_win_r": 24,
      "last_r": 1,
      "losses": 13,
      "max_drawdown_r": 3,
      "peak_cum_r": 13.084365000000002,
      "profit_factor": 1.8461538461538463,
      "rolling_sharpe": 0.37564000000000003,
      "sum_downside_r_squared": 13,
      "sum_r_squared": 49,
      "total_decisions": 29,
      "total_pnl_usd": 124.61300000000001,
      "total_r": 12.461300000000001,
      "win_rate": 0.5517241379310345,
      "wins": 16,
      "is_warmup": true
    },
    {
      "active": true,
      "agent_id": "funding-arb-v0",
      "expectancy_r": 0.3025,
      "gross_loss_r": 10,
      "gross_win_r": 16.5,
      "last_r": 1,
      "losses": 10,
      "max_drawdown_r": 3,
      "peak_cum_r": 6.6701250000000005,
      "profit_factor": 1.65,
      "rolling_sharpe": 0.28300000000000003,
      "sum_downside_r_squared": 10,
      "sum_r_squared": 34.75,
      "total_decisions": 21,
      "total_pnl_usd": 63.525,
      "total_r": 6.3525,
      "win_rate": 0.5238095238095238,
      "wins": 11,
      "is_warmup": true
    },
    {
      "active": true,
      "agent_id": "polyedge-v0",
      "expectancy_r": 0.5931000000000001,
      "gross_loss_r": 19,
      "gross_win_r": 52.5,
      "last_r": 1,
      "losses": 19,
      "max_drawdown_r": 3,
      "peak_cum_r": 33.62877000000001,
      "profit_factor": 2.763157894736842,
      "rolling_sharpe": 0.55172,
      "sum_downside_r_squared": 19,
      "sum_r_squared": 97.75,
      "total_decisions": 54,
      "total_pnl_usd": 320.27400000000006,
      "total_r": 32.02740000000001,
      "win_rate": 0.6481481481481481,
      "wins": 35,
      "is_warmup": true
    },
    {
      "active": true,
      "agent_id": "gen476-mut377-liq-trend-v1",
      "expectancy_r": 0.5213,
      "gross_loss_r": 20,
      "gross_win_r": 46.5,
      "last_r": 1,
      "losses": 20,
      "max_drawdown_r": 3,
      "peak_cum_r": 27.915615,
      "profit_factor": 2.325,
      "rolling_sharpe": 0.44555999999999996,
      "sum_downside_r_squared": 20,
      "sum_r_squared": 89.75,
      "total_decisions": 51,
      "total_pnl_usd": 265.863,
      "total_r": 26.586299999999998,
      "win_rate": 0.6078431372549019,
      "wins": 31,
      "is_warmup": true
    },
    {
      "active": true,
      "agent_id": "gen476-mut378-liq-fade-v0",
      "expectancy_r": 0.41840000000000005,
      "gross_loss_r": 19,
      "gross_win_r": 37.5,
      "last_r": 1,
      "losses": 19,
      "max_drawdown_r": 3,
      "peak_cum_r": 19.330080000000002,
      "profit_factor": 1.9736842105263157,
      "rolling_sharpe": 0.38208,
      "sum_downside_r_squared": 19,
      "sum_r_squared": 75.25,
      "total_decisions": 44,
      "total_pnl_usd": 184.096,
      "total_r": 18.4096,
      "win_rate": 0.5681818181818182,
      "wins": 25,
      "is_warmup": true
    },
    {
      "active": true,
      "agent_id": "gen476-mut379-funding-trend-v1",
      "expectancy_r": 0.4502,
      "gross_loss_r": 14,
      "gross_win_r": 28.5,
      "last_r": 1,
      "losses": 14,
      "max_drawdown_r": 3,
      "peak_cum_r": 15.599430000000002,
      "profit_factor": 2.0357142857142856,
      "rolling_sharpe": 0.40024000000000004,
      "sum_downside_r_squared": 14,
      "sum_r_squared": 56.75,
      "total_decisions": 33,
      "total_pnl_usd": 148.566,
      "total_r": 14.8566,
      "win_rate": 0.5757575757575758,
      "wins": 19,
      "is_warmup": true
    },
    {
      "active": true,
      "agent_id": "gen476-mut380-funding-arb-v1",
      "expectancy_r": 0.39899999999999997,
      "gross_loss_r": 16,
      "gross_win_r": 36,
      "last_r": 1,
      "losses": 16,
      "max_drawdown_r": 3,
      "peak_cum_r": 16.758,
      "profit_factor": 2.25,
      "rolling_sharpe": 0.39880000000000004,
      "sum_downside_r_squared": 16,
      "sum_r_squared": 70,
      "total_decisions": 40,
      "total_pnl_usd": 159.6,
      "total_r": 15.959999999999999,
      "win_rate": 0.6,
      "wins": 24,
      "is_warmup": true
    },
    {
      "active": true,
      "agent_id": "gen476-mut381-polyedge-v1",
      "expectancy_r": 0.5555000000000001,
      "gross_loss_r": 17,
      "gross_win_r": 40.5,
      "last_r": 1,
      "losses": 17,
      "max_drawdown_r": 3,
      "peak_cum_r": 25.664100000000005,
      "profit_factor": 2.3823529411764706,
      "rolling_sharpe": 0.5066,
      "sum_downside_r_squared": 17,
      "sum_r_squared": 77.75,
      "total_decisions": 44,