{
  "agents": [
    {
      "active": true,
      "agent_id": "vol-breakout-v0",
      "expectancy_r": 0.7542429369040137,
      "gross_loss_r": 2317.0471559174102,
      "gross_win_r": 7078.582816592427,
      "last_r": 1.8740217817489142,
      "losses": 2296,
      "max_drawdown_r": 5.374687353202262,
      "peak_cum_r": 4761.535660675038,
      "profit_factor": 3.0550016207113995,
      "rolling_sharpe": 0.5457184738104691,
      "sum_downside_r_squared": 2492.3326312008962,
      "sum_r_squared": 15648.713372482624,
      "total_decisions": 6313,
      "total_pnl_usd": 47615.35660675001,
      "total_r": 4761.535660675038,
      "win_rate": 0.6363060351655314,
      "wins": 4017
    },
    {
      "active": true,
      "agent_id": "gen2-mut25-vol-breakout-v0",
      "expectancy_r": 0.7668801859035161,
      "gross_loss_r": 2012.1495658058805,
      "gross_win_r": 6058.209426632841,
      "last_r": 1.3988627568803929,
      "losses": 1978,
      "max_drawdown_r": 5.507957176917216,
      "peak_cum_r": 4046.059860826951,
      "profit_factor": 3.0108146678482544,
      "rolling_sharpe": 0.5442864370987434,
      "sum_downside_r_squared": 2154.189470349065,
      "sum_r_squared": 13574.670480193072,
      "total_decisions": 5276,
      "total_pnl_usd": 40460.59860827006,
      "total_r": 4046.059860826951,
      "win_rate": 0.6250947687642153,
      "wins": 3298
    },
    {
      "active": true,
      "agent_id": "vol-breakout-v1",
      "expectancy_r": 0.8711360799824573,
      "gross_loss_r": 1344.4359244175662,
      "gross_win_r": 4831.593652587328,
      "last_r": 1.8740217817489142,
      "losses": 1320,
      "max_drawdown_r": 5.49720477623714,
      "peak_cum_r": 3487.157728169777,
      "profit_factor": 3.593770119375872,
      "rolling_sharpe": 0.6380821799068906,
      "sum_downside_r_squared": 1450.843007937323,
      "sum_r_squared": 10497.050800041452,
      "total_decisions": 4003,
      "total_pnl_usd": 34871.57728169772,
      "total_r": 3487.157728169777,
      "win_rate": 0.6702473145141145,
      "wins": 2683
    },
    {
      "active": true,
      "agent_id": "gen8-mut106-liq-trend-v1",
      "expectancy_r": 0.17913783133738218,
      "gross_loss_r": 17.13778818173334,
      "gross_win_r": 24.303301435228622,
      "last_r": -1.0578151640546016,
      "losses": 20,
      "max_drawdown_r": 8.459410640376621,
      "peak_cum_r": 11.481274172409924,
      "profit_factor": 1.418111904378232,
      "rolling_sharpe": 0.14884928550255452,
      "sum_downside_r_squared": 17.378123492642768,
      "sum_r_squared": 57.77025198908811,
      "total_decisions": 40,
      "total_pnl_usd": 71.65513253495286,
      "total_r": 7.165513253495287,
      "win_rate": 0.5,
      "wins": 20
    },
    {
      "active": true,
      "agent_id": "gen31-mut40-liq-fade-v0",
      "expectancy_r": 0.18297121513098635,
      "gross_loss_r": 12.968555825523156,
      "gross_win_r": 19.921462000500632,
      "last_r": -1.160831620355443,
      "losses": 17,
      "max_drawdown_r": 8.02040477993566,
      "peak_cum_r": 9.26253915118954,
      "profit_factor": 1.5361357323452778,
      "rolling_sharpe": 0.17768505655197506,
      "sum_downside_r_squared": 12.848010606994494,
      "sum_r_squared": 40.50644107489358,
      "total_decisions": 38,
      "total_pnl_usd": 69.52906174977483,
      "total_r": 6.952906174977482,
      "win_rate": 0.5526315789473685,
      "wins": 21
    },
    {
      "active": true,
      "agent_id": "funding-trend-v0",
      "expectancy_r": 0.4297,
      "gross_loss_r": 13,
      "gross_win_r": 24,
      "last_r": 1,
      "losses": 13,
      "max_drawdown_r": 3,
      "peak_cum_r": 13.084365000000002,
      "profit_factor": 1.8461538461538463,
      "rolling_sharpe": 0.37564000000000003,
      "sum_downside_r_squared": 13,
      "sum_r_squared": 49,
      "total_decisions": 29,
      "total_pnl_usd": 124.61300000000001,
      "total_r": 12.461300000000001,
      "win_rate": 0.5517241379310345,
      "wins": 16,
      "is_warmup": true
    },
    {
      "active": true,
      "agent_id": "funding-arb-v0",
      "expectancy_r": 0.3025,
      "gross_loss_r": 10,
      "gross_win_r": 16.5,
      "last_r": 1,
      "losses": 10,
      "max_drawdown_r": 3,
      "peak_cum_r": 6.6701250000000005,
      "profit_factor": 1.65,
      "rolling_sharpe": 0.28300000000000003,
      "sum_downside_r_squared": 10,
      "sum_r_squared": 34.75,
      "total_decisions": 21,
      "total_pnl_usd": 63.525,
      "total_r": 6.3525,
      "win_rate": 0.5238095238095238,
      "wins": 11,
      "is_warmup": true
    },
    {
      "active": true,
      "agent_id": "polyedge-v0",
      "expectancy_r": 0.5931000000000001,
      "gross_loss_r": 19,
      "gross_win_r": 52.5,
      "last_r": 1,
      "losses": 19,
      "max_drawdown_r": 3,
      "peak_cum_r": 33.62877000000001,
      "profit_factor": 2.763157894736842,
      "rolling_sharpe": 0.55172,
      "sum_downside_r_squared": 19,
      "sum_r_squared": 97.75,
      "total_decisions": 54,
      "total_pnl_usd": 320.27400000000006,
      "total_r": 32.02740000000001,
      "win_rate": 0.6481481481481481,
      "wins": 35,
      "is_warmup": true
    },
    {
      "active": true,
      "agent_id": "gen924-mut378-liq-fade-v0",
      "expectancy_r": 0.44120000000000004,
      "gross_loss_r": 20,
      "gross_win_r": 45,
      "last_r": 1,
      "losses": 20,
      "max_drawdown_r": 3,
      "peak_cum_r": 23.163000000000004,
      "profit_factor": 2.25,
      "rolling_sharpe": 0.40943999999999997,
      "sum_downside_r_squared": 20,
      "sum_r_squared": 87.5,
      "total_decisions": 50,
      "total_pnl_usd": 220.60000000000002,
      "total_r": 22.060000000000002,
      "win_rate": 0.6,
      "wins": 30,
      "is_warmup": true
    },
    {
      "active": true,
      "agent_id": "gen924-mut379-funding-trend-v1",
      "expectancy_r": 0.40900000000000003,
      "gross_loss_r": 11,
      "gross_win_r": 19.5,
      "last_r": 1,
      "losses": 11,
      "max_drawdown_r": 3,
      "peak_cum_r": 10.3068,
      "profit_factor": 1.7727272727272727,
      "rolling_sharpe": 0.3508,
      "sum_downside_r_squared": 11,
      "sum_r_squared": 40.25,
      "total_decisions": 24,
      "total_pnl_usd": 98.16000000000001,
      "total_r": 9.816,
      "win_rate": 0.5416666666666666,
      "wins": 13,
      "is_warmup": true
    },
    {
      "active": true,
      "agent_id": "gen924-mut380-funding-arb-v1",
      "expectancy_r": 0.35779999999999995,
      "gross_loss_r": 14,
      "gross_win_r": 27,
      "last_r": 1,
      "losses": 14,
      "max_drawdown_r": 3,
      "peak_cum_r": 12.022079999999999,
      "profit_factor": 1.9285714285714286,
      "rolling_sharpe": 0.34936,
      "sum_downside_r_squared": 14,
      "sum_r_squared": 54.5,
      "total_decisions": 32,
      "total_pnl_usd": 114.49599999999998,
      "total_r": 11.449599999999998,
      "win_rate": 0.5625,
      "wins": 18,
      "is_warmup": true
    },
    {
      "active": true,
      "agent_id": "gen924-mut381-polyedge-v1",
      "expectancy_r": 0.5231,
      "gross_loss_r": 14,
      "gross_win_r": 30,
      "last_r": 1,
      "losses": 14,
      "max_drawdown_r": 3,
      "peak_cum_r": 18.67467,
      "profit_factor": 2.142857142857143,
      "rolling_sharpe": 0.46772,
      "sum_downside_r_squared": 14,
      "sum_r_squared": 59,
      "total_decisions": 34,
      "total_pnl_usd": 177.85399999999998,
      "total_r": 17.7854,
      "win_rate": 0.5882352941176471,
      "wins": 20,
      "is_warmup": true
    },
    {
      "active": true,
      "agent_id": "gen924-mut383-liq-fade-v0",
      "expectancy_r": 0.37020000000000003,
      "gross_loss_r": 15,
      "gross_win_r": 24,
      "last_r": 1,
      "losses": 15,
      "max_drawdown_r": 3,
      "peak_cum_r": 12.05001,
      "profit_factor": 1.6,
      "rolling_sharpe": 0.32424,
      "sum_downside_r_squared": 15,
      "sum_r_squared": 51,
      "total_decisions": 31,