{
  "agents": [
    {
      "active": true,
      "agent_id": "vol-breakout-v1",
      "expectancy_r": 0.87328645801558,
      "gross_loss_r": 573.4320272795001,
      "gross_win_r": 2049.286141325833,
      "last_r": 1.8377889238327885,
      "losses": 559,
      "max_drawdown_r": 5.49720477623714,
      "peak_cum_r": 1475.8541140463303,
      "profit_factor": 3.5737211105004736,
      "rolling_sharpe": 0.6370930936811638,
      "sum_downside_r_squared": 620.7567706457448,
      "sum_r_squared": 4462.334670908102,
      "total_decisions": 1690,
      "total_pnl_usd": 14758.54114046334,
      "total_r": 1475.8541140463303,
      "win_rate": 0.6692307692307692,
      "wins": 1131
    },
    {
      "active": true,
      "agent_id": "vol-breakout-v0",
      "expectancy_r": 0.8021053602868797,
      "gross_loss_r": 926.6534624991194,
      "gross_win_r": 3022.5547689287455,
      "last_r": 1.8591339151130082,
      "losses": 910,
      "max_drawdown_r": 5.374687353202262,
      "peak_cum_r": 2095.901306429617,
      "profit_factor": 3.261796228308614,
      "rolling_sharpe": 0.5834203479215176,
      "sum_downside_r_squared": 998.5438150218466,
      "sum_r_squared": 6618.244383467879,
      "total_decisions": 2613,
      "total_pnl_usd": 20959.01306429618,
      "total_r": 2095.901306429617,
      "win_rate": 0.6517412935323383,
      "wins": 1703
    },
    {
      "active": true,
      "agent_id": "gen2-mut25-vol-breakout-v0",
      "expectancy_r": 0.7944080875234447,
      "gross_loss_r": 809.1997152092389,
      "gross_win_r": 2543.3925702729157,
      "last_r": 1.837819482668835,
      "losses": 804,
      "max_drawdown_r": 5.507957176917216,
      "peak_cum_r": 1734.1928550636799,
      "profit_factor": 3.143096225157788,
      "rolling_sharpe": 0.5668952088507276,
      "sum_downside_r_squared": 864.8733340722772,
      "sum_r_squared": 5662.515351508413,
      "total_decisions": 2183,
      "total_pnl_usd": 17341.9285506368,
      "total_r": 1734.1928550636799,
      "win_rate": 0.6316994961062757,
      "wins": 1379
    },
    {
      "active": true,
      "agent_id": "gen33-mut40-liq-fade-v0",
      "expectancy_r": 0.18297121513098633,
      "gross_loss_r": 12.968555825523156,
      "gross_win_r": 19.921462000500632,
      "last_r": -1.160831620355443,
      "losses": 17,
      "max_drawdown_r": 8.02040477993566,
      "peak_cum_r": 9.26253915118954,
      "profit_factor": 1.5361357323452778,
      "rolling_sharpe": 0.177685056551975,
      "sum_downside_r_squared": 12.848010606994494,
      "sum_r_squared": 40.50644107489359,
      "total_decisions": 38,
      "total_pnl_usd": 69.52906174977483,
      "total_r": 6.95290617497748,
      "win_rate": 0.5526315789473685,
      "wins": 21
    },
    {
      "active": true,
      "agent_id": "gen8-mut106-liq-trend-v1",
      "expectancy_r": 0.17913783133738218,
      "gross_loss_r": 17.13778818173334,
      "gross_win_r": 24.303301435228622,
      "last_r": -1.0578151640546016,
      "losses": 20,
      "max_drawdown_r": 8.459410640376621,
      "peak_cum_r": 11.481274172409924,
      "profit_factor": 1.418111904378232,
      "rolling_sharpe": 0.1488492855025545,
      "sum_downside_r_squared": 17.378123492642768,
      "sum_r_squared": 57.77025198908812,
      "total_decisions": 40,
      "total_pnl_usd": 71.65513253495286,
      "total_r": 7.165513253495287,
      "win_rate": 0.5,
      "wins": 20
    },
    {
      "active": true,
      "agent_id": "funding-trend-v0",
      "expectancy_r": 0.4297,
      "gross_loss_r": 13,
      "gross_win_r": 24,
      "last_r": 1,
      "losses": 13,
      "max_drawdown_r": 3,
      "peak_cum_r": 13.084365000000002,
      "profit_factor": 1.8461538461538463,
      "rolling_sharpe": 0.37564000000000003,
      "sum_downside_r_squared": 13,
      "sum_r_squared": 49,
      "total_decisions": 29,
      "total_pnl_usd": 124.61300000000001,
      "total_r": 12.461300000000001,
      "win_rate": 0.5517241379310345,
      "wins": 16,
      "is_warmup": true
    },
    {
      "active": true,
      "agent_id": "funding-arb-v0",
      "expectancy_r": 0.3025,
      "gross_loss_r": 10,
      "gross_win_r": 16.5,
      "last_r": 1,
      "losses": 10,
      "max_drawdown_r": 3,
      "peak_cum_r": 6.6701250000000005,
      "profit_factor": 1.65,
      "rolling_sharpe": 0.28300000000000003,
      "sum_downside_r_squared": 10,
      "sum_r_squared": 34.75,
      "total_decisions": 21,
      "total_pnl_usd": 63.525,
      "total_r": 6.3525,
      "win_rate": 0.5238095238095238,
      "wins": 11,
      "is_warmup": true
    },
    {
      "active": true,
      "agent_id": "polyedge-v0",
      "expectancy_r": 0.5931000000000001,
      "gross_loss_r": 19,
      "gross_win_r": 52.5,
      "last_r": 1,
      "losses": 19,
      "max_drawdown_r": 3,
      "peak_cum_r": 33.62877000000001,
      "profit_factor": 2.763157894736842,
      "rolling_sharpe": 0.55172,
      "sum_downside_r_squared": 19,
      "sum_r_squared": 97.75,
      "total_decisions": 54,
      "total_pnl_usd": 320.27400000000006,
      "total_r": 32.02740000000001,
      "win_rate": 0.6481481481481481,
      "wins": 35,
      "is_warmup": true
    },
    {
      "active": true,
      "agent_id": "gen390-mut403-liq-trend-v1",
      "expectancy_r": 0.5438,
      "gross_loss_r": 22,
      "gross_win_r": 54,
      "last_r": 1,
      "losses": 22,
      "max_drawdown_r": 3,
      "peak_cum_r": 33.11742,
      "profit_factor": 2.4545454545454546,
      "rolling_sharpe": 0.47256,
      "sum_downside_r_squared": 22,
      "sum_r_squared": 103,
      "total_decisions": 58,
      "total_pnl_usd": 315.404,
      "total_r": 31.540399999999998,
      "win_rate": 0.6206896551724138,
      "wins": 36,
      "is_warmup": true
    },
    {
      "active": true,
      "agent_id": "gen390-mut404-liq-fade-v0",
      "expectancy_r": 0.3629,
      "gross_loss_r": 14,
      "gross_win_r": 22.5,
      "last_r": 1,
      "losses": 14,
      "max_drawdown_r": 3,
      "peak_cum_r": 11.050305000000002,
      "profit_factor": 1.6071428571428572,
      "rolling_sharpe": 0.31548,
      "sum_downside_r_squared": 14,
      "sum_r_squared": 47.75,
      "total_decisions": 29,
      "total_pnl_usd": 105.24100000000001,
      "total_r": 10.5241,
      "win_rate": 0.5172413793103449,
      "wins": 15,
      "is_warmup": true
    },
    {
      "active": true,
      "agent_id": "gen390-mut405-funding-trend-v1",
      "expectancy_r": 0.4985,
      "gross_loss_r": 17,
      "gross_win_r": 40.5,
      "last_r": 1,
      "losses": 17,
      "max_drawdown_r": 3,
      "peak_cum_r": 23.030700000000003,
      "profit_factor": 2.3823529411764706,
      "rolling_sharpe": 0.4582,
      "sum_downside_r_squared": 17,
      "sum_r_squared": 77.75,
      "total_decisions": 44,
      "total_pnl_usd": 219.34,
      "total_r": 21.934,
      "win_rate": 0.6136363636363636,
      "wins": 27,
      "is_warmup": true
    },
    {
      "active": true,
      "agent_id": "gen390-mut406-funding-arb-v1",
      "expectancy_r": 0.37979999999999997,
      "gross_loss_r": 15,
      "gross_win_r": 31.5,
      "last_r": 1,
      "losses": 15,
      "max_drawdown_r": 3,
      "peak_cum_r": 14.35644,
      "profit_factor": 2.1,
      "rolling_sharpe": 0.37576000000000004,
      "sum_downside_r_squared": 15,
      "sum_r_squared": 62.25,
      "total_decisions": 36,
      "total_pnl_usd": 136.72799999999998,
      "total_r": 13.672799999999999,
      "win_rate": 0.5833333333333334,
      "wins": 21,
      "is_warmup": true
    },
    {
      "active": true,
      "agent_id": "gen390-mut407-polyedge-v1",
      "expectancy_r": 0.5923,
      "gross_loss_r": 19,
      "gross_win_r": 52.5,
      "last_r": 1,
      "losses": 19,
      "max_drawdown_r": 3,
      "peak_cum_r": 33.58341,
      "profit_factor": 2.763157894736842,
      "rolling_sharpe": 0.55076,
      "sum_downside_r_squared": 19,
      "sum_r_squared": 97.75,
      "total_decisions": 54,
      "total_pnl_usd": 319.842,