{
  "agents": [
    {
      "active": true,
      "agent_id": "vol-breakout-v1",
      "expectancy_r": 0.8409524763787805,
      "gross_loss_r": 352.8812475566154,
      "gross_win_r": 1208.9708685102146,
      "last_r": 0.4492991901057609,
      "losses": 344,
      "max_drawdown_r": 5.497204776236856,
      "peak_cum_r": 856.0896209535985,
      "profit_factor": 3.4259991906094425,
      "rolling_sharpe": 0.6116040989546454,
      "sum_downside_r_squared": 382.0041665512277,
      "sum_r_squared": 2642.6818631328943,
      "total_decisions": 1018,
      "total_pnl_usd": 8560.896209535982,
      "total_r": 856.0896209535985,
      "win_rate": 0.6620825147347741,
      "wins": 674
    },
    {
      "active": true,
      "agent_id": "vol-breakout-v0",
      "expectancy_r": 0.7803638864808943,
      "gross_loss_r": 570.248284614843,
      "gross_win_r": 1807.9054085735427,
      "last_r": 0.9616463804606024,
      "losses": 560,
      "max_drawdown_r": 5.374687353202262,
      "peak_cum_r": 1237.6571239586983,
      "profit_factor": 3.1703828969773014,
      "rolling_sharpe": 0.5668820802632001,
      "sum_downside_r_squared": 614.4885015519055,
      "sum_r_squared": 3969.395532400466,
      "total_decisions": 1586,
      "total_pnl_usd": 12376.571239587012,
      "total_r": 1237.6571239586983,
      "win_rate": 0.6469104665825978,
      "wins": 1026
    },
    {
      "active": true,
      "agent_id": "gen2-mut25-vol-breakout-v0",
      "expectancy_r": 0.7652188154288331,
      "gross_loss_r": 497.16720009231955,
      "gross_win_r": 1504.195161196661,
      "last_r": 0.4492991901057609,
      "losses": 494,
      "max_drawdown_r": 5.507957176917159,
      "peak_cum_r": 1007.0279611043444,
      "profit_factor": 3.0255317746571886,
      "rolling_sharpe": 0.5449507842910615,
      "sum_downside_r_squared": 531.3934902600552,
      "sum_r_squared": 3363.477049084713,
      "total_decisions": 1316,
      "total_pnl_usd": 10070.279611043416,
      "total_r": 1007.0279611043444,
      "win_rate": 0.6246200607902735,
      "wins": 822
    },
    {
      "active": true,
      "agent_id": "gen58-mut389-liq-trend-v1",
      "expectancy_r": 0.3144873896258217,
      "gross_loss_r": 16.813860586394878,
      "gross_win_r": 30.651305729931025,
      "last_r": -1.0795628261391592,
      "losses": 16,
      "max_drawdown_r": 9.99751276274388,
      "peak_cum_r": 17.093247681986966,
      "profit_factor": 1.822978463062366,
      "rolling_sharpe": 0.25851129788921884,
      "sum_downside_r_squared": 17.927360247200337,
      "sum_r_squared": 67.98960653810465,
      "total_decisions": 44,
      "total_pnl_usd": 138.37445143536158,
      "total_r": 13.837445143536154,
      "win_rate": 0.6363636363636364,
      "wins": 28
    },
    {
      "active": true,
      "agent_id": "gen32-mut40-liq-fade-v0",
      "expectancy_r": 0.18297121513098635,
      "gross_loss_r": 12.968555825523156,
      "gross_win_r": 19.921462000500632,
      "last_r": -1.160831620355443,
      "losses": 17,
      "max_drawdown_r": 8.02040477993566,
      "peak_cum_r": 9.26253915118954,
      "profit_factor": 1.5361357323452778,
      "rolling_sharpe": 0.17768505655197503,
      "sum_downside_r_squared": 12.848010606994496,
      "sum_r_squared": 40.50644107489359,
      "total_decisions": 38,
      "total_pnl_usd": 69.52906174977483,
      "total_r": 6.952906174977482,
      "win_rate": 0.5526315789473685,
      "wins": 21
    },
    {
      "active": true,
      "agent_id": "gen175-mut13-funding-arb-v1",
      "expectancy_r": 0.1823833296685997,
      "gross_loss_r": 37.866021971509056,
      "gross_win_r": 50.63285504831104,
      "last_r": -1.0804231105841575,
      "losses": 37,
      "max_drawdown_r": 7.793902855139553,
      "peak_cum_r": 20.56073593194153,
      "profit_factor": 1.3371580222080877,
      "rolling_sharpe": 0.13301059966762246,
      "sum_downside_r_squared": 40.53717142025037,
      "sum_r_squared": 132.06038424207438,
      "total_decisions": 70,
      "total_pnl_usd": 127.6683307680198,
      "total_r": 12.766833076801976,
      "win_rate": 0.4714285714285714,
      "wins": 33
    },
    {
      "active": true,
      "agent_id": "gen218-mut188-liq-trend-v1",
      "expectancy_r": 0.045516670499952505,
      "gross_loss_r": 16.39094219309495,
      "gross_win_r": 17.938508990093336,
      "last_r": -1.0762290155244592,
      "losses": 19,
      "max_drawdown_r": 10.136197805199847,
      "peak_cum_r": 11.090177261356471,
      "profit_factor": 1.0944159755288705,
      "rolling_sharpe": 0.03832486692939779,
      "sum_downside_r_squared": 17.581949983680847,
      "sum_r_squared": 46.617644355702396,
      "total_decisions": 34,
      "total_pnl_usd": 15.475667969983856,
      "total_r": 1.5475667969983853,
      "win_rate": 0.4411764705882353,
      "wins": 15
    },
    {
      "active": true,
      "agent_id": "funding-trend-v0",
      "expectancy_r": 0.4297,
      "gross_loss_r": 13,
      "gross_win_r": 24,
      "last_r": 1,
      "losses": 13,
      "max_drawdown_r": 3,
      "peak_cum_r": 13.084365000000002,
      "profit_factor": 1.8461538461538463,
      "rolling_sharpe": 0.37564000000000003,
      "sum_downside_r_squared": 13,
      "sum_r_squared": 49,
      "total_decisions": 29,
      "total_pnl_usd": 124.61300000000001,
      "total_r": 12.461300000000001,
      "win_rate": 0.5517241379310345,
      "wins": 16,
      "is_warmup": true
    },
    {
      "active": true,
      "agent_id": "polyedge-v0",
      "expectancy_r": 0.5931000000000001,
      "gross_loss_r": 19,
      "gross_win_r": 52.5,
      "last_r": 1,
      "losses": 19,
      "max_drawdown_r": 3,
      "peak_cum_r": 33.62877000000001,
      "profit_factor": 2.763157894736842,
      "rolling_sharpe": 0.55172,
      "sum_downside_r_squared": 19,
      "sum_r_squared": 97.75,
      "total_decisions": 54,
      "total_pnl_usd": 320.27400000000006,
      "total_r": 32.02740000000001,
      "win_rate": 0.6481481481481481,
      "wins": 35,
      "is_warmup": true
    },
    {
      "active": true,
      "agent_id": "gen232-mut359-liq-fade-v0",
      "expectancy_r": 0.4143,
      "gross_loss_r": 18,
      "gross_win_r": 37.5,
      "last_r": 1,
      "losses": 18,
      "max_drawdown_r": 3,
      "peak_cum_r": 18.705645000000004,
      "profit_factor": 2.0833333333333335,
      "rolling_sharpe": 0.37716,
      "sum_downside_r_squared": 18,
      "sum_r_squared": 74.25,
      "total_decisions": 43,
      "total_pnl_usd": 178.149,
      "total_r": 17.8149,
      "win_rate": 0.5813953488372093,
      "wins": 25,
      "is_warmup": true
    },
    {
      "active": true,
      "agent_id": "gen232-mut360-funding-trend-v1",
      "expectancy_r": 0.4118,
      "gross_loss_r": 12,
      "gross_win_r": 19.5,
      "last_r": 1,
      "losses": 12,
      "max_drawdown_r": 3,
      "peak_cum_r": 10.809750000000001,
      "profit_factor": 1.625,
      "rolling_sharpe": 0.35416000000000003,
      "sum_downside_r_squared": 12,
      "sum_r_squared": 41.25,
      "total_decisions": 25,
      "total_pnl_usd": 102.95,
      "total_r": 10.295,
      "win_rate": 0.52,
      "wins": 13,
      "is_warmup": true
    },
    {
      "active": true,
      "agent_id": "gen232-mut362-polyedge-v1",
      "expectancy_r": 0.515,
      "gross_loss_r": 14,
      "gross_win_r": 27,
      "last_r": 1,
      "losses": 14,
      "max_drawdown_r": 3,
      "peak_cum_r": 17.304000000000002,
      "profit_factor": 1.9285714285714286,
      "rolling_sharpe": 0.458,
      "sum_downside_r_squared": 14,
      "sum_r_squared": 54.5,
      "total_decisions": 32,
      "total_pnl_usd": 164.8,
      "total_r": 16.48,
      "win_rate": 0.5625,
      "wins": 18,
      "is_warmup": true
    },
    {
      "active": true,
      "agent_id": "gen232-mut364-liq-fade-v0",
      "expectancy_r": 0.4287,
      "gross_loss_r": 19,
      "gross_win_r": 40.5,
      "last_r": 1,
      "losses": 19,
      "max_drawdown_r": 3,