{
  "agents": [
    {
      "active": true,
      "agent_id": "vol-breakout-v1",
      "expectancy_r": 0.8732864580155816,
      "gross_loss_r": 352.8812475566154,
      "gross_win_r": 1261.0991638928201,
      "last_r": 1.8377889238327885,
      "losses": 344,
      "max_drawdown_r": 5.497204776236856,
      "peak_cum_r": 908.2179163362049,
      "profit_factor": 3.5737211105004736,
      "rolling_sharpe": 0.6369752073500713,
      "sum_downside_r_squared": 382.00416655122774,
      "sum_r_squared": 2746.052105174214,
      "total_decisions": 1040,
      "total_pnl_usd": 9082.17916336204,
      "total_r": 908.2179163362049,
      "win_rate": 0.6692307692307692,
      "wins": 696
    },
    {
      "active": true,
      "agent_id": "vol-breakout-v0",
      "expectancy_r": 0.8021053602868806,
      "gross_loss_r": 570.248284614843,
      "gross_win_r": 1860.0337039561484,
      "last_r": 1.8591339151130082,
      "losses": 560,
      "max_drawdown_r": 5.374687353202262,
      "peak_cum_r": 1289.785419341304,
      "profit_factor": 3.261796228308608,
      "rolling_sharpe": 0.5833505432636474,
      "sum_downside_r_squared": 614.4885015519054,
      "sum_r_squared": 4072.7657744417843,
      "total_decisions": 1608,
      "total_pnl_usd": 12897.85419341306,
      "total_r": 1289.785419341304,
      "win_rate": 0.6517412935323383,
      "wins": 1048
    },
    {
      "active": true,
      "agent_id": "gen2-mut25-vol-breakout-v0",
      "expectancy_r": 0.7916034976947541,
      "gross_loss_r": 497.16720009231955,
      "gross_win_r": 1556.3326800078983,
      "last_r": 1.837819482668835,
      "losses": 494,
      "max_drawdown_r": 5.507957176917216,
      "peak_cum_r": 1059.165479915581,
      "profit_factor": 3.1304009591117454,
      "rolling_sharpe": 0.5645782909511855,
      "sum_downside_r_squared": 531.3934902600552,
      "sum_r_squared": 3466.8815134093015,
      "total_decisions": 1338,
      "total_pnl_usd": 10591.654799155785,
      "total_r": 1059.165479915581,
      "win_rate": 0.6307922272047832,
      "wins": 844
    },
    {
      "active": true,
      "agent_id": "gen33-mut40-liq-fade-v0",
      "expectancy_r": 0.18297121513098635,
      "gross_loss_r": 12.968555825523156,
      "gross_win_r": 19.921462000500632,
      "last_r": -1.160831620355443,
      "losses": 17,
      "max_drawdown_r": 8.02040477993566,
      "peak_cum_r": 9.26253915118954,
      "profit_factor": 1.5361357323452778,
      "rolling_sharpe": 0.17768505655197503,
      "sum_downside_r_squared": 12.848010606994494,
      "sum_r_squared": 40.50644107489359,
      "total_decisions": 38,
      "total_pnl_usd": 69.52906174977483,
      "total_r": 6.952906174977482,
      "win_rate": 0.5526315789473685,
      "wins": 21
    },
    {
      "active": true,
      "agent_id": "gen8-mut106-liq-trend-v1",
      "expectancy_r": 0.17913783133738218,
      "gross_loss_r": 17.13778818173334,
      "gross_win_r": 24.303301435228622,
      "last_r": -1.0578151640546016,
      "losses": 20,
      "max_drawdown_r": 8.459410640376621,
      "peak_cum_r": 11.481274172409924,
      "profit_factor": 1.418111904378232,
      "rolling_sharpe": 0.14884928550255452,
      "sum_downside_r_squared": 17.378123492642768,
      "sum_r_squared": 57.77025198908811,
      "total_decisions": 40,
      "total_pnl_usd": 71.65513253495286,
      "total_r": 7.165513253495287,
      "win_rate": 0.5,
      "wins": 20
    },
    {
      "active": true,
      "agent_id": "funding-trend-v0",
      "expectancy_r": 0.4297,
      "gross_loss_r": 13,
      "gross_win_r": 24,
      "last_r": 1,
      "losses": 13,
      "max_drawdown_r": 3,
      "peak_cum_r": 13.084365000000002,
      "profit_factor": 1.8461538461538463,
      "rolling_sharpe": 0.37564000000000003,
      "sum_downside_r_squared": 13,
      "sum_r_squared": 49,
      "total_decisions": 29,
      "total_pnl_usd": 124.61300000000001,
      "total_r": 12.461300000000001,
      "win_rate": 0.5517241379310345,
      "wins": 16,
      "is_warmup": true
    },
    {
      "active": true,
      "agent_id": "funding-arb-v0",
      "expectancy_r": 0.3025,
      "gross_loss_r": 10,
      "gross_win_r": 16.5,
      "last_r": 1,
      "losses": 10,
      "max_drawdown_r": 3,
      "peak_cum_r": 6.6701250000000005,
      "profit_factor": 1.65,
      "rolling_sharpe": 0.28300000000000003,
      "sum_downside_r_squared": 10,
      "sum_r_squared": 34.75,
      "total_decisions": 21,
      "total_pnl_usd": 63.525,
      "total_r": 6.3525,
      "win_rate": 0.5238095238095238,
      "wins": 11,
      "is_warmup": true
    },
    {
      "active": true,
      "agent_id": "polyedge-v0",
      "expectancy_r": 0.5931000000000001,
      "gross_loss_r": 19,
      "gross_win_r": 52.5,
      "last_r": 1,
      "losses": 19,
      "max_drawdown_r": 3,
      "peak_cum_r": 33.62877000000001,
      "profit_factor": 2.763157894736842,
      "rolling_sharpe": 0.55172,
      "sum_downside_r_squared": 19,
      "sum_r_squared": 97.75,
      "total_decisions": 54,
      "total_pnl_usd": 320.27400000000006,
      "total_r": 32.02740000000001,
      "win_rate": 0.6481481481481481,
      "wins": 35,
      "is_warmup": true
    },
    {
      "active": true,
      "agent_id": "gen240-mut406-liq-trend-v1",
      "expectancy_r": 0.5125,
      "gross_loss_r": 20,
      "gross_win_r": 43.5,
      "last_r": 1,
      "losses": 20,
      "max_drawdown_r": 3,
      "peak_cum_r": 26.368125,
      "profit_factor": 2.175,
      "rolling_sharpe": 0.435,
      "sum_downside_r_squared": 20,
      "sum_r_squared": 85.25,
      "total_decisions": 49,
      "total_pnl_usd": 251.12499999999997,
      "total_r": 25.112499999999997,
      "win_rate": 0.5918367346938775,
      "wins": 29,
      "is_warmup": true
    },
    {
      "active": true,
      "agent_id": "gen240-mut407-liq-fade-v0",
      "expectancy_r": 0.3966,
      "gross_loss_r": 17,
      "gross_win_r": 31.5,
      "last_r": 1,
      "losses": 17,
      "max_drawdown_r": 3,
      "peak_cum_r": 15.824340000000001,
      "profit_factor": 1.8529411764705883,
      "rolling_sharpe": 0.35592,
      "sum_downside_r_squared": 17,
      "sum_r_squared": 64.25,
      "total_decisions": 38,
      "total_pnl_usd": 150.708,
      "total_r": 15.0708,
      "win_rate": 0.5526315789473685,
      "wins": 21,
      "is_warmup": true
    },
    {
      "active": true,
      "agent_id": "gen240-mut408-funding-trend-v1",
      "expectancy_r": 0.499,
      "gross_loss_r": 17,
      "gross_win_r": 40.5,
      "last_r": 1,
      "losses": 17,
      "max_drawdown_r": 3,
      "peak_cum_r": 23.0538,
      "profit_factor": 2.3823529411764706,
      "rolling_sharpe": 0.45880000000000004,
      "sum_downside_r_squared": 17,
      "sum_r_squared": 77.75,
      "total_decisions": 44,
      "total_pnl_usd": 219.56,
      "total_r": 21.956,
      "win_rate": 0.6136363636363636,
      "wins": 27,
      "is_warmup": true
    },
    {
      "active": true,
      "agent_id": "gen240-mut409-funding-arb-v1",
      "expectancy_r": 0.3187,
      "gross_loss_r": 12,
      "gross_win_r": 18,
      "last_r": 1,
      "losses": 12,
      "max_drawdown_r": 3,
      "peak_cum_r": 8.03124,
      "profit_factor": 1.5,
      "rolling_sharpe": 0.30244000000000004,
      "sum_downside_r_squared": 12,
      "sum_r_squared": 39,
      "total_decisions": 24,
      "total_pnl_usd": 76.488,
      "total_r": 7.6488,
      "win_rate": 0.5,
      "wins": 12,
      "is_warmup": true
    },
    {
      "active": true,
      "agent_id": "gen240-mut410-polyedge-v1",
      "expectancy_r": 0.5437000000000001,
      "gross_loss_r": 16,
      "gross_win_r": 36,
      "last_r": 1,
      "losses": 16,
      "max_drawdown_r": 3,
      "peak_cum_r": 22.835400000000007,
      "profit_factor": 2.25,
      "rolling_sharpe": 0.49244,
      "sum_downside_r_squared": 16,
      "sum_r_squared": 70,
      "total_decisions": 40,
      "total_pnl_usd": 217.48000000000005,
      "total_r": 21.748000000000005,