{
  "agents": [
    {
      "active": true,
      "agent_id": "vol-breakout-v1",
      "expectancy_r": 0.8732826689734264,
      "gross_loss_r": 44.110155944576924,
      "gross_win_r": 157.63690291112235,
      "last_r": 1.8589176672935235,
      "losses": 43,
      "max_drawdown_r": 5.497204776236835,
      "peak_cum_r": 113.52674696654543,
      "profit_factor": 3.573709943560126,
      "rolling_sharpe": 0.6348243375357754,
      "sum_downside_r_squared": 47.7505208189035,
      "sum_r_squared": 343.2546986689341,
      "total_decisions": 130,
      "total_pnl_usd": 1135.2674696654547,
      "total_r": 113.52674696654543,
      "win_rate": 0.6692307692307692,
      "wins": 87
    },
    {
      "active": true,
      "agent_id": "vol-breakout-v0",
      "expectancy_r": 0.8021029096626033,
      "gross_loss_r": 71.28103557685549,
      "gross_win_r": 232.5037204190385,
      "last_r": 1.8589176672935235,
      "losses": 70,
      "max_drawdown_r": 5.04549615505735,
      "peak_cum_r": 161.22268484218327,
      "profit_factor": 3.261789317978582,
      "rolling_sharpe": 0.5820776424385781,
      "sum_downside_r_squared": 76.81106269398823,
      "sum_r_squared": 509.0939073273796,
      "total_decisions": 201,
      "total_pnl_usd": 1612.226848421832,
      "total_r": 161.22268484218327,
      "win_rate": 0.6517412935323383,
      "wins": 131
    },
    {
      "active": true,
      "agent_id": "gen2-mut25-vol-breakout-v0",
      "expectancy_r": 0.7362936077689055,
      "gross_loss_r": 60.32167892862992,
      "gross_win_r": 174.44718813281023,
      "last_r": 1.8463346097734032,
      "losses": 60,
      "max_drawdown_r": 5.5079571769171025,
      "peak_cum_r": 114.12550920418035,
      "profit_factor": 2.8919484873623764,
      "rolling_sharpe": 0.5198302544121336,
      "sum_downside_r_squared": 64.5217089229447,
      "sum_r_squared": 392.9880478073088,
      "total_decisions": 155,
      "total_pnl_usd": 1141.255092041803,
      "total_r": 114.12550920418035,
      "win_rate": 0.6129032258064516,
      "wins": 95
    },
    {
      "active": true,
      "agent_id": "gen19-mut261-liq-fade-v0",
      "expectancy_r": 0.19858165780672815,
      "gross_loss_r": 5.838854126194359,
      "gross_win_r": 9.611905624522194,
      "last_r": 0.3140359048723646,
      "losses": 8,
      "max_drawdown_r": 3.5497876891067617,
      "peak_cum_r": 7.008803282562232,
      "profit_factor": 1.6461972532249285,
      "rolling_sharpe": 0.1915515391210303,
      "sum_downside_r_squared": 5.641990359066757,
      "sum_r_squared": 20.094737366533643,
      "total_decisions": 19,
      "total_pnl_usd": 37.73051498327833,
      "total_r": 3.7730514983278347,
      "win_rate": 0.5789473684210527,
      "wins": 11
    },
    {
      "active": true,
      "agent_id": "gen8-mut106-liq-trend-v1",
      "expectancy_r": 0.1791378313373821,
      "gross_loss_r": 17.13778818173334,
      "gross_win_r": 24.303301435228626,
      "last_r": -1.0578151640546016,
      "losses": 20,
      "max_drawdown_r": 8.459410640376621,
      "peak_cum_r": 11.481274172409922,
      "profit_factor": 1.418111904378232,
      "rolling_sharpe": 0.1488492855025544,
      "sum_downside_r_squared": 17.378123492642768,
      "sum_r_squared": 57.77025198908812,
      "total_decisions": 40,
      "total_pnl_usd": 71.65513253495286,
      "total_r": 7.165513253495283,
      "win_rate": 0.5,
      "wins": 20
    },
    {
      "active": true,
      "agent_id": "gen29-mut405-liq-fade-v0",
      "expectancy_r": 0.3140359048723646,
      "gross_loss_r": 0,
      "gross_win_r": 0.3140359048723646,
      "last_r": 0.3140359048723646,
      "losses": 0,
      "max_drawdown_r": 0,
      "peak_cum_r": 0.3140359048723646,
      "profit_factor": null,
      "rolling_sharpe": 0,
      "sum_downside_r_squared": 0,
      "sum_r_squared": 0.09861854954900483,
      "total_decisions": 1,
      "total_pnl_usd": 3.140359048723646,
      "total_r": 0.3140359048723646,
      "win_rate": 1,
      "wins": 1
    },
    {
      "active": true,
      "agent_id": "funding-trend-v0",
      "expectancy_r": 0.4297,
      "gross_loss_r": 13,
      "gross_win_r": 24,
      "last_r": 1,
      "losses": 13,
      "max_drawdown_r": 3,
      "peak_cum_r": 13.084365000000002,
      "profit_factor": 1.8461538461538463,
      "rolling_sharpe": 0.37564000000000003,
      "sum_downside_r_squared": 13,
      "sum_r_squared": 49,
      "total_decisions": 29,
      "total_pnl_usd": 124.61300000000001,
      "total_r": 12.461300000000001,
      "win_rate": 0.5517241379310345,
      "wins": 16,
      "is_warmup": true
    },
    {
      "active": true,
      "agent_id": "funding-arb-v0",
      "expectancy_r": 0.3025,
      "gross_loss_r": 10,
      "gross_win_r": 16.5,
      "last_r": 1,
      "losses": 10,
      "max_drawdown_r": 3,
      "peak_cum_r": 6.6701250000000005,
      "profit_factor": 1.65,
      "rolling_sharpe": 0.28300000000000003,
      "sum_downside_r_squared": 10,
      "sum_r_squared": 34.75,
      "total_decisions": 21,
      "total_pnl_usd": 63.525,
      "total_r": 6.3525,
      "win_rate": 0.5238095238095238,
      "wins": 11,
      "is_warmup": true
    },
    {
      "active": true,
      "agent_id": "polyedge-v0",
      "expectancy_r": 0.5931000000000001,
      "gross_loss_r": 19,
      "gross_win_r": 52.5,
      "last_r": 1,
      "losses": 19,
      "max_drawdown_r": 3,
      "peak_cum_r": 33.62877000000001,
      "profit_factor": 2.763157894736842,
      "rolling_sharpe": 0.55172,
      "sum_downside_r_squared": 19,
      "sum_r_squared": 97.75,
      "total_decisions": 54,
      "total_pnl_usd": 320.27400000000006,
      "total_r": 32.02740000000001,
      "win_rate": 0.6481481481481481,
      "wins": 35,
      "is_warmup": true
    },
    {
      "active": true,
      "agent_id": "gen29-mut395-liq-fade-v0",
      "expectancy_r": 0.3851,
      "gross_loss_r": 16,
      "gross_win_r": 28.5,
      "last_r": 1,
      "losses": 16,
      "max_drawdown_r": 3,
      "peak_cum_r": 14.152425000000001,
      "profit_factor": 1.78125,
      "rolling_sharpe": 0.34212,
      "sum_downside_r_squared": 16,
      "sum_r_squared": 58.75,
      "total_decisions": 35,
      "total_pnl_usd": 134.785,
      "total_r": 13.4785,
      "win_rate": 0.5428571428571428,
      "wins": 19,
      "is_warmup": true
    },
    {
      "active": true,
      "agent_id": "gen29-mut396-funding-trend-v1",
      "expectancy_r": 0.47050000000000003,
      "gross_loss_r": 16,
      "gross_win_r": 33,
      "last_r": 1,
      "losses": 16,
      "max_drawdown_r": 3,
      "peak_cum_r": 18.77295,
      "profit_factor": 2.0625,
      "rolling_sharpe": 0.42460000000000003,
      "sum_downside_r_squared": 16,
      "sum_r_squared": 65.5,
      "total_decisions": 38,
      "total_pnl_usd": 178.79000000000002,
      "total_r": 17.879,
      "win_rate": 0.5789473684210527,
      "wins": 22,
      "is_warmup": true
    },
    {
      "active": true,
      "agent_id": "gen29-mut397-funding-arb-v1",
      "expectancy_r": 0.388,
      "gross_loss_r": 16,
      "gross_win_r": 33,
      "last_r": 1,
      "losses": 16,
      "max_drawdown_r": 3,
      "peak_cum_r": 15.481200000000001,
      "profit_factor": 2.0625,
      "rolling_sharpe": 0.38560000000000005,
      "sum_downside_r_squared": 16,
      "sum_r_squared": 65.5,
      "total_decisions": 38,
      "total_pnl_usd": 147.44,
      "total_r": 14.744,
      "win_rate": 0.5789473684210527,
      "wins": 22,
      "is_warmup": true
    },
    {
      "active": true,
      "agent_id": "gen29-mut398-polyedge-v1",
      "expectancy_r": 0.5063000000000001,
      "gross_loss_r": 13,
      "gross_win_r": 25.5,
      "last_r": 1,
      "losses": 13,
      "max_drawdown_r": 3,
      "peak_cum_r": 15.948450000000003,
      "profit_factor": 1.9615384615384615,
      "rolling_sharpe": 0.44756,
      "sum_downside_r_squared": 13,
      "sum_r_squared": 51.25,
      "total_decisions": 30,
      "total_pnl_usd": 151.89000000000001,