{
  "agents": [
    {
      "active": true,
      "agent_id": "vol-breakout-v0",
      "expectancy_r": 0.7481769897577263,
      "gross_loss_r": 1124.660067923871,
      "gross_win_r": 3405.103532705431,
      "last_r": -1.123064256711785,
      "losses": 1123,
      "max_drawdown_r": 5.374687353202262,
      "peak_cum_r": 2281.5665290382613,
      "profit_factor": 3.027673543163377,
      "rolling_sharpe": 0.5401828946239107,
      "sum_downside_r_squared": 1208.6627404243538,
      "sum_r_squared": 7551.37691128963,
      "total_decisions": 3048,
      "total_pnl_usd": 22804.434647815524,
      "total_r": 2280.4434647815497,
      "win_rate": 0.6315616797900262,
      "wins": 1925
    },
    {
      "active": true,
      "agent_id": "gen2-mut25-vol-breakout-v0",
      "expectancy_r": 0.7620641077289231,
      "gross_loss_r": 974.5314483805132,
      "gross_win_r": 2908.6501537965146,
      "last_r": -1.123064256711785,
      "losses": 958,
      "max_drawdown_r": 5.507957176917216,
      "peak_cum_r": 1935.464288666631,
      "profit_factor": 2.9846652549080286,
      "rolling_sharpe": 0.5397407013336426,
      "sum_downside_r_squared": 1043.37469709351,
      "sum_r_squared": 6531.390449678099,
      "total_decisions": 2538,
      "total_pnl_usd": 19341.187054160146,
      "total_r": 1934.1187054160068,
      "win_rate": 0.6225374310480694,
      "wins": 1580
    },
    {
      "active": true,
      "agent_id": "vol-breakout-v1",
      "expectancy_r": 0.8682102163318378,
      "gross_loss_r": 651.847720929727,
      "gross_win_r": 2325.7570180175126,
      "last_r": 0.8834299312432693,
      "losses": 640,
      "max_drawdown_r": 5.49720477623714,
      "peak_cum_r": 1673.9092970877832,
      "profit_factor": 3.567945308914017,
      "rolling_sharpe": 0.6343577389386758,
      "sum_downside_r_squared": 703.4390341514271,
      "sum_r_squared": 5062.937863451294,
      "total_decisions": 1928,
      "total_pnl_usd": 16739.092970877908,
      "total_r": 1673.9092970877832,
      "win_rate": 0.6680497925311203,
      "wins": 1288
    },
    {
      "active": true,
      "agent_id": "gen8-mut106-liq-trend-v1",
      "expectancy_r": 0.17913783133738218,
      "gross_loss_r": 17.13778818173334,
      "gross_win_r": 24.303301435228622,
      "last_r": -1.0578151640546016,
      "losses": 20,
      "max_drawdown_r": 8.459410640376621,
      "peak_cum_r": 11.481274172409924,
      "profit_factor": 1.418111904378232,
      "rolling_sharpe": 0.14884928550255452,
      "sum_downside_r_squared": 17.378123492642768,
      "sum_r_squared": 57.77025198908811,
      "total_decisions": 40,
      "total_pnl_usd": 71.65513253495286,
      "total_r": 7.165513253495287,
      "win_rate": 0.5,
      "wins": 20
    },
    {
      "active": true,
      "agent_id": "gen31-mut40-liq-fade-v0",
      "expectancy_r": 0.18297121513098635,
      "gross_loss_r": 12.968555825523156,
      "gross_win_r": 19.921462000500632,
      "last_r": -1.160831620355443,
      "losses": 17,
      "max_drawdown_r": 8.02040477993566,
      "peak_cum_r": 9.26253915118954,
      "profit_factor": 1.5361357323452778,
      "rolling_sharpe": 0.17768505655197506,
      "sum_downside_r_squared": 12.848010606994494,
      "sum_r_squared": 40.50644107489358,
      "total_decisions": 38,
      "total_pnl_usd": 69.52906174977483,
      "total_r": 6.952906174977482,
      "win_rate": 0.5526315789473685,
      "wins": 21
    },
    {
      "active": true,
      "agent_id": "funding-trend-v0",
      "expectancy_r": 0.4297,
      "gross_loss_r": 13,
      "gross_win_r": 24,
      "last_r": 1,
      "losses": 13,
      "max_drawdown_r": 3,
      "peak_cum_r": 13.084365000000002,
      "profit_factor": 1.8461538461538463,
      "rolling_sharpe": 0.37564000000000003,
      "sum_downside_r_squared": 13,
      "sum_r_squared": 49,
      "total_decisions": 29,
      "total_pnl_usd": 124.61300000000001,
      "total_r": 12.461300000000001,
      "win_rate": 0.5517241379310345,
      "wins": 16,
      "is_warmup": true
    },
    {
      "active": true,
      "agent_id": "funding-arb-v0",
      "expectancy_r": 0.3025,
      "gross_loss_r": 10,
      "gross_win_r": 16.5,
      "last_r": 1,
      "losses": 10,
      "max_drawdown_r": 3,
      "peak_cum_r": 6.6701250000000005,
      "profit_factor": 1.65,
      "rolling_sharpe": 0.28300000000000003,
      "sum_downside_r_squared": 10,
      "sum_r_squared": 34.75,
      "total_decisions": 21,
      "total_pnl_usd": 63.525,
      "total_r": 6.3525,
      "win_rate": 0.5238095238095238,
      "wins": 11,
      "is_warmup": true
    },
    {
      "active": true,
      "agent_id": "polyedge-v0",
      "expectancy_r": 0.5931000000000001,
      "gross_loss_r": 19,
      "gross_win_r": 52.5,
      "last_r": 1,
      "losses": 19,
      "max_drawdown_r": 3,
      "peak_cum_r": 33.62877000000001,
      "profit_factor": 2.763157894736842,
      "rolling_sharpe": 0.55172,
      "sum_downside_r_squared": 19,
      "sum_r_squared": 97.75,
      "total_decisions": 54,
      "total_pnl_usd": 320.27400000000006,
      "total_r": 32.02740000000001,
      "win_rate": 0.6481481481481481,
      "wins": 35,
      "is_warmup": true
    },
    {
      "active": true,
      "agent_id": "gen448-mut377-liq-trend-v1",
      "expectancy_r": 0.4532,
      "gross_loss_r": 14,
      "gross_win_r": 25.5,
      "last_r": 1,
      "losses": 14,
      "max_drawdown_r": 3,
      "peak_cum_r": 14.75166,
      "profit_factor": 1.8214285714285714,
      "rolling_sharpe": 0.36384,
      "sum_downside_r_squared": 14,
      "sum_r_squared": 52.25,
      "total_decisions": 31,
      "total_pnl_usd": 140.492,
      "total_r": 14.049199999999999,
      "win_rate": 0.5483870967741935,
      "wins": 17,
      "is_warmup": true
    },
    {
      "active": true,
      "agent_id": "gen448-mut378-liq-fade-v0",
      "expectancy_r": 0.4167,
      "gross_loss_r": 18,
      "gross_win_r": 37.5,
      "last_r": 1,
      "losses": 18,
      "max_drawdown_r": 3,
      "peak_cum_r": 18.814004999999998,
      "profit_factor": 2.0833333333333335,
      "rolling_sharpe": 0.38004,
      "sum_downside_r_squared": 18,
      "sum_r_squared": 74.25,
      "total_decisions": 43,
      "total_pnl_usd": 179.18099999999998,
      "total_r": 17.9181,
      "win_rate": 0.5813953488372093,
      "wins": 25,
      "is_warmup": true
    },
    {
      "active": true,
      "agent_id": "gen448-mut379-funding-trend-v1",
      "expectancy_r": 0.4411,
      "gross_loss_r": 14,
      "gross_win_r": 25.5,
      "last_r": 1,
      "losses": 14,
      "max_drawdown_r": 3,
      "peak_cum_r": 14.357804999999999,
      "profit_factor": 1.8214285714285714,
      "rolling_sharpe": 0.38932,
      "sum_downside_r_squared": 14,
      "sum_r_squared": 52.25,
      "total_decisions": 31,
      "total_pnl_usd": 136.74099999999999,
      "total_r": 13.6741,
      "win_rate": 0.5483870967741935,
      "wins": 17,
      "is_warmup": true
    },
    {
      "active": true,
      "agent_id": "gen448-mut380-funding-arb-v1",
      "expectancy_r": 0.31829999999999997,
      "gross_loss_r": 12,
      "gross_win_r": 18,
      "last_r": 1,
      "losses": 12,
      "max_drawdown_r": 3,
      "peak_cum_r": 8.021159999999998,
      "profit_factor": 1.5,
      "rolling_sharpe": 0.30196,
      "sum_downside_r_squared": 12,
      "sum_r_squared": 39,
      "total_decisions": 24,
      "total_pnl_usd": 76.392,
      "total_r": 7.639199999999999,
      "win_rate": 0.5,
      "wins": 12,
      "is_warmup": true
    },
    {
      "active": true,
      "agent_id": "gen448-mut381-polyedge-v1",
      "expectancy_r": 0.5548000000000001,
      "gross_loss_r": 17,
      "gross_win_r": 39,
      "last_r": 1,
      "losses": 17,
      "max_drawdown_r": 3,
      "peak_cum_r": 25.049220000000005,
      "profit_factor": 2.2941176470588234,
      "rolling_sharpe": 0.50576,
      "sum_downside_r_squared": 17,
      "sum_r_squared": 75.5,
      "total_decisions": 43,