{
  "agents": [
    {
      "active": true,
      "agent_id": "vol-breakout-v0",
      "expectancy_r": 0.7429439725169312,
      "gross_loss_r": 563.0380718176264,
      "gross_win_r": 1692.3129100433625,
      "last_r": -1.107169870194972,
      "losses": 566,
      "max_drawdown_r": 5.374687353202262,
      "peak_cum_r": 1133.3756601271273,
      "profit_factor": 3.005681133746706,
      "rolling_sharpe": 0.5355607775116045,
      "sum_downside_r_squared": 604.48893598438,
      "sum_r_squared": 3762.146501517149,
      "total_decisions": 1520,
      "total_pnl_usd": 11292.748382257378,
      "total_r": 1129.2748382257355,
      "win_rate": 0.6276315789473684,
      "wins": 954
    },
    {
      "active": true,
      "agent_id": "gen2-mut25-vol-breakout-v0",
      "expectancy_r": 0.7557669447247733,
      "gross_loss_r": 486.2298574212142,
      "gross_win_r": 1436.984673884977,
      "last_r": -1.1230074163835433,
      "losses": 478,
      "max_drawdown_r": 5.507957176917159,
      "peak_cum_r": 954.5477964109558,
      "profit_factor": 2.9553608277085646,
      "rolling_sharpe": 0.5343082240278686,
      "sum_downside_r_squared": 520.6147676558323,
      "sum_r_squared": 3233.487428515,
      "total_decisions": 1258,
      "total_pnl_usd": 9507.54816463761,
      "total_r": 950.7548164637649,
      "win_rate": 0.6200317965023847,
      "wins": 780
    },
    {
      "active": true,
      "agent_id": "vol-breakout-v1",
      "expectancy_r": 0.8657249770852214,
      "gross_loss_r": 325.9238604648634,
      "gross_win_r": 1157.0198384666758,
      "last_r": -0.21592707799313238,
      "losses": 320,
      "max_drawdown_r": 5.497204776236856,
      "peak_cum_r": 833.504392832056,
      "profit_factor": 3.5499697285630596,
      "rolling_sharpe": 0.631413575250155,
      "sum_downside_r_squared": 351.71951707571367,
      "sum_r_squared": 2522.313510864362,
      "total_decisions": 960,
      "total_pnl_usd": 8310.959780018124,
      "total_r": 831.0959780018126,
      "win_rate": 0.6666666666666666,
      "wins": 640
    },
    {
      "active": true,
      "agent_id": "gen8-mut106-liq-trend-v1",
      "expectancy_r": 0.17913783133738218,
      "gross_loss_r": 17.13778818173334,
      "gross_win_r": 24.303301435228622,
      "last_r": -1.0578151640546016,
      "losses": 20,
      "max_drawdown_r": 8.459410640376621,
      "peak_cum_r": 11.481274172409924,
      "profit_factor": 1.418111904378232,
      "rolling_sharpe": 0.14884928550255452,
      "sum_downside_r_squared": 17.378123492642768,
      "sum_r_squared": 57.77025198908811,
      "total_decisions": 40,
      "total_pnl_usd": 71.65513253495286,
      "total_r": 7.165513253495287,
      "win_rate": 0.5,
      "wins": 20
    },
    {
      "active": true,
      "agent_id": "gen31-mut40-liq-fade-v0",
      "expectancy_r": 0.18297121513098635,
      "gross_loss_r": 12.968555825523156,
      "gross_win_r": 19.921462000500632,
      "last_r": -1.160831620355443,
      "losses": 17,
      "max_drawdown_r": 8.02040477993566,
      "peak_cum_r": 9.26253915118954,
      "profit_factor": 1.5361357323452778,
      "rolling_sharpe": 0.17768505655197506,
      "sum_downside_r_squared": 12.848010606994494,
      "sum_r_squared": 40.50644107489358,
      "total_decisions": 38,
      "total_pnl_usd": 69.52906174977483,
      "total_r": 6.952906174977482,
      "win_rate": 0.5526315789473685,
      "wins": 21
    },
    {
      "active": true,
      "agent_id": "gen224-mut382-liq-trend-v1",
      "expectancy_r": 0.09243274148043953,
      "gross_loss_r": 1.47967492122085,
      "gross_win_r": 1.849405887142608,
      "last_r": -0.05864705264211201,
      "losses": 3,
      "max_drawdown_r": 1.227695460065508,
      "peak_cum_r": 0.6217104270771001,
      "profit_factor": 1.2498731043009774,
      "rolling_sharpe": 0.07207405722848341,
      "sum_downside_r_squared": 1.548053039630592,
      "sum_r_squared": 4.968355175028329,
      "total_decisions": 4,
      "total_pnl_usd": 3.6973096592175807,
      "total_r": 0.36973096592175814,
      "win_rate": 0.25,
      "wins": 1
    },
    {
      "active": true,
      "agent_id": "funding-trend-v0",
      "expectancy_r": 0.4297,
      "gross_loss_r": 13,
      "gross_win_r": 24,
      "last_r": 1,
      "losses": 13,
      "max_drawdown_r": 3,
      "peak_cum_r": 13.084365000000002,
      "profit_factor": 1.8461538461538463,
      "rolling_sharpe": 0.37564000000000003,
      "sum_downside_r_squared": 13,
      "sum_r_squared": 49,
      "total_decisions": 29,
      "total_pnl_usd": 124.61300000000001,
      "total_r": 12.461300000000001,
      "win_rate": 0.5517241379310345,
      "wins": 16,
      "is_warmup": true
    },
    {
      "active": true,
      "agent_id": "funding-arb-v0",
      "expectancy_r": 0.3025,
      "gross_loss_r": 10,
      "gross_win_r": 16.5,
      "last_r": 1,
      "losses": 10,
      "max_drawdown_r": 3,
      "peak_cum_r": 6.6701250000000005,
      "profit_factor": 1.65,
      "rolling_sharpe": 0.28300000000000003,
      "sum_downside_r_squared": 10,
      "sum_r_squared": 34.75,
      "total_decisions": 21,
      "total_pnl_usd": 63.525,
      "total_r": 6.3525,
      "win_rate": 0.5238095238095238,
      "wins": 11,
      "is_warmup": true
    },
    {
      "active": true,
      "agent_id": "polyedge-v0",
      "expectancy_r": 0.5931000000000001,
      "gross_loss_r": 19,
      "gross_win_r": 52.5,
      "last_r": 1,
      "losses": 19,
      "max_drawdown_r": 3,
      "peak_cum_r": 33.62877000000001,
      "profit_factor": 2.763157894736842,
      "rolling_sharpe": 0.55172,
      "sum_downside_r_squared": 19,
      "sum_r_squared": 97.75,
      "total_decisions": 54,
      "total_pnl_usd": 320.27400000000006,
      "total_r": 32.02740000000001,
      "win_rate": 0.6481481481481481,
      "wins": 35,
      "is_warmup": true
    },
    {
      "active": true,
      "agent_id": "gen224-mut377-liq-trend-v1",
      "expectancy_r": 0.5312,
      "gross_loss_r": 21,
      "gross_win_r": 49.5,
      "last_r": 1,
      "losses": 21,
      "max_drawdown_r": 3,
      "peak_cum_r": 30.119040000000002,
      "profit_factor": 2.357142857142857,
      "rolling_sharpe": 0.45744,
      "sum_downside_r_squared": 21,
      "sum_r_squared": 95.25,
      "total_decisions": 54,
      "total_pnl_usd": 286.848,
      "total_r": 28.6848,
      "win_rate": 0.6111111111111112,
      "wins": 33,
      "is_warmup": true
    },
    {
      "active": true,
      "agent_id": "gen224-mut378-liq-fade-v0",
      "expectancy_r": 0.36510000000000004,
      "gross_loss_r": 14,
      "gross_win_r": 24,
      "last_r": 1,
      "losses": 14,
      "max_drawdown_r": 3,
      "peak_cum_r": 11.500650000000002,
      "profit_factor": 1.7142857142857142,
      "rolling_sharpe": 0.31812,
      "sum_downside_r_squared": 14,
      "sum_r_squared": 50,
      "total_decisions": 30,
      "total_pnl_usd": 109.53000000000002,
      "total_r": 10.953000000000001,
      "win_rate": 0.5333333333333333,
      "wins": 16,
      "is_warmup": true
    },
    {
      "active": true,
      "agent_id": "gen224-mut379-funding-trend-v1",
      "expectancy_r": 0.4759,
      "gross_loss_r": 16,
      "gross_win_r": 34.5,
      "last_r": 1,
      "losses": 16,
      "max_drawdown_r": 3,
      "peak_cum_r": 19.488105,
      "profit_factor": 2.15625,
      "rolling_sharpe": 0.43108,
      "sum_downside_r_squared": 16,
      "sum_r_squared": 67.75,
      "total_decisions": 39,
      "total_pnl_usd": 185.601,
      "total_r": 18.5601,
      "win_rate": 0.5897435897435898,
      "wins": 23,
      "is_warmup": true
    },
    {
      "active": true,
      "agent_id": "gen224-mut380-funding-arb-v1",
      "expectancy_r": 0.33149999999999996,
      "gross_loss_r": 12,
      "gross_win_r": 21,
      "last_r": 1,
      "losses": 12,
      "max_drawdown_r": 3,
      "peak_cum_r": 9.04995,
      "profit_factor": 1.75,
      "rolling_sharpe": 0.3178,
      "sum_downside_r_squared": 12,