{
  "agents": [
    {
      "active": true,
      "agent_id": "vol-breakout-v1",
      "expectancy_r": 0.8732864580155804,
      "gross_loss_r": 529.3218713349232,
      "gross_win_r": 1891.6487458392303,
      "last_r": 1.8591339151130082,
      "losses": 516,
      "max_drawdown_r": 5.49720477623714,
      "peak_cum_r": 1362.3268745043054,
      "profit_factor": 3.5737211105004727,
      "rolling_sharpe": 0.6370773767640477,
      "sum_downside_r_squared": 573.0062498268413,
      "sum_r_squared": 4119.078157761324,
      "total_decisions": 1560,
      "total_pnl_usd": 13623.268745043079,
      "total_r": 1362.3268745043054,
      "win_rate": 0.6692307692307692,
      "wins": 1044
    },
    {
      "active": true,
      "agent_id": "vol-breakout-v0",
      "expectancy_r": 0.8021053602868792,
      "gross_loss_r": 855.3724269222641,
      "gross_win_r": 2790.050555934226,
      "last_r": 1.8591339151130082,
      "losses": 840,
      "max_drawdown_r": 5.374687353202262,
      "peak_cum_r": 1934.6781290119527,
      "profit_factor": 3.2617962283086133,
      "rolling_sharpe": 0.583411041116365,
      "sum_downside_r_squared": 921.7327523278583,
      "sum_r_squared": 6109.14866166266,
      "total_decisions": 2412,
      "total_pnl_usd": 19346.78129011956,
      "total_r": 1934.6781290119527,
      "win_rate": 0.6517412935323383,
      "wins": 1572
    },
    {
      "active": true,
      "agent_id": "gen2-mut25-vol-breakout-v0",
      "expectancy_r": 0.794035441923565,
      "gross_loss_r": 746.793212185855,
      "gross_win_r": 2345.980592219913,
      "last_r": 1.837819482668835,
      "losses": 742,
      "max_drawdown_r": 5.507957176917216,
      "peak_cum_r": 1599.18738003406,
      "profit_factor": 3.14140588577828,
      "rolling_sharpe": 0.5665870805752325,
      "sum_downside_r_squared": 798.1773653098328,
      "sum_r_squared": 5223.38858388859,
      "total_decisions": 2014,
      "total_pnl_usd": 15991.873800340583,
      "total_r": 1599.18738003406,
      "win_rate": 0.631578947368421,
      "wins": 1272
    },
    {
      "active": true,
      "agent_id": "gen33-mut40-liq-fade-v0",
      "expectancy_r": 0.18297121513098633,
      "gross_loss_r": 12.968555825523156,
      "gross_win_r": 19.921462000500632,
      "last_r": -1.160831620355443,
      "losses": 17,
      "max_drawdown_r": 8.02040477993566,
      "peak_cum_r": 9.26253915118954,
      "profit_factor": 1.5361357323452778,
      "rolling_sharpe": 0.177685056551975,
      "sum_downside_r_squared": 12.848010606994494,
      "sum_r_squared": 40.50644107489359,
      "total_decisions": 38,
      "total_pnl_usd": 69.52906174977483,
      "total_r": 6.95290617497748,
      "win_rate": 0.5526315789473685,
      "wins": 21
    },
    {
      "active": true,
      "agent_id": "gen8-mut106-liq-trend-v1",
      "expectancy_r": 0.17913783133738218,
      "gross_loss_r": 17.13778818173334,
      "gross_win_r": 24.303301435228622,
      "last_r": -1.0578151640546016,
      "losses": 20,
      "max_drawdown_r": 8.459410640376621,
      "peak_cum_r": 11.481274172409924,
      "profit_factor": 1.418111904378232,
      "rolling_sharpe": 0.1488492855025545,
      "sum_downside_r_squared": 17.378123492642768,
      "sum_r_squared": 57.77025198908812,
      "total_decisions": 40,
      "total_pnl_usd": 71.65513253495286,
      "total_r": 7.165513253495287,
      "win_rate": 0.5,
      "wins": 20
    },
    {
      "active": true,
      "agent_id": "funding-trend-v0",
      "expectancy_r": 0.4297,
      "gross_loss_r": 13,
      "gross_win_r": 24,
      "last_r": 1,
      "losses": 13,
      "max_drawdown_r": 3,
      "peak_cum_r": 13.084365000000002,
      "profit_factor": 1.8461538461538463,
      "rolling_sharpe": 0.37564000000000003,
      "sum_downside_r_squared": 13,
      "sum_r_squared": 49,
      "total_decisions": 29,
      "total_pnl_usd": 124.61300000000001,
      "total_r": 12.461300000000001,
      "win_rate": 0.5517241379310345,
      "wins": 16,
      "is_warmup": true
    },
    {
      "active": true,
      "agent_id": "funding-arb-v0",
      "expectancy_r": 0.3025,
      "gross_loss_r": 10,
      "gross_win_r": 16.5,
      "last_r": 1,
      "losses": 10,
      "max_drawdown_r": 3,
      "peak_cum_r": 6.6701250000000005,
      "profit_factor": 1.65,
      "rolling_sharpe": 0.28300000000000003,
      "sum_downside_r_squared": 10,
      "sum_r_squared": 34.75,
      "total_decisions": 21,
      "total_pnl_usd": 63.525,
      "total_r": 6.3525,
      "win_rate": 0.5238095238095238,
      "wins": 11,
      "is_warmup": true
    },
    {
      "active": true,
      "agent_id": "polyedge-v0",
      "expectancy_r": 0.5931000000000001,
      "gross_loss_r": 19,
      "gross_win_r": 52.5,
      "last_r": 1,
      "losses": 19,
      "max_drawdown_r": 3,
      "peak_cum_r": 33.62877000000001,
      "profit_factor": 2.763157894736842,
      "rolling_sharpe": 0.55172,
      "sum_downside_r_squared": 19,
      "sum_r_squared": 97.75,
      "total_decisions": 54,
      "total_pnl_usd": 320.27400000000006,
      "total_r": 32.02740000000001,
      "win_rate": 0.6481481481481481,
      "wins": 35,
      "is_warmup": true
    },
    {
      "active": true,
      "agent_id": "gen360-mut400-liq-trend-v1",
      "expectancy_r": 0.4634,
      "gross_loss_r": 16,
      "gross_win_r": 27,
      "last_r": 1,
      "losses": 16,
      "max_drawdown_r": 3,
      "peak_cum_r": 16.54338,
      "profit_factor": 1.6875,
      "rolling_sharpe": 0.37607999999999997,
      "sum_downside_r_squared": 16,
      "sum_r_squared": 56.5,
      "total_decisions": 34,
      "total_pnl_usd": 157.55599999999998,
      "total_r": 15.7556,
      "win_rate": 0.5294117647058824,
      "wins": 18,
      "is_warmup": true
    },
    {
      "active": true,
      "agent_id": "gen360-mut401-liq-fade-v0",
      "expectancy_r": 0.3699,
      "gross_loss_r": 15,
      "gross_win_r": 24,
      "last_r": 1,
      "losses": 15,
      "max_drawdown_r": 3,
      "peak_cum_r": 12.040245,
      "profit_factor": 1.6,
      "rolling_sharpe": 0.32388,
      "sum_downside_r_squared": 15,
      "sum_r_squared": 51,
      "total_decisions": 31,
      "total_pnl_usd": 114.66900000000001,
      "total_r": 11.4669,
      "win_rate": 0.5161290322580645,
      "wins": 16,
      "is_warmup": true
    },
    {
      "active": true,
      "agent_id": "gen360-mut402-funding-trend-v1",
      "expectancy_r": 0.4985,
      "gross_loss_r": 17,
      "gross_win_r": 40.5,
      "last_r": 1,
      "losses": 17,
      "max_drawdown_r": 3,
      "peak_cum_r": 23.030700000000003,
      "profit_factor": 2.3823529411764706,
      "rolling_sharpe": 0.4582,
      "sum_downside_r_squared": 17,
      "sum_r_squared": 77.75,
      "total_decisions": 44,
      "total_pnl_usd": 219.34,
      "total_r": 21.934,
      "win_rate": 0.6136363636363636,
      "wins": 27,
      "is_warmup": true
    },
    {
      "active": true,
      "agent_id": "gen360-mut403-funding-arb-v1",
      "expectancy_r": 0.31199999999999994,
      "gross_loss_r": 11,
      "gross_win_r": 16.5,
      "last_r": 1,
      "losses": 11,
      "max_drawdown_r": 3,
      "peak_cum_r": 7.207199999999999,
      "profit_factor": 1.5,
      "rolling_sharpe": 0.2944,
      "sum_downside_r_squared": 11,
      "sum_r_squared": 35.75,
      "total_decisions": 22,
      "total_pnl_usd": 68.63999999999999,
      "total_r": 6.863999999999999,
      "win_rate": 0.5,
      "wins": 11,
      "is_warmup": true
    },
    {
      "active": true,
      "agent_id": "gen360-mut404-polyedge-v1",
      "expectancy_r": 0.5287000000000001,
      "gross_loss_r": 15,
      "gross_win_r": 31.5,
      "last_r": 1,
      "losses": 15,
      "max_drawdown_r": 3,
      "peak_cum_r": 19.98486,
      "profit_factor": 2.1,
      "rolling_sharpe": 0.47444,
      "sum_downside_r_squared": 15,
      "sum_r_squared": 62.25,
      "total_decisions": 36,
      "total_pnl_usd": 190.332,
      "total_r": 19.0332,