{
  "agents": [
    {
      "active": true,
      "agent_id": "vol-breakout-v0",
      "expectancy_r": 0.754498121239078,
      "gross_loss_r": 2387.1874485450558,
      "gross_win_r": 7295.952225326472,
      "last_r": 0.32992311575128347,
      "losses": 2365,
      "max_drawdown_r": 5.374687353202262,
      "peak_cum_r": 4908.7647767814415,
      "profit_factor": 3.056296324686699,
      "rolling_sharpe": 0.5459616112937268,
      "sum_downside_r_squared": 2567.842349965278,
      "sum_r_squared": 16127.023595422668,
      "total_decisions": 6506,
      "total_pnl_usd": 49087.64776781399,
      "total_r": 4908.7647767814415,
      "win_rate": 0.6364893944051645,
      "wins": 4141
    },
    {
      "active": true,
      "agent_id": "gen2-mut25-vol-breakout-v0",
      "expectancy_r": 0.7670218928601524,
      "gross_loss_r": 2073.1857352970737,
      "gross_win_r": 6244.250788670593,
      "last_r": 1.3438621451040969,
      "losses": 2038,
      "max_drawdown_r": 5.507957176917444,
      "peak_cum_r": 4171.307731658999,
      "profit_factor": 3.0119109360820646,
      "rolling_sharpe": 0.5444546545499531,
      "sum_downside_r_squared": 2219.531097046497,
      "sum_r_squared": 13990.043051590916,
      "total_decisions": 5438,
      "total_pnl_usd": 41710.65053373561,
      "total_r": 4171.065053373509,
      "win_rate": 0.625229863920559,
      "wins": 3400
    },
    {
      "active": true,
      "agent_id": "vol-breakout-v1",
      "expectancy_r": 0.8712051793757466,
      "gross_loss_r": 1385.1764069756748,
      "gross_win_r": 4979.768977079989,
      "last_r": 1.8740594234729755,
      "losses": 1360,
      "max_drawdown_r": 5.49720477623714,
      "peak_cum_r": 3594.5925701043307,
      "profit_factor": 3.5950431670667626,
      "rolling_sharpe": 0.6382315973617948,
      "sum_downside_r_squared": 1494.8079475717875,
      "sum_r_squared": 10817.766902349547,
      "total_decisions": 4126,
      "total_pnl_usd": 35945.925701043234,
      "total_r": 3594.5925701043307,
      "win_rate": 0.6703829374697043,
      "wins": 2766
    },
    {
      "active": true,
      "agent_id": "gen8-mut106-liq-trend-v1",
      "expectancy_r": 0.17913783133738218,
      "gross_loss_r": 17.13778818173334,
      "gross_win_r": 24.303301435228622,
      "last_r": -1.0578151640546016,
      "losses": 20,
      "max_drawdown_r": 8.459410640376621,
      "peak_cum_r": 11.481274172409924,
      "profit_factor": 1.418111904378232,
      "rolling_sharpe": 0.14884928550255452,
      "sum_downside_r_squared": 17.378123492642768,
      "sum_r_squared": 57.77025198908811,
      "total_decisions": 40,
      "total_pnl_usd": 71.65513253495286,
      "total_r": 7.165513253495287,
      "win_rate": 0.5,
      "wins": 20
    },
    {
      "active": true,
      "agent_id": "gen31-mut40-liq-fade-v0",
      "expectancy_r": 0.18297121513098635,
      "gross_loss_r": 12.968555825523156,
      "gross_win_r": 19.921462000500632,
      "last_r": -1.160831620355443,
      "losses": 17,
      "max_drawdown_r": 8.02040477993566,
      "peak_cum_r": 9.26253915118954,
      "profit_factor": 1.5361357323452778,
      "rolling_sharpe": 0.17768505655197506,
      "sum_downside_r_squared": 12.848010606994494,
      "sum_r_squared": 40.50644107489358,
      "total_decisions": 38,
      "total_pnl_usd": 69.52906174977483,
      "total_r": 6.952906174977482,
      "win_rate": 0.5526315789473685,
      "wins": 21
    },
    {
      "active": true,
      "agent_id": "funding-trend-v0",
      "expectancy_r": 0.4297,
      "gross_loss_r": 13,
      "gross_win_r": 24,
      "last_r": 1,
      "losses": 13,
      "max_drawdown_r": 3,
      "peak_cum_r": 13.084365000000002,
      "profit_factor": 1.8461538461538463,
      "rolling_sharpe": 0.37564000000000003,
      "sum_downside_r_squared": 13,
      "sum_r_squared": 49,
      "total_decisions": 29,
      "total_pnl_usd": 124.61300000000001,
      "total_r": 12.461300000000001,
      "win_rate": 0.5517241379310345,
      "wins": 16,
      "is_warmup": true
    },
    {
      "active": true,
      "agent_id": "funding-arb-v0",
      "expectancy_r": 0.3025,
      "gross_loss_r": 10,
      "gross_win_r": 16.5,
      "last_r": 1,
      "losses": 10,
      "max_drawdown_r": 3,
      "peak_cum_r": 6.6701250000000005,
      "profit_factor": 1.65,
      "rolling_sharpe": 0.28300000000000003,
      "sum_downside_r_squared": 10,
      "sum_r_squared": 34.75,
      "total_decisions": 21,
      "total_pnl_usd": 63.525,
      "total_r": 6.3525,
      "win_rate": 0.5238095238095238,
      "wins": 11,
      "is_warmup": true
    },
    {
      "active": true,
      "agent_id": "polyedge-v0",
      "expectancy_r": 0.5931000000000001,
      "gross_loss_r": 19,
      "gross_win_r": 52.5,
      "last_r": 1,
      "losses": 19,
      "max_drawdown_r": 3,
      "peak_cum_r": 33.62877000000001,
      "profit_factor": 2.763157894736842,
      "rolling_sharpe": 0.55172,
      "sum_downside_r_squared": 19,
      "sum_r_squared": 97.75,
      "total_decisions": 54,
      "total_pnl_usd": 320.27400000000006,
      "total_r": 32.02740000000001,
      "win_rate": 0.6481481481481481,
      "wins": 35,
      "is_warmup": true
    },
    {
      "active": true,
      "agent_id": "gen952-mut378-liq-fade-v0",
      "expectancy_r": 0.4203,
      "gross_loss_r": 18,
      "gross_win_r": 39,
      "last_r": 1,
      "losses": 18,
      "max_drawdown_r": 3,
      "peak_cum_r": 19.41786,
      "profit_factor": 2.1666666666666665,
      "rolling_sharpe": 0.38436,
      "sum_downside_r_squared": 18,
      "sum_r_squared": 76.5,
      "total_decisions": 44,
      "total_pnl_usd": 184.93200000000002,
      "total_r": 18.4932,
      "win_rate": 0.5909090909090909,
      "wins": 26,
      "is_warmup": true
    },
    {
      "active": true,
      "agent_id": "gen952-mut379-funding-trend-v1",
      "expectancy_r": 0.4751,
      "gross_loss_r": 16,
      "gross_win_r": 34.5,
      "last_r": 1,
      "losses": 16,
      "max_drawdown_r": 3,
      "peak_cum_r": 19.455345,
      "profit_factor": 2.15625,
      "rolling_sharpe": 0.43012,
      "sum_downside_r_squared": 16,
      "sum_r_squared": 67.75,
      "total_decisions": 39,
      "total_pnl_usd": 185.289,
      "total_r": 18.5289,
      "win_rate": 0.5897435897435898,
      "wins": 23,
      "is_warmup": true
    },
    {
      "active": true,
      "agent_id": "gen952-mut380-funding-arb-v1",
      "expectancy_r": 0.3659,
      "gross_loss_r": 14,
      "gross_win_r": 28.5,
      "last_r": 1,
      "losses": 14,
      "max_drawdown_r": 3,
      "peak_cum_r": 12.678435,
      "profit_factor": 2.0357142857142856,
      "rolling_sharpe": 0.35908,
      "sum_downside_r_squared": 14,
      "sum_r_squared": 56.75,
      "total_decisions": 33,
      "total_pnl_usd": 120.747,
      "total_r": 12.0747,
      "win_rate": 0.5757575757575758,
      "wins": 19,
      "is_warmup": true
    },
    {
      "active": true,
      "agent_id": "gen952-mut381-polyedge-v1",
      "expectancy_r": 0.52,
      "gross_loss_r": 14,
      "gross_win_r": 30,
      "last_r": 1,
      "losses": 14,
      "max_drawdown_r": 3,
      "peak_cum_r": 18.564,
      "profit_factor": 2.142857142857143,
      "rolling_sharpe": 0.464,
      "sum_downside_r_squared": 14,
      "sum_r_squared": 59,
      "total_decisions": 34,
      "total_pnl_usd": 176.8,
      "total_r": 17.68,
      "win_rate": 0.5882352941176471,
      "wins": 20,
      "is_warmup": true
    },
    {
      "active": true,
      "agent_id": "gen952-mut383-liq-fade-v0",
      "expectancy_r": 0.35650000000000004,
      "gross_loss_r": 14,
      "gross_win_r": 21,
      "last_r": 1,
      "losses": 14,
      "max_drawdown_r": 3,
      "peak_cum_r": 10.481100000000001,
      "profit_factor": 1.5,
      "rolling_sharpe": 0.30779999999999996,
      "sum_downside_r_squared": 14,
      "sum_r_squared": 45.5,
      "total_decisions": 28,
      "total_pnl_usd": 99.82000000000001,
      "total_r": 9.982000000000001,