{
  "agents": [
    {
      "active": true,
      "agent_id": "vol-breakout-v1",
      "expectancy_r": 0.8776582418732845,
      "gross_loss_r": 612.5283754644512,
      "gross_win_r": 2232.685489962537,
      "last_r": -1.137831267386061,
      "losses": 603,
      "max_drawdown_r": 5.49720477623714,
      "peak_cum_r": 1621.294945765469,
      "profit_factor": 3.645031935491311,
      "rolling_sharpe": 0.6447010892921698,
      "sum_downside_r_squared": 660.8147028699083,
      "sum_r_squared": 4841.190922059289,
      "total_decisions": 1846,
      "total_pnl_usd": 16201.571144980908,
      "total_r": 1620.157114498083,
      "win_rate": 0.6733477789815818,
      "wins": 1243
    },
    {
      "active": true,
      "agent_id": "vol-breakout-v0",
      "expectancy_r": 0.7623762262855476,
      "gross_loss_r": 1056.5437799187403,
      "gross_win_r": 3272.009093504555,
      "last_r": 0.9206166666062066,
      "losses": 1045,
      "max_drawdown_r": 5.374687353202262,
      "peak_cum_r": 2215.465313585801,
      "profit_factor": 3.0968987331090134,
      "rolling_sharpe": 0.5531399833404993,
      "sum_downside_r_squared": 1135.4471367259744,
      "sum_r_squared": 7207.437717020414,
      "total_decisions": 2906,
      "total_pnl_usd": 22154.65313585806,
      "total_r": 2215.465313585801,
      "win_rate": 0.6403991741225051,
      "wins": 1861
    },
    {
      "active": true,
      "agent_id": "gen2-mut25-vol-breakout-v0",
      "expectancy_r": 0.7707372641788863,
      "gross_loss_r": 914.8788553659961,
      "gross_win_r": 2778.521560150537,
      "last_r": -1.137831267386061,
      "losses": 901,
      "max_drawdown_r": 5.507957176917216,
      "peak_cum_r": 1864.780536051933,
      "profit_factor": 3.0370376841193836,
      "rolling_sharpe": 0.5481059164890958,
      "sum_downside_r_squared": 979.2907489749558,
      "sum_r_squared": 6215.63587467762,
      "total_decisions": 2418,
      "total_pnl_usd": 18636.427047845493,
      "total_r": 1863.642704784547,
      "win_rate": 0.6273779983457403,
      "wins": 1517
    },
    {
      "active": true,
      "agent_id": "gen31-mut40-liq-fade-v0",
      "expectancy_r": 0.18297121513098635,
      "gross_loss_r": 12.968555825523156,
      "gross_win_r": 19.921462000500632,
      "last_r": -1.160831620355443,
      "losses": 17,
      "max_drawdown_r": 8.02040477993566,
      "peak_cum_r": 9.26253915118954,
      "profit_factor": 1.5361357323452778,
      "rolling_sharpe": 0.17768505655197506,
      "sum_downside_r_squared": 12.848010606994494,
      "sum_r_squared": 40.50644107489358,
      "total_decisions": 38,
      "total_pnl_usd": 69.52906174977483,
      "total_r": 6.952906174977482,
      "win_rate": 0.5526315789473685,
      "wins": 21
    },
    {
      "active": true,
      "agent_id": "gen8-mut106-liq-trend-v1",
      "expectancy_r": 0.17913783133738218,
      "gross_loss_r": 17.13778818173334,
      "gross_win_r": 24.303301435228622,
      "last_r": -1.0578151640546016,
      "losses": 20,
      "max_drawdown_r": 8.459410640376621,
      "peak_cum_r": 11.481274172409924,
      "profit_factor": 1.418111904378232,
      "rolling_sharpe": 0.14884928550255452,
      "sum_downside_r_squared": 17.378123492642768,
      "sum_r_squared": 57.77025198908811,
      "total_decisions": 40,
      "total_pnl_usd": 71.65513253495286,
      "total_r": 7.165513253495287,
      "win_rate": 0.5,
      "wins": 20
    },
    {
      "active": true,
      "agent_id": "funding-trend-v0",
      "expectancy_r": 0.4297,
      "gross_loss_r": 13,
      "gross_win_r": 24,
      "last_r": 1,
      "losses": 13,
      "max_drawdown_r": 3,
      "peak_cum_r": 13.084365000000002,
      "profit_factor": 1.8461538461538463,
      "rolling_sharpe": 0.37564000000000003,
      "sum_downside_r_squared": 13,
      "sum_r_squared": 49,
      "total_decisions": 29,
      "total_pnl_usd": 124.61300000000001,
      "total_r": 12.461300000000001,
      "win_rate": 0.5517241379310345,
      "wins": 16,
      "is_warmup": true
    },
    {
      "active": true,
      "agent_id": "funding-arb-v0",
      "expectancy_r": 0.3025,
      "gross_loss_r": 10,
      "gross_win_r": 16.5,
      "last_r": 1,
      "losses": 10,
      "max_drawdown_r": 3,
      "peak_cum_r": 6.6701250000000005,
      "profit_factor": 1.65,
      "rolling_sharpe": 0.28300000000000003,
      "sum_downside_r_squared": 10,
      "sum_r_squared": 34.75,
      "total_decisions": 21,
      "total_pnl_usd": 63.525,
      "total_r": 6.3525,
      "win_rate": 0.5238095238095238,
      "wins": 11,
      "is_warmup": true
    },
    {
      "active": true,
      "agent_id": "polyedge-v0",
      "expectancy_r": 0.5931000000000001,
      "gross_loss_r": 19,
      "gross_win_r": 52.5,
      "last_r": 1,
      "losses": 19,
      "max_drawdown_r": 3,
      "peak_cum_r": 33.62877000000001,
      "profit_factor": 2.763157894736842,
      "rolling_sharpe": 0.55172,
      "sum_downside_r_squared": 19,
      "sum_r_squared": 97.75,
      "total_decisions": 54,
      "total_pnl_usd": 320.27400000000006,
      "total_r": 32.02740000000001,
      "win_rate": 0.6481481481481481,
      "wins": 35,
      "is_warmup": true
    },
    {
      "active": true,
      "agent_id": "gen420-mut378-liq-fade-v0",
      "expectancy_r": 0.4237,
      "gross_loss_r": 19,
      "gross_win_r": 39,
      "last_r": 1,
      "losses": 19,
      "max_drawdown_r": 3,
      "peak_cum_r": 20.019825,
      "profit_factor": 2.0526315789473686,
      "rolling_sharpe": 0.38844,
      "sum_downside_r_squared": 19,
      "sum_r_squared": 77.5,
      "total_decisions": 45,
      "total_pnl_usd": 190.66500000000002,
      "total_r": 19.0665,
      "win_rate": 0.5777777777777777,
      "wins": 26,
      "is_warmup": true
    },
    {
      "active": true,
      "agent_id": "gen420-mut379-funding-trend-v1",
      "expectancy_r": 0.47450000000000003,
      "gross_loss_r": 15,
      "gross_win_r": 34.5,
      "last_r": 1,
      "losses": 15,
      "max_drawdown_r": 3,
      "peak_cum_r": 18.932550000000003,
      "profit_factor": 2.3,
      "rolling_sharpe": 0.4294,
      "sum_downside_r_squared": 15,
      "sum_r_squared": 66.75,
      "total_decisions": 38,
      "total_pnl_usd": 180.31000000000003,
      "total_r": 18.031000000000002,
      "win_rate": 0.6052631578947368,
      "wins": 23,
      "is_warmup": true
    },
    {
      "active": true,
      "agent_id": "gen420-mut380-funding-arb-v1",
      "expectancy_r": 0.35609999999999997,
      "gross_loss_r": 14,
      "gross_win_r": 25.5,
      "last_r": 1,
      "losses": 14,
      "max_drawdown_r": 3,
      "peak_cum_r": 11.591055,
      "profit_factor": 1.8214285714285714,
      "rolling_sharpe": 0.34732,
      "sum_downside_r_squared": 14,
      "sum_r_squared": 52.25,
      "total_decisions": 31,
      "total_pnl_usd": 110.39099999999999,
      "total_r": 11.0391,
      "win_rate": 0.5483870967741935,
      "wins": 17,
      "is_warmup": true
    },
    {
      "active": true,
      "agent_id": "gen420-mut381-polyedge-v1",
      "expectancy_r": 0.5578000000000001,
      "gross_loss_r": 17,
      "gross_win_r": 40.5,
      "last_r": 1,
      "losses": 17,
      "max_drawdown_r": 3,
      "peak_cum_r": 25.770360000000004,
      "profit_factor": 2.3823529411764706,
      "rolling_sharpe": 0.50936,
      "sum_downside_r_squared": 17,
      "sum_r_squared": 77.75,
      "total_decisions": 44,
      "total_pnl_usd": 245.43200000000002,
      "total_r": 24.543200000000002,
      "win_rate": 0.6136363636363636,
      "wins": 27,
      "is_warmup": true
    },
    {
      "active": true,
      "agent_id": "gen420-mut383-liq-fade-v0",
      "expectancy_r": 0.43510000000000004,
      "gross_loss_r": 19,
      "gross_win_r": 43.5,
      "last_r": 1,
      "losses": 19,
      "max_drawdown_r": 3,
      "peak_cum_r": 21.929040000000004,
      "profit_factor": 2.289473684210526,
      "rolling_sharpe": 0.40212,
      "sum_downside_r_squared": 19,