{
  "agents": [
    {
      "active": true,
      "agent_id": "vol-breakout-v1",
      "expectancy_r": 0.8411511434689082,
      "gross_loss_r": 396.9914035011924,
      "gross_win_r": 1360.950613916562,
      "last_r": 0.5899254264330441,
      "losses": 387,
      "max_drawdown_r": 5.497204776236856,
      "peak_cum_r": 963.9592104153687,
      "profit_factor": 3.428161420912164,
      "rolling_sharpe": 0.6119863643136858,
      "sum_downside_r_squared": 429.754687370131,
      "sum_r_squared": 2973.902904112501,
      "total_decisions": 1146,
      "total_pnl_usd": 9639.59210415369,
      "total_r": 963.9592104153687,
      "win_rate": 0.662303664921466,
      "wins": 759
    },
    {
      "active": true,
      "agent_id": "vol-breakout-v0",
      "expectancy_r": 0.7805168914824119,
      "gross_loss_r": 641.5293201916983,
      "gross_win_r": 2034.751971487806,
      "last_r": 1.1675233213610765,
      "losses": 630,
      "max_drawdown_r": 5.374687353202262,
      "peak_cum_r": 1393.2226512961051,
      "profit_factor": 3.1717209291070168,
      "rolling_sharpe": 0.567132092512281,
      "sum_downside_r_squared": 691.2995642458937,
      "sum_r_squared": 4466.455782038515,
      "total_decisions": 1785,
      "total_pnl_usd": 13932.226512961093,
      "total_r": 1393.2226512961051,
      "win_rate": 0.6470588235294118,
      "wins": 1155
    },
    {
      "active": true,
      "agent_id": "gen2-mut25-vol-breakout-v0",
      "expectancy_r": 0.7662674532199123,
      "gross_loss_r": 559.5737031157036,
      "gross_win_r": 1695.9483362408307,
      "last_r": 1.1675233213610765,
      "losses": 556,
      "max_drawdown_r": 5.507957176917216,
      "peak_cum_r": 1136.37463312513,
      "profit_factor": 3.0307863410982305,
      "rolling_sharpe": 0.5459189120479894,
      "sum_downside_r_squared": 598.0894590224996,
      "sum_r_squared": 3790.5640667519533,
      "total_decisions": 1483,
      "total_pnl_usd": 11363.746331251274,
      "total_r": 1136.37463312513,
      "win_rate": 0.6250842886041807,
      "wins": 927
    },
    {
      "active": true,
      "agent_id": "gen58-mut389-liq-trend-v1",
      "expectancy_r": 0.3144873896258217,
      "gross_loss_r": 16.813860586394878,
      "gross_win_r": 30.651305729931025,
      "last_r": -1.0795628261391592,
      "losses": 16,
      "max_drawdown_r": 9.99751276274388,
      "peak_cum_r": 17.093247681986966,
      "profit_factor": 1.822978463062366,
      "rolling_sharpe": 0.25851129788921884,
      "sum_downside_r_squared": 17.927360247200337,
      "sum_r_squared": 67.98960653810465,
      "total_decisions": 44,
      "total_pnl_usd": 138.37445143536158,
      "total_r": 13.837445143536154,
      "win_rate": 0.6363636363636364,
      "wins": 28
    },
    {
      "active": true,
      "agent_id": "gen32-mut40-liq-fade-v0",
      "expectancy_r": 0.18297121513098635,
      "gross_loss_r": 12.968555825523156,
      "gross_win_r": 19.921462000500632,
      "last_r": -1.160831620355443,
      "losses": 17,
      "max_drawdown_r": 8.02040477993566,
      "peak_cum_r": 9.26253915118954,
      "profit_factor": 1.5361357323452778,
      "rolling_sharpe": 0.17768505655197503,
      "sum_downside_r_squared": 12.848010606994496,
      "sum_r_squared": 40.50644107489359,
      "total_decisions": 38,
      "total_pnl_usd": 69.52906174977483,
      "total_r": 6.952906174977482,
      "win_rate": 0.5526315789473685,
      "wins": 21
    },
    {
      "active": true,
      "agent_id": "gen175-mut13-funding-arb-v1",
      "expectancy_r": 0.1823833296685997,
      "gross_loss_r": 37.866021971509056,
      "gross_win_r": 50.63285504831104,
      "last_r": -1.0804231105841575,
      "losses": 37,
      "max_drawdown_r": 7.793902855139553,
      "peak_cum_r": 20.56073593194153,
      "profit_factor": 1.3371580222080877,
      "rolling_sharpe": 0.13301059966762246,
      "sum_downside_r_squared": 40.53717142025037,
      "sum_r_squared": 132.06038424207438,
      "total_decisions": 70,
      "total_pnl_usd": 127.6683307680198,
      "total_r": 12.766833076801976,
      "win_rate": 0.4714285714285714,
      "wins": 33
    },
    {
      "active": true,
      "agent_id": "funding-trend-v0",
      "expectancy_r": 0.4297,
      "gross_loss_r": 13,
      "gross_win_r": 24,
      "last_r": 1,
      "losses": 13,
      "max_drawdown_r": 3,
      "peak_cum_r": 13.084365000000002,
      "profit_factor": 1.8461538461538463,
      "rolling_sharpe": 0.37564000000000003,
      "sum_downside_r_squared": 13,
      "sum_r_squared": 49,
      "total_decisions": 29,
      "total_pnl_usd": 124.61300000000001,
      "total_r": 12.461300000000001,
      "win_rate": 0.5517241379310345,
      "wins": 16,
      "is_warmup": true
    },
    {
      "active": true,
      "agent_id": "polyedge-v0",
      "expectancy_r": 0.5931000000000001,
      "gross_loss_r": 19,
      "gross_win_r": 52.5,
      "last_r": 1,
      "losses": 19,
      "max_drawdown_r": 3,
      "peak_cum_r": 33.62877000000001,
      "profit_factor": 2.763157894736842,
      "rolling_sharpe": 0.55172,
      "sum_downside_r_squared": 19,
      "sum_r_squared": 97.75,
      "total_decisions": 54,
      "total_pnl_usd": 320.27400000000006,
      "total_r": 32.02740000000001,
      "win_rate": 0.6481481481481481,
      "wins": 35,
      "is_warmup": true
    },
    {
      "active": true,
      "agent_id": "gen261-mut370-liq-fade-v0",
      "expectancy_r": 0.44380000000000003,
      "gross_loss_r": 20,
      "gross_win_r": 45,
      "last_r": 1,
      "losses": 20,
      "max_drawdown_r": 3,
      "peak_cum_r": 23.299500000000002,
      "profit_factor": 2.25,
      "rolling_sharpe": 0.41256,
      "sum_downside_r_squared": 20,
      "sum_r_squared": 87.5,
      "total_decisions": 50,
      "total_pnl_usd": 221.9,
      "total_r": 22.19,
      "win_rate": 0.6,
      "wins": 30,
      "is_warmup": true
    },
    {
      "active": true,
      "agent_id": "gen261-mut371-funding-trend-v1",
      "expectancy_r": 0.4324,
      "gross_loss_r": 13,
      "gross_win_r": 24,
      "last_r": 1,
      "losses": 13,
      "max_drawdown_r": 3,
      "peak_cum_r": 13.166580000000002,
      "profit_factor": 1.8461538461538463,
      "rolling_sharpe": 0.37888000000000005,
      "sum_downside_r_squared": 13,
      "sum_r_squared": 49,
      "total_decisions": 29,
      "total_pnl_usd": 125.396,
      "total_r": 12.5396,
      "win_rate": 0.5517241379310345,
      "wins": 16,
      "is_warmup": true
    },
    {
      "active": true,
      "agent_id": "gen261-mut373-polyedge-v1",
      "expectancy_r": 0.5692,
      "gross_loss_r": 17,
      "gross_win_r": 45,
      "last_r": 1,
      "losses": 17,
      "max_drawdown_r": 3,
      "peak_cum_r": 28.090020000000003,
      "profit_factor": 2.6470588235294117,
      "rolling_sharpe": 0.52304,
      "sum_downside_r_squared": 17,
      "sum_r_squared": 84.5,
      "total_decisions": 47,
      "total_pnl_usd": 267.524,
      "total_r": 26.7524,
      "win_rate": 0.6382978723404256,
      "wins": 30,
      "is_warmup": true
    },
    {
      "active": true,
      "agent_id": "gen261-mut375-liq-fade-v0",
      "expectancy_r": 0.42050000000000004,
      "gross_loss_r": 18,
      "gross_win_r": 39,
      "last_r": 1,
      "losses": 18,
      "max_drawdown_r": 3,
      "peak_cum_r": 19.427100000000003,
      "profit_factor": 2.1666666666666665,
      "rolling_sharpe": 0.3846,
      "sum_downside_r_squared": 18,
      "sum_r_squared": 76.5,
      "total_decisions": 44,
      "total_pnl_usd": 185.02000000000004,
      "total_r": 18.502000000000002,
      "win_rate": 0.5909090909090909,
      "wins": 26,
      "is_warmup": true
    },
    {
      "active": true,
      "agent_id": "gen261-mut376-funding-trend-v0",
      "expectancy_r": 0.4244,
      "gross_loss_r": 12,
      "gross_win_r": 22.5,
      "last_r": 1,
      "losses": 12,
      "max_drawdown_r": 3,
      "peak_cum_r": 12.031740000000001,
      "profit_factor": 1.875,
      "rolling_sharpe": 0.36928,