{
  "agents": [
    {
      "active": true,
      "agent_id": "vol-breakout-v1",
      "expectancy_r": 0.8732864580155816,
      "gross_loss_r": 396.9914035011924,
      "gross_win_r": 1418.7365593794225,
      "last_r": 1.8377889238327885,
      "losses": 387,
      "max_drawdown_r": 5.497204776236856,
      "peak_cum_r": 1021.7451558782304,
      "profit_factor": 3.5737211105004727,
      "rolling_sharpe": 0.6370092656421606,
      "sum_downside_r_squared": 429.7546873701311,
      "sum_r_squared": 3089.3086183209916,
      "total_decisions": 1170,
      "total_pnl_usd": 10217.451558782299,
      "total_r": 1021.7451558782304,
      "win_rate": 0.6692307692307692,
      "wins": 783
    },
    {
      "active": true,
      "agent_id": "vol-breakout-v0",
      "expectancy_r": 0.8021053602868802,
      "gross_loss_r": 641.5293201916983,
      "gross_win_r": 2092.5379169506673,
      "last_r": 1.8591339151130082,
      "losses": 630,
      "max_drawdown_r": 5.374687353202262,
      "peak_cum_r": 1451.0085967589662,
      "profit_factor": 3.261796228308609,
      "rolling_sharpe": 0.5833707099116496,
      "sum_downside_r_squared": 691.2995642458936,
      "sum_r_squared": 4581.861496247004,
      "total_decisions": 1809,
      "total_pnl_usd": 14510.085967589694,
      "total_r": 1451.0085967589662,
      "win_rate": 0.6517412935323383,
      "wins": 1179
    },
    {
      "active": true,
      "agent_id": "gen2-mut25-vol-breakout-v0",
      "expectancy_r": 0.7924160284971471,
      "gross_loss_r": 559.5737031157036,
      "gross_win_r": 1753.7446580609023,
      "last_r": 1.837819482668835,
      "losses": 556,
      "max_drawdown_r": 5.507957176917216,
      "peak_cum_r": 1194.1709549452007,
      "profit_factor": 3.134072684788547,
      "rolling_sharpe": 0.5652490374137628,
      "sum_downside_r_squared": 598.0894590224996,
      "sum_r_squared": 3906.0082810291215,
      "total_decisions": 1507,
      "total_pnl_usd": 11941.709549451984,
      "total_r": 1194.1709549452007,
      "win_rate": 0.6310550763105508,
      "wins": 951
    },
    {
      "active": true,
      "agent_id": "gen33-mut40-liq-fade-v0",
      "expectancy_r": 0.18297121513098635,
      "gross_loss_r": 12.968555825523156,
      "gross_win_r": 19.921462000500632,
      "last_r": -1.160831620355443,
      "losses": 17,
      "max_drawdown_r": 8.02040477993566,
      "peak_cum_r": 9.26253915118954,
      "profit_factor": 1.5361357323452778,
      "rolling_sharpe": 0.17768505655197503,
      "sum_downside_r_squared": 12.848010606994494,
      "sum_r_squared": 40.50644107489359,
      "total_decisions": 38,
      "total_pnl_usd": 69.52906174977483,
      "total_r": 6.952906174977482,
      "win_rate": 0.5526315789473685,
      "wins": 21
    },
    {
      "active": true,
      "agent_id": "gen8-mut106-liq-trend-v1",
      "expectancy_r": 0.17913783133738218,
      "gross_loss_r": 17.13778818173334,
      "gross_win_r": 24.303301435228622,
      "last_r": -1.0578151640546016,
      "losses": 20,
      "max_drawdown_r": 8.459410640376621,
      "peak_cum_r": 11.481274172409924,
      "profit_factor": 1.418111904378232,
      "rolling_sharpe": 0.14884928550255452,
      "sum_downside_r_squared": 17.378123492642768,
      "sum_r_squared": 57.77025198908811,
      "total_decisions": 40,
      "total_pnl_usd": 71.65513253495286,
      "total_r": 7.165513253495287,
      "win_rate": 0.5,
      "wins": 20
    },
    {
      "active": true,
      "agent_id": "funding-trend-v0",
      "expectancy_r": 0.4297,
      "gross_loss_r": 13,
      "gross_win_r": 24,
      "last_r": 1,
      "losses": 13,
      "max_drawdown_r": 3,
      "peak_cum_r": 13.084365000000002,
      "profit_factor": 1.8461538461538463,
      "rolling_sharpe": 0.37564000000000003,
      "sum_downside_r_squared": 13,
      "sum_r_squared": 49,
      "total_decisions": 29,
      "total_pnl_usd": 124.61300000000001,
      "total_r": 12.461300000000001,
      "win_rate": 0.5517241379310345,
      "wins": 16,
      "is_warmup": true
    },
    {
      "active": true,
      "agent_id": "funding-arb-v0",
      "expectancy_r": 0.3025,
      "gross_loss_r": 10,
      "gross_win_r": 16.5,
      "last_r": 1,
      "losses": 10,
      "max_drawdown_r": 3,
      "peak_cum_r": 6.6701250000000005,
      "profit_factor": 1.65,
      "rolling_sharpe": 0.28300000000000003,
      "sum_downside_r_squared": 10,
      "sum_r_squared": 34.75,
      "total_decisions": 21,
      "total_pnl_usd": 63.525,
      "total_r": 6.3525,
      "win_rate": 0.5238095238095238,
      "wins": 11,
      "is_warmup": true
    },
    {
      "active": true,
      "agent_id": "polyedge-v0",
      "expectancy_r": 0.5931000000000001,
      "gross_loss_r": 19,
      "gross_win_r": 52.5,
      "last_r": 1,
      "losses": 19,
      "max_drawdown_r": 3,
      "peak_cum_r": 33.62877000000001,
      "profit_factor": 2.763157894736842,
      "rolling_sharpe": 0.55172,
      "sum_downside_r_squared": 19,
      "sum_r_squared": 97.75,
      "total_decisions": 54,
      "total_pnl_usd": 320.27400000000006,
      "total_r": 32.02740000000001,
      "win_rate": 0.6481481481481481,
      "wins": 35,
      "is_warmup": true
    },
    {
      "active": true,
      "agent_id": "gen270-mut405-liq-trend-v1",
      "expectancy_r": 0.5165,
      "gross_loss_r": 20,
      "gross_win_r": 45,
      "last_r": 1,
      "losses": 20,
      "max_drawdown_r": 3,
      "peak_cum_r": 27.11625,
      "profit_factor": 2.25,
      "rolling_sharpe": 0.43979999999999997,
      "sum_downside_r_squared": 20,
      "sum_r_squared": 87.5,
      "total_decisions": 50,
      "total_pnl_usd": 258.25,
      "total_r": 25.825,
      "win_rate": 0.6,
      "wins": 30,
      "is_warmup": true
    },
    {
      "active": true,
      "agent_id": "gen270-mut406-liq-fade-v0",
      "expectancy_r": 0.43960000000000005,
      "gross_loss_r": 20,
      "gross_win_r": 43.5,
      "last_r": 1,
      "losses": 20,
      "max_drawdown_r": 3,
      "peak_cum_r": 22.617420000000003,
      "profit_factor": 2.175,
      "rolling_sharpe": 0.40752,
      "sum_downside_r_squared": 20,
      "sum_r_squared": 85.25,
      "total_decisions": 49,
      "total_pnl_usd": 215.40400000000002,
      "total_r": 21.5404,
      "win_rate": 0.5918367346938775,
      "wins": 29,
      "is_warmup": true
    },
    {
      "active": true,
      "agent_id": "gen270-mut407-funding-trend-v1",
      "expectancy_r": 0.45940000000000003,
      "gross_loss_r": 15,
      "gross_win_r": 30,
      "last_r": 1,
      "losses": 15,
      "max_drawdown_r": 3,
      "peak_cum_r": 16.88295,
      "profit_factor": 2,
      "rolling_sharpe": 0.41128000000000003,
      "sum_downside_r_squared": 15,
      "sum_r_squared": 60,
      "total_decisions": 35,
      "total_pnl_usd": 160.79000000000002,
      "total_r": 16.079,
      "win_rate": 0.5714285714285714,
      "wins": 20,
      "is_warmup": true
    },
    {
      "active": true,
      "agent_id": "gen270-mut408-funding-arb-v1",
      "expectancy_r": 0.3141,
      "gross_loss_r": 11,
      "gross_win_r": 18,
      "last_r": 1,
      "losses": 11,
      "max_drawdown_r": 3,
      "peak_cum_r": 7.585515,
      "profit_factor": 1.6363636363636365,
      "rolling_sharpe": 0.29692,
      "sum_downside_r_squared": 11,
      "sum_r_squared": 38,
      "total_decisions": 23,
      "total_pnl_usd": 72.243,
      "total_r": 7.2242999999999995,
      "win_rate": 0.5217391304347826,
      "wins": 12,
      "is_warmup": true
    },
    {
      "active": true,
      "agent_id": "gen270-mut409-polyedge-v1",
      "expectancy_r": 0.5358,
      "gross_loss_r": 15,
      "gross_win_r": 34.5,
      "last_r": 1,
      "losses": 15,
      "max_drawdown_r": 3,
      "peak_cum_r": 21.378420000000002,
      "profit_factor": 2.3,
      "rolling_sharpe": 0.48296,
      "sum_downside_r_squared": 15,
      "sum_r_squared": 66.75,
      "total_decisions": 38,
      "total_pnl_usd": 203.604,
      "total_r": 20.360400000000002,