{
  "agents": [
    {
      "active": true,
      "agent_id": "vol-breakout-v1",
      "expectancy_r": 0.873286458015581,
      "gross_loss_r": 88.22031188915383,
      "gross_win_r": 315.2747909732049,
      "last_r": 1.8591339151130082,
      "losses": 86,
      "max_drawdown_r": 5.497204776236856,
      "peak_cum_r": 227.05447908405105,
      "profit_factor": 3.573721110500473,
      "rolling_sharpe": 0.6360549441090767,
      "sum_downside_r_squared": 95.50104163780698,
      "sum_r_squared": 686.5130262935517,
      "total_decisions": 260,
      "total_pnl_usd": 2270.5447908405094,
      "total_r": 227.05447908405105,
      "win_rate": 0.6692307692307692,
      "wins": 174
    },
    {
      "active": true,
      "agent_id": "vol-breakout-v0",
      "expectancy_r": 0.802105360286882,
      "gross_loss_r": 142.56207115371083,
      "gross_win_r": 465.00842598903733,
      "last_r": 1.8591339151130082,
      "losses": 140,
      "max_drawdown_r": 5.374687353201978,
      "peak_cum_r": 322.44635483532653,
      "profit_factor": 3.2617962283086075,
      "rolling_sharpe": 0.582805779991583,
      "sum_downside_r_squared": 153.62212538797658,
      "sum_r_squared": 1018.1914436104427,
      "total_decisions": 402,
      "total_pnl_usd": 3224.4635483532616,
      "total_r": 322.44635483532653,
      "win_rate": 0.6517412935323383,
      "wins": 262
    },
    {
      "active": true,
      "agent_id": "gen2-mut25-vol-breakout-v0",
      "expectancy_r": 0.7689278695612943,
      "gross_loss_r": 122.7281819520141,
      "gross_win_r": 371.86081168987334,
      "last_r": 1.859115321326751,
      "losses": 122,
      "max_drawdown_r": 5.507957176917131,
      "peak_cum_r": 249.13262973785936,
      "profit_factor": 3.0299545367279084,
      "rolling_sharpe": 0.5460197481175115,
      "sum_downside_r_squared": 131.2176776853891,
      "sum_r_squared": 832.1209076903798,
      "total_decisions": 324,
      "total_pnl_usd": 2491.3262973785927,
      "total_r": 249.13262973785936,
      "win_rate": 0.6234567901234568,
      "wins": 202
    },
    {
      "active": true,
      "agent_id": "gen33-mut40-liq-fade-v0",
      "expectancy_r": 0.18297121513098635,
      "gross_loss_r": 12.968555825523156,
      "gross_win_r": 19.921462000500632,
      "last_r": -1.160831620355443,
      "losses": 17,
      "max_drawdown_r": 8.02040477993566,
      "peak_cum_r": 9.262539151189541,
      "profit_factor": 1.5361357323452778,
      "rolling_sharpe": 0.17768505655197506,
      "sum_downside_r_squared": 12.848010606994494,
      "sum_r_squared": 40.50644107489357,
      "total_decisions": 38,
      "total_pnl_usd": 69.52906174977483,
      "total_r": 6.952906174977482,
      "win_rate": 0.5526315789473685,
      "wins": 21
    },
    {
      "active": true,
      "agent_id": "gen8-mut106-liq-trend-v1",
      "expectancy_r": 0.17913783133738218,
      "gross_loss_r": 17.13778818173334,
      "gross_win_r": 24.303301435228622,
      "last_r": -1.0578151640546016,
      "losses": 20,
      "max_drawdown_r": 8.459410640376621,
      "peak_cum_r": 11.481274172409924,
      "profit_factor": 1.418111904378232,
      "rolling_sharpe": 0.14884928550255452,
      "sum_downside_r_squared": 17.378123492642768,
      "sum_r_squared": 57.77025198908811,
      "total_decisions": 40,
      "total_pnl_usd": 71.65513253495286,
      "total_r": 7.165513253495287,
      "win_rate": 0.5,
      "wins": 20
    },
    {
      "active": true,
      "agent_id": "funding-trend-v0",
      "expectancy_r": 0.4297,
      "gross_loss_r": 13,
      "gross_win_r": 24,
      "last_r": 1,
      "losses": 13,
      "max_drawdown_r": 3,
      "peak_cum_r": 13.084365000000002,
      "profit_factor": 1.8461538461538463,
      "rolling_sharpe": 0.37564000000000003,
      "sum_downside_r_squared": 13,
      "sum_r_squared": 49,
      "total_decisions": 29,
      "total_pnl_usd": 124.61300000000001,
      "total_r": 12.461300000000001,
      "win_rate": 0.5517241379310345,
      "wins": 16,
      "is_warmup": true
    },
    {
      "active": true,
      "agent_id": "funding-arb-v0",
      "expectancy_r": 0.3025,
      "gross_loss_r": 10,
      "gross_win_r": 16.5,
      "last_r": 1,
      "losses": 10,
      "max_drawdown_r": 3,
      "peak_cum_r": 6.6701250000000005,
      "profit_factor": 1.65,
      "rolling_sharpe": 0.28300000000000003,
      "sum_downside_r_squared": 10,
      "sum_r_squared": 34.75,
      "total_decisions": 21,
      "total_pnl_usd": 63.525,
      "total_r": 6.3525,
      "win_rate": 0.5238095238095238,
      "wins": 11,
      "is_warmup": true
    },
    {
      "active": true,
      "agent_id": "polyedge-v0",
      "expectancy_r": 0.5931000000000001,
      "gross_loss_r": 19,
      "gross_win_r": 52.5,
      "last_r": 1,
      "losses": 19,
      "max_drawdown_r": 3,
      "peak_cum_r": 33.62877000000001,
      "profit_factor": 2.763157894736842,
      "rolling_sharpe": 0.55172,
      "sum_downside_r_squared": 19,
      "sum_r_squared": 97.75,
      "total_decisions": 54,
      "total_pnl_usd": 320.27400000000006,
      "total_r": 32.02740000000001,
      "win_rate": 0.6481481481481481,
      "wins": 35,
      "is_warmup": true
    },
    {
      "active": true,
      "agent_id": "gen60-mut398-liq-trend-v1",
      "expectancy_r": 0.4921,
      "gross_loss_r": 18,
      "gross_win_r": 37.5,
      "last_r": 1,
      "losses": 18,
      "max_drawdown_r": 3,
      "peak_cum_r": 22.218315,
      "profit_factor": 2.0833333333333335,
      "rolling_sharpe": 0.41052,
      "sum_downside_r_squared": 18,
      "sum_r_squared": 74.25,
      "total_decisions": 43,
      "total_pnl_usd": 211.603,
      "total_r": 21.1603,
      "win_rate": 0.5813953488372093,
      "wins": 25,
      "is_warmup": true
    },
    {
      "active": true,
      "agent_id": "gen60-mut399-liq-fade-v0",
      "expectancy_r": 0.39940000000000003,
      "gross_loss_r": 17,
      "gross_win_r": 33,
      "last_r": 1,
      "losses": 17,
      "max_drawdown_r": 3,
      "peak_cum_r": 16.355430000000002,
      "profit_factor": 1.9411764705882353,
      "rolling_sharpe": 0.35928,
      "sum_downside_r_squared": 17,
      "sum_r_squared": 66.5,
      "total_decisions": 39,
      "total_pnl_usd": 155.76600000000002,
      "total_r": 15.576600000000001,
      "win_rate": 0.5641025641025641,
      "wins": 22,
      "is_warmup": true
    },
    {
      "active": true,
      "agent_id": "gen60-mut400-funding-trend-v1",
      "expectancy_r": 0.434,
      "gross_loss_r": 13,
      "gross_win_r": 24,
      "last_r": 1,
      "losses": 13,
      "max_drawdown_r": 3,
      "peak_cum_r": 13.215300000000001,
      "profit_factor": 1.8461538461538463,
      "rolling_sharpe": 0.3808,
      "sum_downside_r_squared": 13,
      "sum_r_squared": 49,
      "total_decisions": 29,
      "total_pnl_usd": 125.86,
      "total_r": 12.586,
      "win_rate": 0.5517241379310345,
      "wins": 16,
      "is_warmup": true
    },
    {
      "active": true,
      "agent_id": "gen60-mut401-funding-arb-v1",
      "expectancy_r": 0.3433,
      "gross_loss_r": 13,
      "gross_win_r": 24,
      "last_r": 1,
      "losses": 13,
      "max_drawdown_r": 3,
      "peak_cum_r": 10.453485,
      "profit_factor": 1.8461538461538463,
      "rolling_sharpe": 0.33196000000000003,
      "sum_downside_r_squared": 13,
      "sum_r_squared": 49,
      "total_decisions": 29,
      "total_pnl_usd": 99.557,
      "total_r": 9.9557,
      "win_rate": 0.5517241379310345,
      "wins": 16,
      "is_warmup": true
    },
    {
      "active": true,
      "agent_id": "gen60-mut402-polyedge-v1",
      "expectancy_r": 0.5196000000000001,
      "gross_loss_r": 14,
      "gross_win_r": 28.5,
      "last_r": 1,
      "losses": 14,
      "max_drawdown_r": 3,
      "peak_cum_r": 18.004140000000003,
      "profit_factor": 2.0357142857142856,
      "rolling_sharpe": 0.46352,
      "sum_downside_r_squared": 14,
      "sum_r_squared": 56.75,
      "total_decisions": 33,