{
  "agents": [
    {
      "active": true,
      "agent_id": "vol-breakout-v1",
      "expectancy_r": 0.8404491875423541,
      "gross_loss_r": 264.6609356674614,
      "gross_win_r": 905.0832165747355,
      "last_r": 0.5171780039132586,
      "losses": 258,
      "max_drawdown_r": 5.497204776236856,
      "peak_cum_r": 640.4222809072738,
      "profit_factor": 3.4197839371048913,
      "rolling_sharpe": 0.6105228376614155,
      "sum_downside_r_squared": 286.503124913421,
      "sum_r_squared": 1980.3701958419924,
      "total_decisions": 762,
      "total_pnl_usd": 6404.222809072732,
      "total_r": 640.4222809072738,
      "win_rate": 0.6614173228346457,
      "wins": 504
    },
    {
      "active": true,
      "agent_id": "vol-breakout-v0",
      "expectancy_r": 0.7799645691591752,
      "gross_loss_r": 427.68621346113224,
      "gross_win_r": 1354.2841216222319,
      "last_r": 0.5171780039132586,
      "losses": 420,
      "max_drawdown_r": 5.3746873532020345,
      "peak_cum_r": 926.5979081611001,
      "profit_factor": 3.1665367715794,
      "rolling_sharpe": 0.5661732346367072,
      "sum_downside_r_squared": 460.8663761639293,
      "sum_r_squared": 2975.4054477926684,
      "total_decisions": 1188,
      "total_pnl_usd": 9265.979081611009,
      "total_r": 926.5979081611001,
      "win_rate": 0.6464646464646465,
      "wins": 768
    },
    {
      "active": true,
      "agent_id": "gen2-mut25-vol-breakout-v0",
      "expectancy_r": 0.7621247005498857,
      "gross_loss_r": 372.35419404555097,
      "gross_win_r": 1120.7606499855374,
      "last_r": 0.5171780039132586,
      "losses": 370,
      "max_drawdown_r": 5.507957176917159,
      "peak_cum_r": 748.4064559399877,
      "profit_factor": 3.0099315863981704,
      "rolling_sharpe": 0.5420826986779984,
      "sum_downside_r_squared": 398.0015527351663,
      "sum_r_squared": 2509.433428418542,
      "total_decisions": 982,
      "total_pnl_usd": 7484.064559399858,
      "total_r": 748.4064559399877,
      "win_rate": 0.6232179226069247,
      "wins": 612
    },
    {
      "active": true,
      "agent_id": "gen58-mut389-liq-trend-v1",
      "expectancy_r": 0.3144873896258217,
      "gross_loss_r": 16.813860586394878,
      "gross_win_r": 30.651305729931025,
      "last_r": -1.0795628261391592,
      "losses": 16,
      "max_drawdown_r": 9.99751276274388,
      "peak_cum_r": 17.093247681986966,
      "profit_factor": 1.822978463062366,
      "rolling_sharpe": 0.25851129788921884,
      "sum_downside_r_squared": 17.927360247200337,
      "sum_r_squared": 67.98960653810465,
      "total_decisions": 44,
      "total_pnl_usd": 138.37445143536158,
      "total_r": 13.837445143536154,
      "win_rate": 0.6363636363636364,
      "wins": 28
    },
    {
      "active": true,
      "agent_id": "gen32-mut40-liq-fade-v0",
      "expectancy_r": 0.18297121513098635,
      "gross_loss_r": 12.968555825523156,
      "gross_win_r": 19.921462000500632,
      "last_r": -1.160831620355443,
      "losses": 17,
      "max_drawdown_r": 8.02040477993566,
      "peak_cum_r": 9.26253915118954,
      "profit_factor": 1.5361357323452778,
      "rolling_sharpe": 0.17768505655197503,
      "sum_downside_r_squared": 12.848010606994496,
      "sum_r_squared": 40.50644107489359,
      "total_decisions": 38,
      "total_pnl_usd": 69.52906174977483,
      "total_r": 6.952906174977482,
      "win_rate": 0.5526315789473685,
      "wins": 21
    },
    {
      "active": true,
      "agent_id": "funding-trend-v0",
      "expectancy_r": 0.4297,
      "gross_loss_r": 13,
      "gross_win_r": 24,
      "last_r": 1,
      "losses": 13,
      "max_drawdown_r": 3,
      "peak_cum_r": 13.084365000000002,
      "profit_factor": 1.8461538461538463,
      "rolling_sharpe": 0.37564000000000003,
      "sum_downside_r_squared": 13,
      "sum_r_squared": 49,
      "total_decisions": 29,
      "total_pnl_usd": 124.61300000000001,
      "total_r": 12.461300000000001,
      "win_rate": 0.5517241379310345,
      "wins": 16,
      "is_warmup": true
    },
    {
      "active": true,
      "agent_id": "polyedge-v0",
      "expectancy_r": 0.5931000000000001,
      "gross_loss_r": 19,
      "gross_win_r": 52.5,
      "last_r": 1,
      "losses": 19,
      "max_drawdown_r": 3,
      "peak_cum_r": 33.62877000000001,
      "profit_factor": 2.763157894736842,
      "rolling_sharpe": 0.55172,
      "sum_downside_r_squared": 19,
      "sum_r_squared": 97.75,
      "total_decisions": 54,
      "total_pnl_usd": 320.27400000000006,
      "total_r": 32.02740000000001,
      "win_rate": 0.6481481481481481,
      "wins": 35,
      "is_warmup": true
    },
    {
      "active": true,
      "agent_id": "gen174-mut374-liq-trend-v1",
      "expectancy_r": 0.4671,
      "gross_loss_r": 16,
      "gross_win_r": 28.5,
      "last_r": 1,
      "losses": 16,
      "max_drawdown_r": 3,
      "peak_cum_r": 17.165925,
      "profit_factor": 1.78125,
      "rolling_sharpe": 0.38051999999999997,
      "sum_downside_r_squared": 16,
      "sum_r_squared": 58.75,
      "total_decisions": 35,
      "total_pnl_usd": 163.485,
      "total_r": 16.3485,
      "win_rate": 0.5428571428571428,
      "wins": 19,
      "is_warmup": true
    },
    {
      "active": true,
      "agent_id": "gen174-mut376-funding-trend-v1",
      "expectancy_r": 0.484,
      "gross_loss_r": 16,
      "gross_win_r": 36,
      "last_r": 1,
      "losses": 16,
      "max_drawdown_r": 3,
      "peak_cum_r": 20.328,
      "profit_factor": 2.25,
      "rolling_sharpe": 0.4408,
      "sum_downside_r_squared": 16,
      "sum_r_squared": 70,
      "total_decisions": 40,
      "total_pnl_usd": 193.6,
      "total_r": 19.36,
      "win_rate": 0.6,
      "wins": 24,
      "is_warmup": true
    },
    {
      "active": true,
      "agent_id": "gen174-mut377-funding-arb-v1",
      "expectancy_r": 0.33009999999999995,
      "gross_loss_r": 12,
      "gross_win_r": 21,
      "last_r": 1,
      "losses": 12,
      "max_drawdown_r": 3,
      "peak_cum_r": 9.01173,
      "profit_factor": 1.75,
      "rolling_sharpe": 0.31612,
      "sum_downside_r_squared": 12,
      "sum_r_squared": 43.5,
      "total_decisions": 26,
      "total_pnl_usd": 85.826,
      "total_r": 8.5826,
      "win_rate": 0.5384615384615384,
      "wins": 14,
      "is_warmup": true
    },
    {
      "active": true,
      "agent_id": "gen174-mut378-polyedge-v1",
      "expectancy_r": 0.5284000000000001,
      "gross_loss_r": 15,
      "gross_win_r": 31.5,
      "last_r": 1,
      "losses": 15,
      "max_drawdown_r": 3,
      "peak_cum_r": 19.973520000000004,
      "profit_factor": 2.1,
      "rolling_sharpe": 0.47408,
      "sum_downside_r_squared": 15,
      "sum_r_squared": 62.25,
      "total_decisions": 36,
      "total_pnl_usd": 190.22400000000005,
      "total_r": 19.022400000000005,
      "win_rate": 0.5833333333333334,
      "wins": 21,
      "is_warmup": true
    },
    {
      "active": true,
      "agent_id": "gen174-mut381-funding-trend-v0",
      "expectancy_r": 0.4981,
      "gross_loss_r": 17,
      "gross_win_r": 40.5,
      "last_r": 1,
      "losses": 17,
      "max_drawdown_r": 3,
      "peak_cum_r": 23.01222,
      "profit_factor": 2.3823529411764706,
      "rolling_sharpe": 0.45772,
      "sum_downside_r_squared": 17,
      "sum_r_squared": 77.75,
      "total_decisions": 44,
      "total_pnl_usd": 219.164,
      "total_r": 21.9164,
      "win_rate": 0.6136363636363636,
      "wins": 27,
      "is_warmup": true
    },
    {
      "active": true,
      "agent_id": "gen174-mut382-funding-arb-v1",
      "expectancy_r": 0.3569,
      "gross_loss_r": 14,
      "gross_win_r": 25.5,
      "last_r": 1,
      "losses": 14,
      "max_drawdown_r": 3,
      "peak_cum_r": 11.617095,
      "profit_factor": 1.8214285714285714,
      "rolling_sharpe": 0.34828000000000003,
      "sum_downside_r_squared": 14,
      "sum_r_squared": 52.25,
      "total_decisions": 31,
      "total_pnl_usd": 110.63900000000001,
      "total_r": 11.0639,