{
  "agents": [
    {
      "active": true,
      "agent_id": "vol-breakout-v0",
      "expectancy_r": 0.7539265509465871,
      "gross_loss_r": 2246.9068632897647,
      "gross_win_r": 6860.9373550828595,
      "last_r": 1.0649519453837284,
      "losses": 2227,
      "max_drawdown_r": 5.374687353202262,
      "peak_cum_r": 4614.0304917931135,
      "profit_factor": 3.053503225780152,
      "rolling_sharpe": 0.5454258015151559,
      "sum_downside_r_squared": 2416.822912436514,
      "sum_r_squared": 15170.057673102227,
      "total_decisions": 6120,
      "total_pnl_usd": 46140.3049179308,
      "total_r": 4614.0304917931135,
      "win_rate": 0.6361111111111111,
      "wins": 3893
    },
    {
      "active": true,
      "agent_id": "gen2-mut25-vol-breakout-v0",
      "expectancy_r": 0.7666755212172222,
      "gross_loss_r": 1951.1133963146858,
      "gross_win_r": 5871.892011819568,
      "last_r": 1.0649519453837284,
      "losses": 1918,
      "max_drawdown_r": 5.507957176917216,
      "peak_cum_r": 3921.6301703897184,
      "profit_factor": 3.0095083263282145,
      "rolling_sharpe": 0.5440672305764899,
      "sum_downside_r_squared": 2088.8478436516325,
      "sum_r_squared": 13158.952432354878,
      "total_decisions": 5114,
      "total_pnl_usd": 39207.786155049296,
      "total_r": 3920.7786155048743,
      "win_rate": 0.6249511145874072,
      "wins": 3196
    },
    {
      "active": true,
      "agent_id": "vol-breakout-v1",
      "expectancy_r": 0.8709914519226032,
      "gross_loss_r": 1303.6954418594576,
      "gross_win_r": 4683.142275319145,
      "last_r": 1.0649519453837284,
      "losses": 1280,
      "max_drawdown_r": 5.49720477623714,
      "peak_cum_r": 3379.4468334597004,
      "profit_factor": 3.592205759835741,
      "rolling_sharpe": 0.6378652799453154,
      "sum_downside_r_squared": 1406.8780683028583,
      "sum_r_squared": 10175.989221293006,
      "total_decisions": 3880,
      "total_pnl_usd": 33794.46833459698,
      "total_r": 3379.4468334597004,
      "win_rate": 0.6701030927835051,
      "wins": 2600
    },
    {
      "active": true,
      "agent_id": "gen8-mut106-liq-trend-v1",
      "expectancy_r": 0.17913783133738218,
      "gross_loss_r": 17.13778818173334,
      "gross_win_r": 24.303301435228622,
      "last_r": -1.0578151640546016,
      "losses": 20,
      "max_drawdown_r": 8.459410640376621,
      "peak_cum_r": 11.481274172409924,
      "profit_factor": 1.418111904378232,
      "rolling_sharpe": 0.14884928550255452,
      "sum_downside_r_squared": 17.378123492642768,
      "sum_r_squared": 57.77025198908811,
      "total_decisions": 40,
      "total_pnl_usd": 71.65513253495286,
      "total_r": 7.165513253495287,
      "win_rate": 0.5,
      "wins": 20
    },
    {
      "active": true,
      "agent_id": "gen31-mut40-liq-fade-v0",
      "expectancy_r": 0.18297121513098635,
      "gross_loss_r": 12.968555825523156,
      "gross_win_r": 19.921462000500632,
      "last_r": -1.160831620355443,
      "losses": 17,
      "max_drawdown_r": 8.02040477993566,
      "peak_cum_r": 9.26253915118954,
      "profit_factor": 1.5361357323452778,
      "rolling_sharpe": 0.17768505655197506,
      "sum_downside_r_squared": 12.848010606994494,
      "sum_r_squared": 40.50644107489358,
      "total_decisions": 38,
      "total_pnl_usd": 69.52906174977483,
      "total_r": 6.952906174977482,
      "win_rate": 0.5526315789473685,
      "wins": 21
    },
    {
      "active": true,
      "agent_id": "funding-trend-v0",
      "expectancy_r": 0.4297,
      "gross_loss_r": 13,
      "gross_win_r": 24,
      "last_r": 1,
      "losses": 13,
      "max_drawdown_r": 3,
      "peak_cum_r": 13.084365000000002,
      "profit_factor": 1.8461538461538463,
      "rolling_sharpe": 0.37564000000000003,
      "sum_downside_r_squared": 13,
      "sum_r_squared": 49,
      "total_decisions": 29,
      "total_pnl_usd": 124.61300000000001,
      "total_r": 12.461300000000001,
      "win_rate": 0.5517241379310345,
      "wins": 16,
      "is_warmup": true
    },
    {
      "active": true,
      "agent_id": "funding-arb-v0",
      "expectancy_r": 0.3025,
      "gross_loss_r": 10,
      "gross_win_r": 16.5,
      "last_r": 1,
      "losses": 10,
      "max_drawdown_r": 3,
      "peak_cum_r": 6.6701250000000005,
      "profit_factor": 1.65,
      "rolling_sharpe": 0.28300000000000003,
      "sum_downside_r_squared": 10,
      "sum_r_squared": 34.75,
      "total_decisions": 21,
      "total_pnl_usd": 63.525,
      "total_r": 6.3525,
      "win_rate": 0.5238095238095238,
      "wins": 11,
      "is_warmup": true
    },
    {
      "active": true,
      "agent_id": "polyedge-v0",
      "expectancy_r": 0.5931000000000001,
      "gross_loss_r": 19,
      "gross_win_r": 52.5,
      "last_r": 1,
      "losses": 19,
      "max_drawdown_r": 3,
      "peak_cum_r": 33.62877000000001,
      "profit_factor": 2.763157894736842,
      "rolling_sharpe": 0.55172,
      "sum_downside_r_squared": 19,
      "sum_r_squared": 97.75,
      "total_decisions": 54,
      "total_pnl_usd": 320.27400000000006,
      "total_r": 32.02740000000001,
      "win_rate": 0.6481481481481481,
      "wins": 35,
      "is_warmup": true
    },
    {
      "active": true,
      "agent_id": "gen896-mut378-liq-fade-v0",
      "expectancy_r": 0.4234,
      "gross_loss_r": 19,
      "gross_win_r": 39,
      "last_r": 1,
      "losses": 19,
      "max_drawdown_r": 3,
      "peak_cum_r": 20.005650000000003,
      "profit_factor": 2.0526315789473686,
      "rolling_sharpe": 0.38808,
      "sum_downside_r_squared": 19,
      "sum_r_squared": 77.5,
      "total_decisions": 45,
      "total_pnl_usd": 190.53,
      "total_r": 19.053,
      "win_rate": 0.5777777777777777,
      "wins": 26,
      "is_warmup": true
    },
    {
      "active": true,
      "agent_id": "gen896-mut379-funding-trend-v1",
      "expectancy_r": 0.4768,
      "gross_loss_r": 16,
      "gross_win_r": 34.5,
      "last_r": 1,
      "losses": 16,
      "max_drawdown_r": 3,
      "peak_cum_r": 19.52496,
      "profit_factor": 2.15625,
      "rolling_sharpe": 0.43216000000000004,
      "sum_downside_r_squared": 16,
      "sum_r_squared": 67.75,
      "total_decisions": 39,
      "total_pnl_usd": 185.952,
      "total_r": 18.5952,
      "win_rate": 0.5897435897435898,
      "wins": 23,
      "is_warmup": true
    },
    {
      "active": true,
      "agent_id": "gen896-mut380-funding-arb-v1",
      "expectancy_r": 0.31479999999999997,
      "gross_loss_r": 11,
      "gross_win_r": 18,
      "last_r": 1,
      "losses": 11,
      "max_drawdown_r": 3,
      "peak_cum_r": 7.6024199999999995,
      "profit_factor": 1.6363636363636365,
      "rolling_sharpe": 0.29776,
      "sum_downside_r_squared": 11,
      "sum_r_squared": 38,
      "total_decisions": 23,
      "total_pnl_usd": 72.404,
      "total_r": 7.240399999999999,
      "win_rate": 0.5217391304347826,
      "wins": 12,
      "is_warmup": true
    },
    {
      "active": true,
      "agent_id": "gen896-mut381-polyedge-v1",
      "expectancy_r": 0.5173000000000001,
      "gross_loss_r": 14,
      "gross_win_r": 28.5,
      "last_r": 1,
      "losses": 14,
      "max_drawdown_r": 3,
      "peak_cum_r": 17.924445000000002,
      "profit_factor": 2.0357142857142856,
      "rolling_sharpe": 0.46076,
      "sum_downside_r_squared": 14,
      "sum_r_squared": 56.75,
      "total_decisions": 33,
      "total_pnl_usd": 170.709,
      "total_r": 17.0709,
      "win_rate": 0.5757575757575758,
      "wins": 19,
      "is_warmup": true
    },
    {
      "active": true,
      "agent_id": "gen896-mut383-liq-fade-v0",
      "expectancy_r": 0.3644,
      "gross_loss_r": 14,
      "gross_win_r": 24,
      "last_r": 1,
      "losses": 14,
      "max_drawdown_r": 3,
      "peak_cum_r": 11.4786,
      "profit_factor": 1.7142857142857142,
      "rolling_sharpe": 0.31728,
      "sum_downside_r_squared": 14,
      "sum_r_squared": 50,
      "total_decisions": 30,