{
  "agents": [
    {
      "active": true,
      "agent_id": "vol-breakout-v1",
      "expectancy_r": 0.880913899670628,
      "gross_loss_r": 244.44289534864743,
      "gross_win_r": 894.5573533055713,
      "last_r": 0.6024689630491317,
      "losses": 240,
      "max_drawdown_r": 5.497204776236856,
      "peak_cum_r": 650.1144579569235,
      "profit_factor": 3.6595760004792512,
      "rolling_sharpe": 0.6474137138289996,
      "sum_downside_r_squared": 263.7896378067855,
      "sum_r_squared": 1937.1857005042532,
      "total_decisions": 738,
      "total_pnl_usd": 6501.144579569229,
      "total_r": 650.1144579569235,
      "win_rate": 0.6747967479674797,
      "wins": 498
    },
    {
      "active": true,
      "agent_id": "vol-breakout-v0",
      "expectancy_r": 0.7675993980898119,
      "gross_loss_r": 420.84175576586813,
      "gross_win_r": 1309.7218587538705,
      "last_r": 0.6024689630491317,
      "losses": 414,
      "max_drawdown_r": 5.3746873532020345,
      "peak_cum_r": 888.8801029880022,
      "profit_factor": 3.1121480718337358,
      "rolling_sharpe": 0.5566034436264761,
      "sum_downside_r_squared": 453.0583125862924,
      "sum_r_squared": 2882.750424295897,
      "total_decisions": 1158,
      "total_pnl_usd": 8888.80102988003,
      "total_r": 888.8801029880022,
      "win_rate": 0.6424870466321243,
      "wins": 744
    },
    {
      "active": true,
      "agent_id": "gen2-mut25-vol-breakout-v0",
      "expectancy_r": 0.7668766273379145,
      "gross_loss_r": 364.132192852414,
      "gross_win_r": 1098.8000018421355,
      "last_r": 0.6024689630491317,
      "losses": 358,
      "max_drawdown_r": 5.507957176917159,
      "peak_cum_r": 734.6678089897221,
      "profit_factor": 3.017585435758186,
      "rolling_sharpe": 0.5448850248918377,
      "sum_downside_r_squared": 389.8755003451038,
      "sum_r_squared": 2459.027927209777,
      "total_decisions": 958,
      "total_pnl_usd": 7346.6780898971965,
      "total_r": 734.6678089897221,
      "win_rate": 0.6263048016701461,
      "wins": 600
    },
    {
      "active": true,
      "agent_id": "gen31-mut40-liq-fade-v0",
      "expectancy_r": 0.18297121513098635,
      "gross_loss_r": 12.968555825523156,
      "gross_win_r": 19.921462000500632,
      "last_r": -1.160831620355443,
      "losses": 17,
      "max_drawdown_r": 8.02040477993566,
      "peak_cum_r": 9.26253915118954,
      "profit_factor": 1.5361357323452778,
      "rolling_sharpe": 0.17768505655197506,
      "sum_downside_r_squared": 12.848010606994494,
      "sum_r_squared": 40.50644107489358,
      "total_decisions": 38,
      "total_pnl_usd": 69.52906174977483,
      "total_r": 6.952906174977482,
      "win_rate": 0.5526315789473685,
      "wins": 21
    },
    {
      "active": true,
      "agent_id": "gen8-mut106-liq-trend-v1",
      "expectancy_r": 0.17913783133738218,
      "gross_loss_r": 17.13778818173334,
      "gross_win_r": 24.303301435228622,
      "last_r": -1.0578151640546016,
      "losses": 20,
      "max_drawdown_r": 8.459410640376621,
      "peak_cum_r": 11.481274172409924,
      "profit_factor": 1.418111904378232,
      "rolling_sharpe": 0.14884928550255452,
      "sum_downside_r_squared": 17.378123492642768,
      "sum_r_squared": 57.77025198908811,
      "total_decisions": 40,
      "total_pnl_usd": 71.65513253495286,
      "total_r": 7.165513253495287,
      "win_rate": 0.5,
      "wins": 20
    },
    {
      "active": true,
      "agent_id": "funding-trend-v0",
      "expectancy_r": 0.4297,
      "gross_loss_r": 13,
      "gross_win_r": 24,
      "last_r": 1,
      "losses": 13,
      "max_drawdown_r": 3,
      "peak_cum_r": 13.084365000000002,
      "profit_factor": 1.8461538461538463,
      "rolling_sharpe": 0.37564000000000003,
      "sum_downside_r_squared": 13,
      "sum_r_squared": 49,
      "total_decisions": 29,
      "total_pnl_usd": 124.61300000000001,
      "total_r": 12.461300000000001,
      "win_rate": 0.5517241379310345,
      "wins": 16,
      "is_warmup": true
    },
    {
      "active": true,
      "agent_id": "funding-arb-v0",
      "expectancy_r": 0.3025,
      "gross_loss_r": 10,
      "gross_win_r": 16.5,
      "last_r": 1,
      "losses": 10,
      "max_drawdown_r": 3,
      "peak_cum_r": 6.6701250000000005,
      "profit_factor": 1.65,
      "rolling_sharpe": 0.28300000000000003,
      "sum_downside_r_squared": 10,
      "sum_r_squared": 34.75,
      "total_decisions": 21,
      "total_pnl_usd": 63.525,
      "total_r": 6.3525,
      "win_rate": 0.5238095238095238,
      "wins": 11,
      "is_warmup": true
    },
    {
      "active": true,
      "agent_id": "polyedge-v0",
      "expectancy_r": 0.5931000000000001,
      "gross_loss_r": 19,
      "gross_win_r": 52.5,
      "last_r": 1,
      "losses": 19,
      "max_drawdown_r": 3,
      "peak_cum_r": 33.62877000000001,
      "profit_factor": 2.763157894736842,
      "rolling_sharpe": 0.55172,
      "sum_downside_r_squared": 19,
      "sum_r_squared": 97.75,
      "total_decisions": 54,
      "total_pnl_usd": 320.27400000000006,
      "total_r": 32.02740000000001,
      "win_rate": 0.6481481481481481,
      "wins": 35,
      "is_warmup": true
    },
    {
      "active": true,
      "agent_id": "gen168-mut378-liq-fade-v0",
      "expectancy_r": 0.41400000000000003,
      "gross_loss_r": 18,
      "gross_win_r": 37.5,
      "last_r": 1,
      "losses": 18,
      "max_drawdown_r": 3,
      "peak_cum_r": 18.692100000000003,
      "profit_factor": 2.0833333333333335,
      "rolling_sharpe": 0.37679999999999997,
      "sum_downside_r_squared": 18,
      "sum_r_squared": 74.25,
      "total_decisions": 43,
      "total_pnl_usd": 178.02000000000004,
      "total_r": 17.802000000000003,
      "win_rate": 0.5813953488372093,
      "wins": 25,
      "is_warmup": true
    },
    {
      "active": true,
      "agent_id": "gen168-mut379-funding-trend-v1",
      "expectancy_r": 0.4818,
      "gross_loss_r": 16,
      "gross_win_r": 36,
      "last_r": 1,
      "losses": 16,
      "max_drawdown_r": 3,
      "peak_cum_r": 20.235599999999998,
      "profit_factor": 2.25,
      "rolling_sharpe": 0.43816,
      "sum_downside_r_squared": 16,
      "sum_r_squared": 70,
      "total_decisions": 40,
      "total_pnl_usd": 192.71999999999997,
      "total_r": 19.272,
      "win_rate": 0.6,
      "wins": 24,
      "is_warmup": true
    },
    {
      "active": true,
      "agent_id": "gen168-mut380-funding-arb-v1",
      "expectancy_r": 0.3706,
      "gross_loss_r": 15,
      "gross_win_r": 28.5,
      "last_r": 1,
      "losses": 15,
      "max_drawdown_r": 3,
      "peak_cum_r": 13.230419999999999,
      "profit_factor": 1.9,
      "rolling_sharpe": 0.36472000000000004,
      "sum_downside_r_squared": 15,
      "sum_r_squared": 57.75,
      "total_decisions": 34,
      "total_pnl_usd": 126.00399999999999,
      "total_r": 12.600399999999999,
      "win_rate": 0.5588235294117647,
      "wins": 19,
      "is_warmup": true
    },
    {
      "active": true,
      "agent_id": "gen168-mut381-polyedge-v1",
      "expectancy_r": 0.5183000000000001,
      "gross_loss_r": 14,
      "gross_win_r": 28.5,
      "last_r": 1,
      "losses": 14,
      "max_drawdown_r": 3,
      "peak_cum_r": 17.959095000000005,
      "profit_factor": 2.0357142857142856,
      "rolling_sharpe": 0.46196,
      "sum_downside_r_squared": 14,
      "sum_r_squared": 56.75,
      "total_decisions": 33,
      "total_pnl_usd": 171.03900000000004,
      "total_r": 17.103900000000003,
      "win_rate": 0.5757575757575758,
      "wins": 19,
      "is_warmup": true
    },
    {
      "active": true,
      "agent_id": "gen168-mut383-liq-fade-v0",
      "expectancy_r": 0.3598,
      "gross_loss_r": 14,
      "gross_win_r": 22.5,
      "last_r": 1,
      "losses": 14,
      "max_drawdown_r": 3,
      "peak_cum_r": 10.955910000000001,
      "profit_factor": 1.6071428571428572,
      "rolling_sharpe": 0.31176,
      "sum_downside_r_squared": 14,
      "sum_r_squared": 47.75,