{
  "agents": [
    {
      "active": true,
      "agent_id": "vol-breakout-v0",
      "expectancy_r": 0.7536117159726827,
      "gross_loss_r": 2176.766570662119,
      "gross_win_r": 6644.176822948167,
      "last_r": 1.0534551781266575,
      "losses": 2158,
      "max_drawdown_r": 5.374687353202262,
      "peak_cum_r": 4467.410252286063,
      "profit_factor": 3.052314801456718,
      "rolling_sharpe": 0.5451675263003815,
      "sum_downside_r_squared": 2341.3131936721315,
      "sum_r_squared": 14692.52830447481,
      "total_decisions": 5928,
      "total_pnl_usd": 44674.10252286034,
      "total_r": 4467.410252286063,
      "win_rate": 0.6359649122807017,
      "wins": 3770
    },
    {
      "active": true,
      "agent_id": "gen2-mut25-vol-breakout-v0",
      "expectancy_r": 0.7664813849298752,
      "gross_loss_r": 1890.077226823491,
      "gross_win_r": 5686.45952638117,
      "last_r": 1.0534551781266575,
      "losses": 1858,
      "max_drawdown_r": 5.507957176917216,
      "peak_cum_r": 3797.2453437772892,
      "profit_factor": 3.008585811034806,
      "rolling_sharpe": 0.543895782794215,
      "sum_downside_r_squared": 2023.5062169542005,
      "sum_r_squared": 12744.360715269662,
      "total_decisions": 4953,
      "total_pnl_usd": 37963.82299557728,
      "total_r": 3796.3822995576716,
      "win_rate": 0.6248738138501918,
      "wins": 3095
    },
    {
      "active": true,
      "agent_id": "vol-breakout-v1",
      "expectancy_r": 0.8708411038117345,
      "gross_loss_r": 1262.954959301349,
      "gross_win_r": 4535.575827425836,
      "last_r": 1.0534551781266575,
      "losses": 1240,
      "max_drawdown_r": 5.49720477623714,
      "peak_cum_r": 3272.6208681244984,
      "profit_factor": 3.5912411555316752,
      "rolling_sharpe": 0.6377062802535428,
      "sum_downside_r_squared": 1362.9131286683937,
      "sum_r_squared": 9856.05397329754,
      "total_decisions": 3758,
      "total_pnl_usd": 32726.208681244985,
      "total_r": 3272.6208681244984,
      "win_rate": 0.6700372538584354,
      "wins": 2518
    },
    {
      "active": true,
      "agent_id": "gen8-mut106-liq-trend-v1",
      "expectancy_r": 0.17913783133738218,
      "gross_loss_r": 17.13778818173334,
      "gross_win_r": 24.303301435228622,
      "last_r": -1.0578151640546016,
      "losses": 20,
      "max_drawdown_r": 8.459410640376621,
      "peak_cum_r": 11.481274172409924,
      "profit_factor": 1.418111904378232,
      "rolling_sharpe": 0.14884928550255452,
      "sum_downside_r_squared": 17.378123492642768,
      "sum_r_squared": 57.77025198908811,
      "total_decisions": 40,
      "total_pnl_usd": 71.65513253495286,
      "total_r": 7.165513253495287,
      "win_rate": 0.5,
      "wins": 20
    },
    {
      "active": true,
      "agent_id": "gen31-mut40-liq-fade-v0",
      "expectancy_r": 0.18297121513098635,
      "gross_loss_r": 12.968555825523156,
      "gross_win_r": 19.921462000500632,
      "last_r": -1.160831620355443,
      "losses": 17,
      "max_drawdown_r": 8.02040477993566,
      "peak_cum_r": 9.26253915118954,
      "profit_factor": 1.5361357323452778,
      "rolling_sharpe": 0.17768505655197506,
      "sum_downside_r_squared": 12.848010606994494,
      "sum_r_squared": 40.50644107489358,
      "total_decisions": 38,
      "total_pnl_usd": 69.52906174977483,
      "total_r": 6.952906174977482,
      "win_rate": 0.5526315789473685,
      "wins": 21
    },
    {
      "active": true,
      "agent_id": "funding-trend-v0",
      "expectancy_r": 0.4297,
      "gross_loss_r": 13,
      "gross_win_r": 24,
      "last_r": 1,
      "losses": 13,
      "max_drawdown_r": 3,
      "peak_cum_r": 13.084365000000002,
      "profit_factor": 1.8461538461538463,
      "rolling_sharpe": 0.37564000000000003,
      "sum_downside_r_squared": 13,
      "sum_r_squared": 49,
      "total_decisions": 29,
      "total_pnl_usd": 124.61300000000001,
      "total_r": 12.461300000000001,
      "win_rate": 0.5517241379310345,
      "wins": 16,
      "is_warmup": true
    },
    {
      "active": true,
      "agent_id": "funding-arb-v0",
      "expectancy_r": 0.3025,
      "gross_loss_r": 10,
      "gross_win_r": 16.5,
      "last_r": 1,
      "losses": 10,
      "max_drawdown_r": 3,
      "peak_cum_r": 6.6701250000000005,
      "profit_factor": 1.65,
      "rolling_sharpe": 0.28300000000000003,
      "sum_downside_r_squared": 10,
      "sum_r_squared": 34.75,
      "total_decisions": 21,
      "total_pnl_usd": 63.525,
      "total_r": 6.3525,
      "win_rate": 0.5238095238095238,
      "wins": 11,
      "is_warmup": true
    },
    {
      "active": true,
      "agent_id": "polyedge-v0",
      "expectancy_r": 0.5931000000000001,
      "gross_loss_r": 19,
      "gross_win_r": 52.5,
      "last_r": 1,
      "losses": 19,
      "max_drawdown_r": 3,
      "peak_cum_r": 33.62877000000001,
      "profit_factor": 2.763157894736842,
      "rolling_sharpe": 0.55172,
      "sum_downside_r_squared": 19,
      "sum_r_squared": 97.75,
      "total_decisions": 54,
      "total_pnl_usd": 320.27400000000006,
      "total_r": 32.02740000000001,
      "win_rate": 0.6481481481481481,
      "wins": 35,
      "is_warmup": true
    },
    {
      "active": true,
      "agent_id": "gen868-mut378-liq-fade-v0",
      "expectancy_r": 0.4309,
      "gross_loss_r": 19,
      "gross_win_r": 42,
      "last_r": 1,
      "losses": 19,
      "max_drawdown_r": 3,
      "peak_cum_r": 21.264915000000002,
      "profit_factor": 2.210526315789474,
      "rolling_sharpe": 0.39708,
      "sum_downside_r_squared": 19,
      "sum_r_squared": 82,
      "total_decisions": 47,
      "total_pnl_usd": 202.52300000000002,
      "total_r": 20.2523,
      "win_rate": 0.5957446808510638,
      "wins": 28,
      "is_warmup": true
    },
    {
      "active": true,
      "agent_id": "gen868-mut379-funding-trend-v1",
      "expectancy_r": 0.4329,
      "gross_loss_r": 13,
      "gross_win_r": 24,
      "last_r": 1,
      "losses": 13,
      "max_drawdown_r": 3,
      "peak_cum_r": 13.181805,
      "profit_factor": 1.8461538461538463,
      "rolling_sharpe": 0.37948000000000004,
      "sum_downside_r_squared": 13,
      "sum_r_squared": 49,
      "total_decisions": 29,
      "total_pnl_usd": 125.541,
      "total_r": 12.5541,
      "win_rate": 0.5517241379310345,
      "wins": 16,
      "is_warmup": true
    },
    {
      "active": true,
      "agent_id": "gen868-mut380-funding-arb-v1",
      "expectancy_r": 0.37529999999999997,
      "gross_loss_r": 15,
      "gross_win_r": 30,
      "last_r": 1,
      "losses": 15,
      "max_drawdown_r": 3,
      "peak_cum_r": 13.792274999999998,
      "profit_factor": 2,
      "rolling_sharpe": 0.37036,
      "sum_downside_r_squared": 15,
      "sum_r_squared": 60,
      "total_decisions": 35,
      "total_pnl_usd": 131.355,
      "total_r": 13.135499999999999,
      "win_rate": 0.5714285714285714,
      "wins": 20,
      "is_warmup": true
    },
    {
      "active": true,
      "agent_id": "gen868-mut381-polyedge-v1",
      "expectancy_r": 0.5386000000000001,
      "gross_loss_r": 16,
      "gross_win_r": 34.5,
      "last_r": 1,
      "losses": 16,
      "max_drawdown_r": 3,
      "peak_cum_r": 22.055670000000003,
      "profit_factor": 2.15625,
      "rolling_sharpe": 0.48632,
      "sum_downside_r_squared": 16,
      "sum_r_squared": 67.75,
      "total_decisions": 39,
      "total_pnl_usd": 210.05400000000003,
      "total_r": 21.0054,
      "win_rate": 0.5897435897435898,
      "wins": 23,
      "is_warmup": true
    },
    {
      "active": true,
      "agent_id": "gen868-mut383-liq-fade-v0",
      "expectancy_r": 0.3607,
      "gross_loss_r": 14,
      "gross_win_r": 22.5,
      "last_r": 1,
      "losses": 14,
      "max_drawdown_r": 3,
      "peak_cum_r": 10.983315000000001,
      "profit_factor": 1.6071428571428572,
      "rolling_sharpe": 0.31284,
      "sum_downside_r_squared": 14,
      "sum_r_squared": 47.75,
      "total_decisions": 29,