{
  "agents": [
    {
      "active": true,
      "agent_id": "vol-breakout-v1",
      "expectancy_r": 0.8792175655540135,
      "gross_loss_r": 488.88579069729536,
      "gross_win_r": 1786.6109174550222,
      "last_r": 0.07408051014390775,
      "losses": 480,
      "max_drawdown_r": 5.49720477623714,
      "peak_cum_r": 1297.725126757724,
      "profit_factor": 3.6544545811134905,
      "rolling_sharpe": 0.646149893376189,
      "sum_downside_r_squared": 527.5792756135701,
      "sum_r_squared": 3871.960581676054,
      "total_decisions": 1476,
      "total_pnl_usd": 12977.251267577283,
      "total_r": 1297.725126757724,
      "win_rate": 0.6747967479674797,
      "wins": 996
    },
    {
      "active": true,
      "agent_id": "vol-breakout-v0",
      "expectancy_r": 0.7636440474258005,
      "gross_loss_r": 843.8883506698668,
      "gross_win_r": 2617.069828792587,
      "last_r": -0.40540999699569474,
      "losses": 833,
      "max_drawdown_r": 5.374687353202262,
      "peak_cum_r": 1773.5868881197046,
      "profit_factor": 3.101203881668936,
      "rolling_sharpe": 0.5539900396117012,
      "sum_downside_r_squared": 907.2372527961573,
      "sum_r_squared": 5764.2275310074665,
      "total_decisions": 2322,
      "total_pnl_usd": 17731.814781227167,
      "total_r": 1773.1814781227088,
      "win_rate": 0.6412575366063739,
      "wins": 1489
    },
    {
      "active": true,
      "agent_id": "gen2-mut25-vol-breakout-v0",
      "expectancy_r": 0.7708381261018217,
      "gross_loss_r": 730.349209799581,
      "gross_win_r": 2218.0667931760954,
      "last_r": 0.07408051014390775,
      "losses": 718,
      "max_drawdown_r": 5.507957176917216,
      "peak_cum_r": 1487.717583376516,
      "profit_factor": 3.036994855905666,
      "rolling_sharpe": 0.5481268863119236,
      "sum_downside_r_squared": 781.9252605297081,
      "sum_r_squared": 4961.805674077005,
      "total_decisions": 1930,
      "total_pnl_usd": 14877.175833765137,
      "total_r": 1487.717583376516,
      "win_rate": 0.627979274611399,
      "wins": 1212
    },
    {
      "active": true,
      "agent_id": "gen31-mut40-liq-fade-v0",
      "expectancy_r": 0.18297121513098635,
      "gross_loss_r": 12.968555825523156,
      "gross_win_r": 19.921462000500632,
      "last_r": -1.160831620355443,
      "losses": 17,
      "max_drawdown_r": 8.02040477993566,
      "peak_cum_r": 9.26253915118954,
      "profit_factor": 1.5361357323452778,
      "rolling_sharpe": 0.17768505655197506,
      "sum_downside_r_squared": 12.848010606994494,
      "sum_r_squared": 40.50644107489358,
      "total_decisions": 38,
      "total_pnl_usd": 69.52906174977483,
      "total_r": 6.952906174977482,
      "win_rate": 0.5526315789473685,
      "wins": 21
    },
    {
      "active": true,
      "agent_id": "gen8-mut106-liq-trend-v1",
      "expectancy_r": 0.17913783133738218,
      "gross_loss_r": 17.13778818173334,
      "gross_win_r": 24.303301435228622,
      "last_r": -1.0578151640546016,
      "losses": 20,
      "max_drawdown_r": 8.459410640376621,
      "peak_cum_r": 11.481274172409924,
      "profit_factor": 1.418111904378232,
      "rolling_sharpe": 0.14884928550255452,
      "sum_downside_r_squared": 17.378123492642768,
      "sum_r_squared": 57.77025198908811,
      "total_decisions": 40,
      "total_pnl_usd": 71.65513253495286,
      "total_r": 7.165513253495287,
      "win_rate": 0.5,
      "wins": 20
    },
    {
      "active": true,
      "agent_id": "funding-trend-v0",
      "expectancy_r": 0.4297,
      "gross_loss_r": 13,
      "gross_win_r": 24,
      "last_r": 1,
      "losses": 13,
      "max_drawdown_r": 3,
      "peak_cum_r": 13.084365000000002,
      "profit_factor": 1.8461538461538463,
      "rolling_sharpe": 0.37564000000000003,
      "sum_downside_r_squared": 13,
      "sum_r_squared": 49,
      "total_decisions": 29,
      "total_pnl_usd": 124.61300000000001,
      "total_r": 12.461300000000001,
      "win_rate": 0.5517241379310345,
      "wins": 16,
      "is_warmup": true
    },
    {
      "active": true,
      "agent_id": "funding-arb-v0",
      "expectancy_r": 0.3025,
      "gross_loss_r": 10,
      "gross_win_r": 16.5,
      "last_r": 1,
      "losses": 10,
      "max_drawdown_r": 3,
      "peak_cum_r": 6.6701250000000005,
      "profit_factor": 1.65,
      "rolling_sharpe": 0.28300000000000003,
      "sum_downside_r_squared": 10,
      "sum_r_squared": 34.75,
      "total_decisions": 21,
      "total_pnl_usd": 63.525,
      "total_r": 6.3525,
      "win_rate": 0.5238095238095238,
      "wins": 11,
      "is_warmup": true
    },
    {
      "active": true,
      "agent_id": "polyedge-v0",
      "expectancy_r": 0.5931000000000001,
      "gross_loss_r": 19,
      "gross_win_r": 52.5,
      "last_r": 1,
      "losses": 19,
      "max_drawdown_r": 3,
      "peak_cum_r": 33.62877000000001,
      "profit_factor": 2.763157894736842,
      "rolling_sharpe": 0.55172,
      "sum_downside_r_squared": 19,
      "sum_r_squared": 97.75,
      "total_decisions": 54,
      "total_pnl_usd": 320.27400000000006,
      "total_r": 32.02740000000001,
      "win_rate": 0.6481481481481481,
      "wins": 35,
      "is_warmup": true
    },
    {
      "active": true,
      "agent_id": "gen336-mut378-liq-fade-v0",
      "expectancy_r": 0.3895,
      "gross_loss_r": 16,
      "gross_win_r": 30,
      "last_r": 1,
      "losses": 16,
      "max_drawdown_r": 3,
      "peak_cum_r": 14.7231,
      "profit_factor": 1.875,
      "rolling_sharpe": 0.3474,
      "sum_downside_r_squared": 16,
      "sum_r_squared": 61,
      "total_decisions": 36,
      "total_pnl_usd": 140.22,
      "total_r": 14.022,
      "win_rate": 0.5555555555555556,
      "wins": 20,
      "is_warmup": true
    },
    {
      "active": true,
      "agent_id": "gen336-mut379-funding-trend-v1",
      "expectancy_r": 0.4043,
      "gross_loss_r": 11,
      "gross_win_r": 18,
      "last_r": 1,
      "losses": 11,
      "max_drawdown_r": 3,
      "peak_cum_r": 9.763845,
      "profit_factor": 1.6363636363636365,
      "rolling_sharpe": 0.34516,
      "sum_downside_r_squared": 11,
      "sum_r_squared": 38,
      "total_decisions": 23,
      "total_pnl_usd": 92.989,
      "total_r": 9.2989,
      "win_rate": 0.5217391304347826,
      "wins": 12,
      "is_warmup": true
    },
    {
      "active": true,
      "agent_id": "gen336-mut380-funding-arb-v1",
      "expectancy_r": 0.31989999999999996,
      "gross_loss_r": 12,
      "gross_win_r": 18,
      "last_r": 1,
      "losses": 12,
      "max_drawdown_r": 3,
      "peak_cum_r": 8.06148,
      "profit_factor": 1.5,
      "rolling_sharpe": 0.30388000000000004,
      "sum_downside_r_squared": 12,
      "sum_r_squared": 39,
      "total_decisions": 24,
      "total_pnl_usd": 76.776,
      "total_r": 7.677599999999999,
      "win_rate": 0.5,
      "wins": 12,
      "is_warmup": true
    },
    {
      "active": true,
      "agent_id": "gen336-mut381-polyedge-v1",
      "expectancy_r": 0.5396000000000001,
      "gross_loss_r": 16,
      "gross_win_r": 34.5,
      "last_r": 1,
      "losses": 16,
      "max_drawdown_r": 3,
      "peak_cum_r": 22.096620000000005,
      "profit_factor": 2.15625,
      "rolling_sharpe": 0.48752,
      "sum_downside_r_squared": 16,
      "sum_r_squared": 67.75,
      "total_decisions": 39,
      "total_pnl_usd": 210.44400000000002,
      "total_r": 21.044400000000003,
      "win_rate": 0.5897435897435898,
      "wins": 23,
      "is_warmup": true
    },
    {
      "active": true,
      "agent_id": "gen336-mut383-liq-fade-v0",
      "expectancy_r": 0.35850000000000004,
      "gross_loss_r": 13,
      "gross_win_r": 22.5,
      "last_r": 1,
      "losses": 13,
      "max_drawdown_r": 3,
      "peak_cum_r": 10.539900000000001,
      "profit_factor": 1.7307692307692308,
      "rolling_sharpe": 0.3102,
      "sum_downside_r_squared": 13,
      "sum_r_squared": 46.75,
      "total_decisions": 28,
      "total_pnl_usd": 100.38,
      "total_r": 10.038,