{
  "agents": [
    {
      "active": true,
      "agent_id": "vol-breakout-v1",
      "expectancy_r": 0.8732864580155796,
      "gross_loss_r": 705.7624951132306,
      "gross_win_r": 2522.1983277856366,
      "last_r": 1.8377889238327885,
      "losses": 688,
      "max_drawdown_r": 5.49720477623714,
      "peak_cum_r": 1816.4358326724055,
      "profit_factor": 3.5737211105004696,
      "rolling_sharpe": 0.6371284553271084,
      "sum_downside_r_squared": 764.0083331024554,
      "sum_r_squared": 5492.104210348437,
      "total_decisions": 2080,
      "total_pnl_usd": 18164.358326724094,
      "total_r": 1816.4358326724055,
      "win_rate": 0.6692307692307692,
      "wins": 1392
    },
    {
      "active": true,
      "agent_id": "vol-breakout-v0",
      "expectancy_r": 0.8021053602868804,
      "gross_loss_r": 1140.496569229688,
      "gross_win_r": 3720.067407912304,
      "last_r": 1.8591339151130082,
      "losses": 1120,
      "max_drawdown_r": 5.374687353202262,
      "peak_cum_r": 2579.5708386826072,
      "profit_factor": 3.2617962283086084,
      "rolling_sharpe": 0.5834412876903101,
      "sum_downside_r_squared": 1228.9770031038133,
      "sum_r_squared": 8145.531548883537,
      "total_decisions": 3216,
      "total_pnl_usd": 25795.70838682604,
      "total_r": 2579.5708386826072,
      "win_rate": 0.6517412935323383,
      "wins": 2096
    },
    {
      "active": true,
      "agent_id": "gen2-mut25-vol-breakout-v0",
      "expectancy_r": 0.7952450855585652,
      "gross_loss_r": 996.4192242793904,
      "gross_win_r": 3135.628504431924,
      "last_r": 1.859115321326751,
      "losses": 990,
      "max_drawdown_r": 5.507957176917216,
      "peak_cum_r": 2139.2092801525405,
      "profit_factor": 3.1468968362183176,
      "rolling_sharpe": 0.5675876081679821,
      "sum_downside_r_squared": 1064.9612403596109,
      "sum_r_squared": 6979.895654367882,
      "total_decisions": 2690,
      "total_pnl_usd": 21392.092801525465,
      "total_r": 2139.2092801525405,
      "win_rate": 0.6319702602230484,
      "wins": 1700
    },
    {
      "active": true,
      "agent_id": "gen469-mut238-liq-fade-v0",
      "expectancy_r": 0.3099242862344613,
      "gross_loss_r": 2.94541124933271,
      "gross_win_r": 8.214124115318553,
      "last_r": 0.3140359048723646,
      "losses": 5,
      "max_drawdown_r": 2.8364636418968567,
      "peak_cum_r": 7.7911406030103345,
      "profit_factor": 2.7887868348365554,
      "rolling_sharpe": 0.3410902505945981,
      "sum_downside_r_squared": 2.6357503741754886,
      "sum_r_squared": 14.8425909767511,
      "total_decisions": 17,
      "total_pnl_usd": 52.68712865985842,
      "total_r": 5.268712865985842,
      "win_rate": 0.7058823529411765,
      "wins": 12
    },
    {
      "active": true,
      "agent_id": "gen439-mut246-funding-trend-v1",
      "expectancy_r": 0.22195319913288902,
      "gross_loss_r": 31.40360030762108,
      "gross_win_r": 47.38423064518909,
      "last_r": -1.1202931295482599,
      "losses": 34,
      "max_drawdown_r": 8.658177248371599,
      "peak_cum_r": 24.63880758593961,
      "profit_factor": 1.5088789241050748,
      "rolling_sharpe": 0.18043009260733717,
      "sum_downside_r_squared": 32.1945190823087,
      "sum_r_squared": 110.98626509387908,
      "total_decisions": 72,
      "total_pnl_usd": 159.80630337568022,
      "total_r": 15.98063033756801,
      "win_rate": 0.5277777777777778,
      "wins": 38
    },
    {
      "active": true,
      "agent_id": "gen33-mut40-liq-fade-v0",
      "expectancy_r": 0.18297121513098635,
      "gross_loss_r": 12.968555825523156,
      "gross_win_r": 19.921462000500632,
      "last_r": -1.160831620355443,
      "losses": 17,
      "max_drawdown_r": 8.02040477993566,
      "peak_cum_r": 9.26253915118954,
      "profit_factor": 1.5361357323452778,
      "rolling_sharpe": 0.17768505655197506,
      "sum_downside_r_squared": 12.848010606994494,
      "sum_r_squared": 40.50644107489357,
      "total_decisions": 38,
      "total_pnl_usd": 69.52906174977483,
      "total_r": 6.952906174977482,
      "win_rate": 0.5526315789473685,
      "wins": 21
    },
    {
      "active": true,
      "agent_id": "gen471-mut264-liq-trend-v1",
      "expectancy_r": 0.016377408121963796,
      "gross_loss_r": 6.99745696604569,
      "gross_win_r": 7.3086277203630035,
      "last_r": -1.099288701826244,
      "losses": 11,
      "max_drawdown_r": 3.9075845461996943,
      "peak_cum_r": 4.218755300517007,
      "profit_factor": 1.0444691201142402,
      "rolling_sharpe": 0.016771606956218838,
      "sum_downside_r_squared": 6.796548701197419,
      "sum_r_squared": 17.168898183551196,
      "total_decisions": 19,
      "total_pnl_usd": 3.111707543173125,
      "total_r": 0.3111707543173121,
      "win_rate": 0.42105263157894735,
      "wins": 8
    },
    {
      "active": true,
      "agent_id": "funding-arb-v0",
      "expectancy_r": 0.0,
      "gross_loss_r": 0.0,
      "gross_win_r": 0.0,
      "last_r": 0.0,
      "losses": 0,
      "max_drawdown_r": 0.0,
      "peak_cum_r": 0.0,
      "profit_factor": 0.0,
      "rolling_sharpe": 0.0,
      "sum_downside_r_squared": 0.0,
      "sum_r_squared": 0.0,
      "total_decisions": 0,
      "total_pnl_usd": 0.0,
      "total_r": 0.0,
      "win_rate": 0.0,
      "wins": 0
    },
    {
      "active": true,
      "agent_id": "polyedge-v0",
      "expectancy_r": 0.0,
      "gross_loss_r": 0.0,
      "gross_win_r": 0.0,
      "last_r": 0.0,
      "losses": 0,
      "max_drawdown_r": 0.0,
      "peak_cum_r": 0.0,
      "profit_factor": 0.0,
      "rolling_sharpe": 0.0,
      "sum_downside_r_squared": 0.0,
      "sum_r_squared": 0.0,
      "total_decisions": 0,
      "total_pnl_usd": 0.0,
      "total_r": 0.0,
      "win_rate": 0.0,
      "wins": 0
    },
    {
      "active": true,
      "agent_id": "gen480-mut366-liq-trend-v1",
      "expectancy_r": 0.0,
      "gross_loss_r": 0.0,
      "gross_win_r": 0.0,
      "last_r": 0.0,
      "losses": 0,
      "max_drawdown_r": 0.0,
      "peak_cum_r": 0.0,
      "profit_factor": 0.0,
      "rolling_sharpe": 0.0,
      "sum_downside_r_squared": 0.0,
      "sum_r_squared": 0.0,
      "total_decisions": 0,
      "total_pnl_usd": 0.0,
      "total_r": 0.0,
      "win_rate": 0.0,
      "wins": 0
    },
    {
      "active": true,
      "agent_id": "gen480-mut367-funding-trend-v1",
      "expectancy_r": 0.0,
      "gross_loss_r": 0.0,
      "gross_win_r": 0.0,
      "last_r": 0.0,
      "losses": 0,
      "max_drawdown_r": 0.0,
      "peak_cum_r": 0.0,
      "profit_factor": 0.0,
      "rolling_sharpe": 0.0,
      "sum_downside_r_squared": 0.0,
      "sum_r_squared": 0.0,
      "total_decisions": 0,
      "total_pnl_usd": 0.0,
      "total_r": 0.0,
      "win_rate": 0.0,
      "wins": 0
    },
    {
      "active": true,
      "agent_id": "gen480-mut368-funding-arb-v1",
      "expectancy_r": 0.0,
      "gross_loss_r": 0.0,
      "gross_win_r": 0.0,
      "last_r": 0.0,
      "losses": 0,
      "max_drawdown_r": 0.0,
      "peak_cum_r": 0.0,
      "profit_factor": 0.0,
      "rolling_sharpe": 0.0,
      "sum_downside_r_squared": 0.0,
      "sum_r_squared": 0.0,
      "total_decisions": 0,
      "total_pnl_usd": 0.0,
      "total_r": 0.0,
      "win_rate": 0.0,
      "wins": 0
    },
    {
      "active": true,
      "agent_id": "gen480-mut369-polyedge-v1",
      "expectancy_r": 0.0,
      "gross_loss_r": 0.0,
      "gross_win_r": 0.0,
      "last_r": 0.0,
      "losses": 0,
      "max_drawdown_r": 0.0,
      "peak_cum_r": 0.0,
      "profit_factor": 0.0,
      "rolling_sharpe": 0.0,
      "sum_downside_r_squared": 0.0,
      "sum_r_squared": 0.0,
      "total_decisions": 0,
      "total_pnl_usd": 0.0,
      "total_r": 0.0,
      "win_rate": 0.0,
      "wins": 0
    },
    {
      "active": true,
      "agent_id": "gen480-mut370-liq-trend-v1",
      "expectancy_r": 0.0,
      "gross_loss_r": 0.0,
      "gross_win_r": 0.0,
      "last_r": 0.0,
      "losses": 0,