{
  "agents": [
    {
      "active": true,
      "agent_id": "gen348-mut321-funding-trend-v0",
      "expectancy_r": 0.37835849911465413,
      "gross_loss_r": 0.0,
      "gross_win_r": 0.7567169982293083,
      "last_r": 0.47930815353035017,
      "losses": 0,
      "max_drawdown_r": 0.0,
      "peak_cum_r": 0.7567169982293083,
      "profit_factor": null,
      "rolling_sharpe": 2.650230572774885,
      "sum_downside_r_squared": 0.0,
      "sum_r_squared": 0.3066919731578843,
      "total_decisions": 2,
      "total_pnl_usd": 7.567169982293083,
      "total_r": 0.7567169982293083,
      "win_rate": 1.0,
      "wins": 2
    },
    {
      "active": true,
      "agent_id": "gen347-mut305-liq-fade-v0",
      "expectancy_r": 0.7854153864310122,
      "gross_loss_r": 0.3733784103184285,
      "gross_win_r": 5.871286115335514,
      "last_r": 0.3242129350610191,
      "losses": 2,
      "max_drawdown_r": 0.37337841031842833,
      "peak_cum_r": 5.497907705017085,
      "profit_factor": 15.724760599650907,
      "rolling_sharpe": 0.8885886113052547,
      "sum_downside_r_squared": 0.10479297655448565,
      "sum_r_squared": 9.00572003203079,
      "total_decisions": 7,
      "total_pnl_usd": 54.97907705017086,
      "total_r": 5.497907705017085,
      "win_rate": 0.7142857142857143,
      "wins": 5
    },
    {
      "active": true,
      "agent_id": "gen345-mut288-funding-trend-v0",
      "expectancy_r": 0.6703666157223254,
      "gross_loss_r": 3.451285153352819,
      "gross_win_r": 22.221550393577928,
      "last_r": 0.47930815353035017,
      "losses": 4,
      "max_drawdown_r": 3.36919358297879,
      "peak_cum_r": 18.82960900368711,
      "profit_factor": 6.438630656754156,
      "rolling_sharpe": 0.8017798639679051,
      "sum_downside_r_squared": 3.7908948584816873,
      "sum_r_squared": 31.45757978099931,
      "total_decisions": 28,
      "total_pnl_usd": 187.70265240225106,
      "total_r": 18.77026524022511,
      "win_rate": 0.8571428571428571,
      "wins": 24
    },
    {
      "active": true,
      "agent_id": "gen347-mut310-funding-trend-v0",
      "expectancy_r": 0.5682097280352991,
      "gross_loss_r": 3.5619748707547085,
      "gross_win_r": 16.06258888753129,
      "last_r": 0.3672951523163953,
      "losses": 4,
      "max_drawdown_r": 2.7248145023688366,
      "peak_cum_r": 12.50061401677658,
      "profit_factor": 4.50946159654629,
      "rolling_sharpe": 0.695792618256291,
      "sum_downside_r_squared": 3.804087142857821,
      "sum_r_squared": 21.107773047241714,
      "total_decisions": 22,
      "total_pnl_usd": 125.00614016776584,
      "total_r": 12.50061401677658,
      "win_rate": 0.8181818181818182,
      "wins": 18
    },
    {
      "active": true,
      "agent_id": "vol-breakout-v1",
      "expectancy_r": 0.8421598469363175,
      "gross_loss_r": 529.3218713349232,
      "gross_win_r": 1802.667559902637,
      "last_r": -1.1417083845731337,
      "losses": 516,
      "max_drawdown_r": 5.49720477623714,
      "peak_cum_r": 1274.4873969522853,
      "profit_factor": 3.405616993222668,
      "rolling_sharpe": 0.6098148256540374,
      "sum_downside_r_squared": 573.0062498268413,
      "sum_r_squared": 3954.1190191791857,
      "total_decisions": 1512,
      "total_pnl_usd": 12733.45688567715,
      "total_r": 1273.3456885677122,
      "win_rate": 0.6587301587301587,
      "wins": 996
    },
    {
      "active": true,
      "agent_id": "vol-breakout-v0",
      "expectancy_r": 0.7807518495369654,
      "gross_loss_r": 855.3724269222641,
      "gross_win_r": 2701.0697992276587,
      "last_r": 1.88516898216981,
      "losses": 840,
      "max_drawdown_r": 5.374687353202262,
      "peak_cum_r": 1845.6973723053861,
      "profit_factor": 3.157770480101214,
      "rolling_sharpe": 0.5655697978584967,
      "sum_downside_r_squared": 921.7327523278584,
      "sum_r_squared": 5944.191305347927,
      "total_decisions": 2364,
      "total_pnl_usd": 18456.973723053903,
      "total_r": 1845.6973723053861,
      "win_rate": 0.6446700507614214,
      "wins": 1524
    },
    {
      "active": true,
      "agent_id": "gen2-mut25-vol-breakout-v0",
      "expectancy_r": 0.7695415693445047,
      "gross_loss_r": 745.9537331731997,
      "gross_win_r": 2258.872458504494,
      "last_r": -0.504412746742535,
      "losses": 738,
      "max_drawdown_r": 5.507957176917216,
      "peak_cum_r": 1513.4231380780386,
      "profit_factor": 3.02816697343348,
      "rolling_sharpe": 0.5465490954495879,
      "sum_downside_r_squared": 798.3635516188582,
      "sum_r_squared": 5059.800094767673,
      "total_decisions": 1966,
      "total_pnl_usd": 15129.187253312932,
      "total_r": 1512.9187253312962,
      "win_rate": 0.624618514750763,
      "wins": 1228
    },
    {
      "active": true,
      "agent_id": "gen345-mut283-funding-trend-v0",
      "expectancy_r": 0.3120742981177058,
      "gross_loss_r": 6.518868571239065,
      "gross_win_r": 18.689766197829595,
      "last_r": 0.5254411735809095,
      "losses": 12,
      "max_drawdown_r": 2.3827600497420427,
      "peak_cum_r": 12.170897626590527,
      "profit_factor": 2.867026078772004,
      "rolling_sharpe": 0.40622733187632254,
      "sum_downside_r_squared": 6.197048587969918,
      "sum_r_squared": 26.22471505046673,
      "total_decisions": 39,
      "total_pnl_usd": 121.24441760363713,
      "total_r": 12.170897626590527,
      "win_rate": 0.6923076923076923,
      "wins": 27
    },
    {
      "active": true,
      "agent_id": "gen287-mut319-liq-trend-v1",
      "expectancy_r": 0.23560685252703828,
      "gross_loss_r": 19.930263726562657,
      "gross_win_r": 33.59546117313087,
      "last_r": -1.0513753820252074,
      "losses": 23,
      "max_drawdown_r": 10.989866734285396,
      "peak_cum_r": 16.551842991683404,
      "profit_factor": 1.6856506082433578,
      "rolling_sharpe": 0.21412532344913943,
      "sum_downside_r_squared": 20.075755633817593,
      "sum_r_squared": 72.23002721033147,
      "total_decisions": 58,
      "total_pnl_usd": 136.65197446568223,
      "total_r": 13.66519744656822,
      "win_rate": 0.603448275862069,
      "wins": 35
    },
    {
      "active": true,
      "agent_id": "gen338-mut211-liq-fade-v0",
      "expectancy_r": 0.25672169194285926,
      "gross_loss_r": 15.223924011477395,
      "gross_win_r": 25.236069997248894,
      "last_r": -0.16680299017160455,
      "losses": 19,
      "max_drawdown_r": 8.45257572889557,
      "peak_cum_r": 17.88872997471942,
      "profit_factor": 1.6576586941857625,
      "rolling_sharpe": 0.21387147305731355,
      "sum_downside_r_squared": 15.020892807903646,
      "sum_r_squared": 57.32271580423065,
      "total_decisions": 39,
      "total_pnl_usd": 100.12145985771498,
      "total_r": 10.012145985771511,
      "win_rate": 0.5128205128205128,
      "wins": 20
    },
    {
      "active": true,
      "agent_id": "gen175-mut13-funding-arb-v1",
      "expectancy_r": 0.1823833296685997,
      "gross_loss_r": 37.866021971509056,
      "gross_win_r": 50.63285504831104,
      "last_r": -1.0804231105841575,
      "losses": 37,
      "max_drawdown_r": 7.793902855139553,
      "peak_cum_r": 20.56073593194153,
      "profit_factor": 1.3371580222080877,
      "rolling_sharpe": 0.13301059966762246,
      "sum_downside_r_squared": 40.53717142025037,
      "sum_r_squared": 132.06038424207438,
      "total_decisions": 70,
      "total_pnl_usd": 127.6683307680198,
      "total_r": 12.766833076801976,
      "win_rate": 0.4714285714285714,
      "wins": 33
    },
    {
      "active": true,
      "agent_id": "polyedge-v0",
      "expectancy_r": 0.0,
      "gross_loss_r": 0.0,
      "gross_win_r": 0.0,
      "last_r": 0.0,
      "losses": 0,
      "max_drawdown_r": 0.0,
      "peak_cum_r": 0.0,
      "profit_factor": 0.0,
      "rolling_sharpe": 0.0,
      "sum_downside_r_squared": 0.0,
      "sum_r_squared": 0.0,
      "total_decisions": 0,
      "total_pnl_usd": 0.0,
      "total_r": 0.0,
      "win_rate": 0.0,