{
  "agents": [
    {
      "active": true,
      "agent_id": "gen258-mut308-liq-trend-v1",
      "expectancy_r": 0.7883145782839741,
      "gross_loss_r": 0.22845134478323711,
      "gross_win_r": 2.5933950796351595,
      "last_r": -0.22845134478323711,
      "losses": 1,
      "max_drawdown_r": 0.22845134478323725,
      "peak_cum_r": 2.5933950796351595,
      "profit_factor": 11.352067470190935,
      "rolling_sharpe": 0.7301501892277606,
      "sum_downside_r_squared": 0.05219001693326948,
      "sum_r_squared": 4.19565475080727,
      "total_decisions": 3,
      "total_pnl_usd": 23.649437348519225,
      "total_r": 2.364943734851922,
      "win_rate": 0.6666666666666666,
      "wins": 2
    },
    {
      "active": true,
      "agent_id": "vol-breakout-v1",
      "expectancy_r": 0.8421599409726834,
      "gross_loss_r": 396.99129686395446,
      "gross_win_r": 1352.0006699269777,
      "last_r": -1.1417083845731337,
      "losses": 387,
      "max_drawdown_r": 5.497204776236856,
      "peak_cum_r": 956.1510814475961,
      "profit_factor": 3.4056179080175073,
      "rolling_sharpe": 0.6097476857766658,
      "sum_downside_r_squared": 429.7544438842452,
      "sum_r_squared": 2965.5890208985,
      "total_decisions": 1134,
      "total_pnl_usd": 9550.09373063023,
      "total_r": 955.009373063023,
      "win_rate": 0.6587301587301587,
      "wins": 747
    },
    {
      "active": true,
      "agent_id": "vol-breakout-v0",
      "expectancy_r": 0.7707449352227547,
      "gross_loss_r": 641.5292135544604,
      "gross_win_r": 2000.3525343521799,
      "last_r": 1.917471540400662,
      "losses": 630,
      "max_drawdown_r": 5.374687353202262,
      "peak_cum_r": 1358.8233207977164,
      "profit_factor": 3.118100457606623,
      "rolling_sharpe": 0.5583592219911541,
      "sum_downside_r_squared": 691.2993207600078,
      "sum_r_squared": 4404.681378284228,
      "total_decisions": 1763,
      "total_pnl_usd": 13588.233207977197,
      "total_r": 1358.8233207977164,
      "win_rate": 0.6426545660805445,
      "wins": 1133
    },
    {
      "active": true,
      "agent_id": "gen2-mut25-vol-breakout-v0",
      "expectancy_r": 0.7662466396988032,
      "gross_loss_r": 557.5098103410171,
      "gross_win_r": 1672.3986711027737,
      "last_r": 0.7711059589562879,
      "losses": 547,
      "max_drawdown_r": 5.507957176917216,
      "peak_cum_r": 1114.8888607617587,
      "profit_factor": 2.999765457185054,
      "rolling_sharpe": 0.5426996663001565,
      "sum_downside_r_squared": 597.6181876767437,
      "sum_r_squared": 3752.8409693322055,
      "total_decisions": 1455,
      "total_pnl_usd": 11148.888607617557,
      "total_r": 1114.8888607617587,
      "win_rate": 0.6240549828178694,
      "wins": 908
    },
    {
      "active": true,
      "agent_id": "gen58-mut389-liq-trend-v1",
      "expectancy_r": 0.3144873896258216,
      "gross_loss_r": 16.813860586394874,
      "gross_win_r": 30.651305729931025,
      "last_r": -1.0795628261391592,
      "losses": 16,
      "max_drawdown_r": 9.997512762743884,
      "peak_cum_r": 17.093247681986963,
      "profit_factor": 1.8229784630623664,
      "rolling_sharpe": 0.2585112978892188,
      "sum_downside_r_squared": 17.927360247200337,
      "sum_r_squared": 67.98960653810465,
      "total_decisions": 44,
      "total_pnl_usd": 138.37445143536152,
      "total_r": 13.83744514353615,
      "win_rate": 0.6363636363636364,
      "wins": 28
    },
    {
      "active": true,
      "agent_id": "gen249-mut201-funding-trend-v1",
      "expectancy_r": 0.30945629261853597,
      "gross_loss_r": 22.68315207361071,
      "gross_win_r": 38.46542299715604,
      "last_r": 1.8995471928743755,
      "losses": 25,
      "max_drawdown_r": 9.625636054936063,
      "peak_cum_r": 19.918088301760786,
      "profit_factor": 1.6957706262484666,
      "rolling_sharpe": 0.231647609413299,
      "sum_downside_r_squared": 24.05354071806087,
      "sum_r_squared": 94.1143550297808,
      "total_decisions": 51,
      "total_pnl_usd": 157.82270923545335,
      "total_r": 15.782270923545333,
      "win_rate": 0.5098039215686274,
      "wins": 26
    },
    {
      "active": true,
      "agent_id": "gen228-mut329-funding-trend-v1",
      "expectancy_r": 0.23856287234254864,
      "gross_loss_r": 35.10656866489715,
      "gross_win_r": 53.9530355799585,
      "last_r": -0.17929699415929568,
      "losses": 36,
      "max_drawdown_r": 10.09206085728336,
      "peak_cum_r": 28.15926808921333,
      "profit_factor": 1.5368359150948816,
      "rolling_sharpe": 0.1895995235314522,
      "sum_downside_r_squared": 36.944940624889526,
      "sum_r_squared": 127.98437233332858,
      "total_decisions": 79,
      "total_pnl_usd": 188.4646691506135,
      "total_r": 18.84646691506134,
      "win_rate": 0.5443037974683544,
      "wins": 43
    },
    {
      "active": true,
      "agent_id": "gen32-mut40-liq-fade-v0",
      "expectancy_r": 0.18297121513098633,
      "gross_loss_r": 12.968555825523156,
      "gross_win_r": 19.921462000500632,
      "last_r": -1.160831620355443,
      "losses": 17,
      "max_drawdown_r": 8.02040477993566,
      "peak_cum_r": 9.26253915118954,
      "profit_factor": 1.5361357323452778,
      "rolling_sharpe": 0.177685056551975,
      "sum_downside_r_squared": 12.848010606994496,
      "sum_r_squared": 40.50644107489359,
      "total_decisions": 38,
      "total_pnl_usd": 69.52906174977483,
      "total_r": 6.95290617497748,
      "win_rate": 0.5526315789473685,
      "wins": 21
    },
    {
      "active": true,
      "agent_id": "polyedge-v0",
      "expectancy_r": 0.0,
      "gross_loss_r": 0.0,
      "gross_win_r": 0.0,
      "last_r": 0.0,
      "losses": 0,
      "max_drawdown_r": 0.0,
      "peak_cum_r": 0.0,
      "profit_factor": 0.0,
      "rolling_sharpe": 0.0,
      "sum_downside_r_squared": 0.0,
      "sum_r_squared": 0.0,
      "total_decisions": 0,
      "total_pnl_usd": 0.0,
      "total_r": 0.0,
      "win_rate": 0.0,
      "wins": 0
    },
    {
      "active": true,
      "agent_id": "gen261-mut335-liq-fade-v0",
      "expectancy_r": 0.0,
      "gross_loss_r": 0.0,
      "gross_win_r": 0.0,
      "last_r": 0.0,
      "losses": 0,
      "max_drawdown_r": 0.0,
      "peak_cum_r": 0.0,
      "profit_factor": 0.0,
      "rolling_sharpe": 0.0,
      "sum_downside_r_squared": 0.0,
      "sum_r_squared": 0.0,
      "total_decisions": 0,
      "total_pnl_usd": 0.0,
      "total_r": 0.0,
      "win_rate": 0.0,
      "wins": 0
    },
    {
      "active": true,
      "agent_id": "gen261-mut337-polyedge-v1",
      "expectancy_r": 0.0,
      "gross_loss_r": 0.0,
      "gross_win_r": 0.0,
      "last_r": 0.0,
      "losses": 0,
      "max_drawdown_r": 0.0,
      "peak_cum_r": 0.0,
      "profit_factor": 0.0,
      "rolling_sharpe": 0.0,
      "sum_downside_r_squared": 0.0,
      "sum_r_squared": 0.0,
      "total_decisions": 0,
      "total_pnl_usd": 0.0,
      "total_r": 0.0,
      "win_rate": 0.0,
      "wins": 0
    },
    {
      "active": true,
      "agent_id": "gen261-mut338-liq-trend-v1",
      "expectancy_r": 0.0,
      "gross_loss_r": 0.0,
      "gross_win_r": 0.0,
      "last_r": 0.0,
      "losses": 0,
      "max_drawdown_r": 0.0,
      "peak_cum_r": 0.0,
      "profit_factor": 0.0,
      "rolling_sharpe": 0.0,
      "sum_downside_r_squared": 0.0,
      "sum_r_squared": 0.0,
      "total_decisions": 0,
      "total_pnl_usd": 0.0,
      "total_r": 0.0,
      "win_rate": 0.0,
      "wins": 0
    },
    {
      "active": true,
      "agent_id": "gen261-mut339-liq-fade-v0",
      "expectancy_r": 0.0,
      "gross_loss_r": 0.0,
      "gross_win_r": 0.0,
      "last_r": 0.0,
      "losses": 0,
      "max_drawdown_r": 0.0,
      "peak_cum_r": 0.0,
      "profit_factor": 0.0,
      "rolling_sharpe": 0.0,
      "sum_downside_r_squared": 0.0,
      "sum_r_squared": 0.0,
      "total_decisions": 0,
      "total_pnl_usd": 0.0,
      "total_r": 0.0,
      "win_rate": 0.0,