{
  "agents": [
    {
      "active": true,
      "agent_id": "vol-breakout-v1",
      "expectancy_r": 0.8732864580155795,
      "gross_loss_r": 793.9828070023842,
      "gross_win_r": 2837.473118758839,
      "last_r": 1.8377889238327885,
      "losses": 774,
      "max_drawdown_r": 5.49720477623714,
      "peak_cum_r": 2043.4903117564559,
      "profit_factor": 3.573721110500468,
      "rolling_sharpe": 0.6371454806048271,
      "sum_downside_r_squared": 859.5093747402624,
      "sum_r_squared": 6178.617236641993,
      "total_decisions": 2340,
      "total_pnl_usd": 20434.90311756458,
      "total_r": 2043.4903117564559,
      "win_rate": 0.6692307692307692,
      "wins": 1566
    },
    {
      "active": true,
      "agent_id": "vol-breakout-v0",
      "expectancy_r": 0.8021053602868806,
      "gross_loss_r": 1283.0586403834006,
      "gross_win_r": 4185.07583390134,
      "last_r": 1.8377889238327885,
      "losses": 1260,
      "max_drawdown_r": 5.374687353202262,
      "peak_cum_r": 2902.017193517934,
      "profit_factor": 3.2617962283086026,
      "rolling_sharpe": 0.5834513695331787,
      "sum_downside_r_squared": 1382.599128491791,
      "sum_r_squared": 9163.722992493987,
      "total_decisions": 3618,
      "total_pnl_usd": 29020.17193517928,
      "total_r": 2902.017193517934,
      "win_rate": 0.6517412935323383,
      "wins": 2358
    },
    {
      "active": true,
      "agent_id": "gen2-mut25-vol-breakout-v0",
      "expectancy_r": 0.7956473679695435,
      "gross_loss_r": 1121.2322303261592,
      "gross_win_r": 3530.4524605379293,
      "last_r": 1.837819482668835,
      "losses": 1114,
      "max_drawdown_r": 5.507957176917216,
      "peak_cum_r": 2409.2202302117776,
      "profit_factor": 3.148725451382131,
      "rolling_sharpe": 0.5679205473438637,
      "sum_downside_r_squared": 1198.3531778844997,
      "sum_r_squared": 7858.149189607529,
      "total_decisions": 3028,
      "total_pnl_usd": 24092.20230211791,
      "total_r": 2409.2202302117776,
      "win_rate": 0.6321003963011889,
      "wins": 1914
    },
    {
      "active": true,
      "agent_id": "gen439-mut246-funding-trend-v1",
      "expectancy_r": 0.22195319913288905,
      "gross_loss_r": 31.40360030762108,
      "gross_win_r": 47.38423064518909,
      "last_r": -1.12029312954826,
      "losses": 34,
      "max_drawdown_r": 8.658177248371599,
      "peak_cum_r": 24.63880758593961,
      "profit_factor": 1.5088789241050748,
      "rolling_sharpe": 0.18043009260733717,
      "sum_downside_r_squared": 32.1945190823087,
      "sum_r_squared": 110.98626509387908,
      "total_decisions": 72,
      "total_pnl_usd": 159.80630337568022,
      "total_r": 15.98063033756801,
      "win_rate": 0.5277777777777778,
      "wins": 38
    },
    {
      "active": true,
      "agent_id": "gen33-mut40-liq-fade-v0",
      "expectancy_r": 0.18297121513098635,
      "gross_loss_r": 12.968555825523156,
      "gross_win_r": 19.921462000500632,
      "last_r": -1.160831620355443,
      "losses": 17,
      "max_drawdown_r": 8.02040477993566,
      "peak_cum_r": 9.26253915118954,
      "profit_factor": 1.5361357323452778,
      "rolling_sharpe": 0.17768505655197506,
      "sum_downside_r_squared": 12.848010606994494,
      "sum_r_squared": 40.50644107489357,
      "total_decisions": 38,
      "total_pnl_usd": 69.52906174977483,
      "total_r": 6.952906174977482,
      "win_rate": 0.5526315789473685,
      "wins": 21
    },
    {
      "active": true,
      "agent_id": "gen529-mut237-liq-fade-v0",
      "expectancy_r": 0.13246518501206048,
      "gross_loss_r": 6.993715495289333,
      "gross_win_r": 10.570275490614964,
      "last_r": 0.4600604958472435,
      "losses": 12,
      "max_drawdown_r": 4.02680717351836,
      "peak_cum_r": 6.829270768124385,
      "profit_factor": 1.51139626679619,
      "rolling_sharpe": 0.14930820138612544,
      "sum_downside_r_squared": 6.1095000770297405,
      "sum_r_squared": 20.938664697058602,
      "total_decisions": 27,
      "total_pnl_usd": 35.76559995325631,
      "total_r": 3.576559995325633,
      "win_rate": 0.5555555555555556,
      "wins": 15
    },
    {
      "active": true,
      "agent_id": "gen510-mut370-liq-trend-v1",
      "expectancy_r": 0.13017602073692097,
      "gross_loss_r": 10.635317592149073,
      "gross_win_r": 15.191478317941304,
      "last_r": -0.31022108451002417,
      "losses": 14,
      "max_drawdown_r": 4.988142582262009,
      "peak_cum_r": 9.544303308054243,
      "profit_factor": 1.4283991226698824,
      "rolling_sharpe": 0.14185707487950416,
      "sum_downside_r_squared": 10.200859583707173,
      "sum_r_squared": 29.224259963427087,
      "total_decisions": 35,
      "total_pnl_usd": 45.56160725792235,
      "total_r": 4.556160725792234,
      "win_rate": 0.6,
      "wins": 21
    },
    {
      "active": true,
      "agent_id": "gen539-mut359-funding-arb-v1",
      "expectancy_r": 0.1835986840290087,
      "gross_loss_r": 0.0,
      "gross_win_r": 0.1835986840290087,
      "last_r": 0.1835986840290087,
      "losses": 0,
      "max_drawdown_r": 0.0,
      "peak_cum_r": 0.1835986840290087,
      "profit_factor": null,
      "rolling_sharpe": 0.0,
      "sum_downside_r_squared": 0.0,
      "sum_r_squared": 0.03370847677718377,
      "total_decisions": 1,
      "total_pnl_usd": 1.835986840290087,
      "total_r": 0.1835986840290087,
      "win_rate": 1.0,
      "wins": 1
    },
    {
      "active": true,
      "agent_id": "polyedge-v0",
      "expectancy_r": 0.0,
      "gross_loss_r": 0.0,
      "gross_win_r": 0.0,
      "last_r": 0.0,
      "losses": 0,
      "max_drawdown_r": 0.0,
      "peak_cum_r": 0.0,
      "profit_factor": 0.0,
      "rolling_sharpe": 0.0,
      "sum_downside_r_squared": 0.0,
      "sum_r_squared": 0.0,
      "total_decisions": 0,
      "total_pnl_usd": 0.0,
      "total_r": 0.0,
      "win_rate": 0.0,
      "wins": 0
    },
    {
      "active": true,
      "agent_id": "gen540-mut370-liq-trend-v1",
      "expectancy_r": 0.0,
      "gross_loss_r": 0.0,
      "gross_win_r": 0.0,
      "last_r": 0.0,
      "losses": 0,
      "max_drawdown_r": 0.0,
      "peak_cum_r": 0.0,
      "profit_factor": 0.0,
      "rolling_sharpe": 0.0,
      "sum_downside_r_squared": 0.0,
      "sum_r_squared": 0.0,
      "total_decisions": 0,
      "total_pnl_usd": 0.0,
      "total_r": 0.0,
      "win_rate": 0.0,
      "wins": 0
    },
    {
      "active": true,
      "agent_id": "gen540-mut371-funding-trend-v1",
      "expectancy_r": 0.0,
      "gross_loss_r": 0.0,
      "gross_win_r": 0.0,
      "last_r": 0.0,
      "losses": 0,
      "max_drawdown_r": 0.0,
      "peak_cum_r": 0.0,
      "profit_factor": 0.0,
      "rolling_sharpe": 0.0,
      "sum_downside_r_squared": 0.0,
      "sum_r_squared": 0.0,
      "total_decisions": 0,
      "total_pnl_usd": 0.0,
      "total_r": 0.0,
      "win_rate": 0.0,
      "wins": 0
    },
    {
      "active": true,
      "agent_id": "gen540-mut372-funding-arb-v0",
      "expectancy_r": 0.0,
      "gross_loss_r": 0.0,
      "gross_win_r": 0.0,
      "last_r": 0.0,
      "losses": 0,
      "max_drawdown_r": 0.0,
      "peak_cum_r": 0.0,
      "profit_factor": 0.0,
      "rolling_sharpe": 0.0,
      "sum_downside_r_squared": 0.0,
      "sum_r_squared": 0.0,
      "total_decisions": 0,
      "total_pnl_usd": 0.0,
      "total_r": 0.0,
      "win_rate": 0.0,
      "wins": 0
    },
    {
      "active": true,
      "agent_id": "gen540-mut373-polyedge-v1",
      "expectancy_r": 0.0,
      "gross_loss_r": 0.0,
      "gross_win_r": 0.0,
      "last_r": 0.0,
      "losses": 0,
      "max_drawdown_r": 0.0,
      "peak_cum_r": 0.0,
      "profit_factor": 0.0,
      "rolling_sharpe": 0.0,
      "sum_downside_r_squared": 0.0,
      "sum_r_squared": 0.0,
      "total_decisions": 0,
      "total_pnl_usd": 0.0,
      "total_r": 0.0,
      "win_rate": 0.0,
      "wins": 0
    },
    {
      "active": true,
      "agent_id": "gen540-mut374-liq-trend-v1",
      "expectancy_r": 0.0,