{
  "agents": [
    {
      "active": true,
      "agent_id": "vol-breakout-v1",
      "expectancy_r": 0.8657801443465195,
      "gross_loss_r": 42.05029746701701,
      "gross_win_r": 150.27281551033192,
      "last_r": 1.8881635633618767,
      "losses": 42,
      "max_drawdown_r": 5.497204776236835,
      "peak_cum_r": 108.22251804331493,
      "profit_factor": 3.5736445295827313,
      "rolling_sharpe": 0.6308654077552046,
      "sum_downside_r_squared": 45.29048203942414,
      "sum_r_squared": 327.2381030414509,
      "total_decisions": 125,
      "total_pnl_usd": 1082.2251804331495,
      "total_r": 108.22251804331493,
      "win_rate": 0.664,
      "wins": 83
    },
    {
      "active": true,
      "agent_id": "vol-breakout-v0",
      "expectancy_r": 0.7699410771994668,
      "gross_loss_r": 71.2787984987425,
      "gross_win_r": 222.18724962983788,
      "last_r": 0.8302251658855174,
      "losses": 70,
      "max_drawdown_r": 5.04549615505735,
      "peak_cum_r": 150.9084511310955,
      "profit_factor": 3.1171576164230337,
      "rolling_sharpe": 0.55679289275924,
      "sum_downside_r_squared": 76.80591438290607,
      "sum_r_squared": 489.0647221408345,
      "total_decisions": 196,
      "total_pnl_usd": 1509.0845113109551,
      "total_r": 150.9084511310955,
      "win_rate": 0.6428571428571429,
      "wins": 126
    },
    {
      "active": true,
      "agent_id": "gen2-mut25-vol-breakout-v0",
      "expectancy_r": 0.706126107933086,
      "gross_loss_r": 60.08985126753818,
      "gross_win_r": 166.00876745750105,
      "last_r": 0.8302251658855174,
      "losses": 59,
      "max_drawdown_r": 5.5079571769171025,
      "peak_cum_r": 106.22719689517513,
      "profit_factor": 2.762675625845367,
      "rolling_sharpe": 0.49628440040189997,
      "sum_downside_r_squared": 64.46356247645834,
      "sum_r_squared": 376.4325468143958,
      "total_decisions": 150,
      "total_pnl_usd": 1059.189161899628,
      "total_r": 105.9189161899629,
      "win_rate": 0.6066666666666667,
      "wins": 91
    },
    {
      "active": true,
      "agent_id": "gen19-mut261-liq-fade-v0",
      "expectancy_r": 0.2684130052510875,
      "gross_loss_r": 4.734848630381342,
      "gross_win_r": 9.29786971964983,
      "last_r": -0.02881038064206119,
      "losses": 7,
      "max_drawdown_r": 2.445782193293744,
      "peak_cum_r": 7.008803282562232,
      "profit_factor": 1.9637100244323935,
      "rolling_sharpe": 0.25242331323290296,
      "sum_downside_r_squared": 4.961878710130891,
      "sum_r_squared": 19.316007168048774,
      "total_decisions": 17,
      "total_pnl_usd": 45.63021089268486,
      "total_r": 4.563021089268488,
      "win_rate": 0.5882352941176471,
      "wins": 10
    },
    {
      "active": true,
      "agent_id": "gen8-mut106-liq-trend-v1",
      "expectancy_r": 0.17913783133738218,
      "gross_loss_r": 17.13778818173334,
      "gross_win_r": 24.303301435228626,
      "last_r": -1.0578151640546016,
      "losses": 20,
      "max_drawdown_r": 8.459410640376621,
      "peak_cum_r": 11.481274172409925,
      "profit_factor": 1.418111904378232,
      "rolling_sharpe": 0.1488492855025545,
      "sum_downside_r_squared": 17.378123492642768,
      "sum_r_squared": 57.77025198908812,
      "total_decisions": 40,
      "total_pnl_usd": 71.65513253495286,
      "total_r": 7.165513253495287,
      "win_rate": 0.5,
      "wins": 20
    },
    {
      "active": true,
      "agent_id": "funding-trend-v0",
      "expectancy_r": 0.0,
      "gross_loss_r": 0.0,
      "gross_win_r": 0.0,
      "last_r": 0.0,
      "losses": 0,
      "max_drawdown_r": 0.0,
      "peak_cum_r": 0.0,
      "profit_factor": 0.0,
      "rolling_sharpe": 0.0,
      "sum_downside_r_squared": 0.0,
      "sum_r_squared": 0.0,
      "total_decisions": 0,
      "total_pnl_usd": 0.0,
      "total_r": 0.0,
      "win_rate": 0.0,
      "wins": 0
    },
    {
      "active": true,
      "agent_id": "funding-arb-v0",
      "expectancy_r": 0.0,
      "gross_loss_r": 0.0,
      "gross_win_r": 0.0,
      "last_r": 0.0,
      "losses": 0,
      "max_drawdown_r": 0.0,
      "peak_cum_r": 0.0,
      "profit_factor": 0.0,
      "rolling_sharpe": 0.0,
      "sum_downside_r_squared": 0.0,
      "sum_r_squared": 0.0,
      "total_decisions": 0,
      "total_pnl_usd": 0.0,
      "total_r": 0.0,
      "win_rate": 0.0,
      "wins": 0
    },
    {
      "active": true,
      "agent_id": "polyedge-v0",
      "expectancy_r": 0.0,
      "gross_loss_r": 0.0,
      "gross_win_r": 0.0,
      "last_r": 0.0,
      "losses": 0,
      "max_drawdown_r": 0.0,
      "peak_cum_r": 0.0,
      "profit_factor": 0.0,
      "rolling_sharpe": 0.0,
      "sum_downside_r_squared": 0.0,
      "sum_r_squared": 0.0,
      "total_decisions": 0,
      "total_pnl_usd": 0.0,
      "total_r": 0.0,
      "win_rate": 0.0,
      "wins": 0
    },
    {
      "active": true,
      "agent_id": "gen28-mut382-funding-trend-v1",
      "expectancy_r": 0.0,
      "gross_loss_r": 0.0,
      "gross_win_r": 0.0,
      "last_r": 0.0,
      "losses": 0,
      "max_drawdown_r": 0.0,
      "peak_cum_r": 0.0,
      "profit_factor": 0.0,
      "rolling_sharpe": 0.0,
      "sum_downside_r_squared": 0.0,
      "sum_r_squared": 0.0,
      "total_decisions": 0,
      "total_pnl_usd": 0.0,
      "total_r": 0.0,
      "win_rate": 0.0,
      "wins": 0
    },
    {
      "active": true,
      "agent_id": "gen28-mut383-funding-arb-v1",
      "expectancy_r": 0.0,
      "gross_loss_r": 0.0,
      "gross_win_r": 0.0,
      "last_r": 0.0,
      "losses": 0,
      "max_drawdown_r": 0.0,
      "peak_cum_r": 0.0,
      "profit_factor": 0.0,
      "rolling_sharpe": 0.0,
      "sum_downside_r_squared": 0.0,
      "sum_r_squared": 0.0,
      "total_decisions": 0,
      "total_pnl_usd": 0.0,
      "total_r": 0.0,
      "win_rate": 0.0,
      "wins": 0
    },
    {
      "active": true,
      "agent_id": "gen28-mut384-polyedge-v1",
      "expectancy_r": 0.0,
      "gross_loss_r": 0.0,
      "gross_win_r": 0.0,
      "last_r": 0.0,
      "losses": 0,
      "max_drawdown_r": 0.0,
      "peak_cum_r": 0.0,
      "profit_factor": 0.0,
      "rolling_sharpe": 0.0,
      "sum_downside_r_squared": 0.0,
      "sum_r_squared": 0.0,
      "total_decisions": 0,
      "total_pnl_usd": 0.0,
      "total_r": 0.0,
      "win_rate": 0.0,
      "wins": 0
    },
    {
      "active": true,
      "agent_id": "gen28-mut387-funding-trend-v0",
      "expectancy_r": 0.0,
      "gross_loss_r": 0.0,
      "gross_win_r": 0.0,
      "last_r": 0.0,
      "losses": 0,
      "max_drawdown_r": 0.0,
      "peak_cum_r": 0.0,
      "profit_factor": 0.0,
      "rolling_sharpe": 0.0,
      "sum_downside_r_squared": 0.0,
      "sum_r_squared": 0.0,
      "total_decisions": 0,
      "total_pnl_usd": 0.0,
      "total_r": 0.0,
      "win_rate": 0.0,
      "wins": 0
    },
    {
      "active": true,
      "agent_id": "gen28-mut388-funding-arb-v0",
      "expectancy_r": 0.0,
      "gross_loss_r": 0.0,
      "gross_win_r": 0.0,
      "last_r": 0.0,
      "losses": 0,
      "max_drawdown_r": 0.0,
      "peak_cum_r": 0.0,
      "profit_factor": 0.0,
      "rolling_sharpe": 0.0,
      "sum_downside_r_squared": 0.0,
      "sum_r_squared": 0.0,
      "total_decisions": 0,
      "total_pnl_usd": 0.0,
      "total_r": 0.0,
      "win_rate": 0.0,
      "wins": 0
    },
    {
      "active": true,
      "agent_id": "gen28-mut389-polyedge-v0",
      "expectancy_r": 0.0,
      "gross_loss_r": 0.0,
      "gross_win_r": 0.0,
      "last_r": 0.0,
      "losses": 0,
      "max_drawdown_r": 0.0,
      "peak_cum_r": 0.0,
      "profit_factor": 0.0,
      "rolling_sharpe": 0.0,
      "sum_downside_r_squared": 0.0,
      "sum_r_squared": 0.0,
      "total_decisions": 0,
      "total_pnl_usd": 0.0,
      "total_r": 0.0,
      "win_rate": 0.0,
      "wins": 0
    },
    {
      "active": true,
      "agent_id": "gen28-mut392-funding-trend-v0",
      "expectancy_r": 0.0,
      "gross_loss_r": 0.0,
      "gross_win_r": 0.0,