{
  "agents": [
    {
      "active": true,
      "agent_id": "vol-breakout-v1",
      "expectancy_r": 0.8421598469363182,
      "gross_loss_r": 308.7710916120384,
      "gross_win_r": 1051.556076609871,
      "last_r": -1.1417083845731337,
      "losses": 301,
      "max_drawdown_r": 5.497204776236856,
      "peak_cum_r": 743.9266933824058,
      "profit_factor": 3.405616993222668,
      "rolling_sharpe": 0.6096706716143315,
      "sum_downside_r_squared": 334.25364573232434,
      "sum_r_squared": 2306.5694278545207,
      "total_decisions": 882,
      "total_pnl_usd": 7427.849849978319,
      "total_r": 742.7849849978327,
      "win_rate": 0.6587301587301587,
      "wins": 581
    },
    {
      "active": true,
      "agent_id": "vol-breakout-v0",
      "expectancy_r": 0.7807570652366291,
      "gross_loss_r": 498.9672490379876,
      "gross_win_r": 1575.6312419993003,
      "last_r": 1.9158278728241673,
      "losses": 490,
      "max_drawdown_r": 5.374687353202262,
      "peak_cum_r": 1076.6639929613116,
      "profit_factor": 3.1577848947744136,
      "rolling_sharpe": 0.5654863458593024,
      "sum_downside_r_squared": 537.6774388579174,
      "sum_r_squared": 3467.4723543955765,
      "total_decisions": 1379,
      "total_pnl_usd": 10766.639929613131,
      "total_r": 1076.6639929613116,
      "win_rate": 0.6446700507614214,
      "wins": 889
    },
    {
      "active": true,
      "agent_id": "gen2-mut25-vol-breakout-v0",
      "expectancy_r": 0.7667586292236988,
      "gross_loss_r": 433.6920262084743,
      "gross_win_r": 1308.5636221527127,
      "last_r": 0.22400940733822505,
      "losses": 427,
      "max_drawdown_r": 5.507957176917159,
      "peak_cum_r": 874.8715959442403,
      "profit_factor": 3.017264655734506,
      "rolling_sharpe": 0.5444534799360211,
      "sum_downside_r_squared": 464.473718575176,
      "sum_r_squared": 2931.815749678104,
      "total_decisions": 1141,
      "total_pnl_usd": 8748.715959442376,
      "total_r": 874.8715959442403,
      "win_rate": 0.6257668711656442,
      "wins": 714
    },
    {
      "active": true,
      "agent_id": "gen58-mut389-liq-trend-v1",
      "expectancy_r": 0.3144873896258216,
      "gross_loss_r": 16.813860586394874,
      "gross_win_r": 30.651305729931025,
      "last_r": -1.0795628261391592,
      "losses": 16,
      "max_drawdown_r": 9.997512762743884,
      "peak_cum_r": 17.093247681986963,
      "profit_factor": 1.8229784630623664,
      "rolling_sharpe": 0.2585112978892188,
      "sum_downside_r_squared": 17.927360247200337,
      "sum_r_squared": 67.98960653810465,
      "total_decisions": 44,
      "total_pnl_usd": 138.37445143536158,
      "total_r": 13.83744514353615,
      "win_rate": 0.6363636363636364,
      "wins": 28
    },
    {
      "active": true,
      "agent_id": "gen32-mut40-liq-fade-v0",
      "expectancy_r": 0.18297121513098635,
      "gross_loss_r": 12.968555825523156,
      "gross_win_r": 19.921462000500632,
      "last_r": -1.160831620355443,
      "losses": 17,
      "max_drawdown_r": 8.02040477993566,
      "peak_cum_r": 9.26253915118954,
      "profit_factor": 1.5361357323452778,
      "rolling_sharpe": 0.17768505655197506,
      "sum_downside_r_squared": 12.848010606994496,
      "sum_r_squared": 40.50644107489358,
      "total_decisions": 38,
      "total_pnl_usd": 69.52906174977483,
      "total_r": 6.952906174977482,
      "win_rate": 0.5526315789473685,
      "wins": 21
    },
    {
      "active": true,
      "agent_id": "gen175-mut13-funding-arb-v1",
      "expectancy_r": 0.1823833296685996,
      "gross_loss_r": 37.866021971509056,
      "gross_win_r": 50.63285504831104,
      "last_r": -1.0804231105841577,
      "losses": 37,
      "max_drawdown_r": 7.793902855139553,
      "peak_cum_r": 20.560735931941526,
      "profit_factor": 1.3371580222080877,
      "rolling_sharpe": 0.1330105996676224,
      "sum_downside_r_squared": 40.53717142025037,
      "sum_r_squared": 132.06038424207438,
      "total_decisions": 70,
      "total_pnl_usd": 127.66833076801981,
      "total_r": 12.766833076801973,
      "win_rate": 0.4714285714285714,
      "wins": 33
    },
    {
      "active": true,
      "agent_id": "gen203-mut368-funding-arb-v1",
      "expectancy_r": 0.12080792943438393,
      "gross_loss_r": 0.0,
      "gross_win_r": 0.12080792943438393,
      "last_r": 0.12080792943438393,
      "losses": 0,
      "max_drawdown_r": 0.0,
      "peak_cum_r": 0.12080792943438393,
      "profit_factor": null,
      "rolling_sharpe": 0.0,
      "sum_downside_r_squared": 0.0,
      "sum_r_squared": 0.014594555814223087,
      "total_decisions": 1,
      "total_pnl_usd": 1.2080792943438394,
      "total_r": 0.12080792943438393,
      "win_rate": 1.0,
      "wins": 1
    },
    {
      "active": true,
      "agent_id": "funding-trend-v0",
      "expectancy_r": 0.0,
      "gross_loss_r": 0.0,
      "gross_win_r": 0.0,
      "last_r": 0.0,
      "losses": 0,
      "max_drawdown_r": 0.0,
      "peak_cum_r": 0.0,
      "profit_factor": 0.0,
      "rolling_sharpe": 0.0,
      "sum_downside_r_squared": 0.0,
      "sum_r_squared": 0.0,
      "total_decisions": 0,
      "total_pnl_usd": 0.0,
      "total_r": 0.0,
      "win_rate": 0.0,
      "wins": 0
    },
    {
      "active": true,
      "agent_id": "polyedge-v0",
      "expectancy_r": 0.0,
      "gross_loss_r": 0.0,
      "gross_win_r": 0.0,
      "last_r": 0.0,
      "losses": 0,
      "max_drawdown_r": 0.0,
      "peak_cum_r": 0.0,
      "profit_factor": 0.0,
      "rolling_sharpe": 0.0,
      "sum_downside_r_squared": 0.0,
      "sum_r_squared": 0.0,
      "total_decisions": 0,
      "total_pnl_usd": 0.0,
      "total_r": 0.0,
      "win_rate": 0.0,
      "wins": 0
    },
    {
      "active": true,
      "agent_id": "gen203-mut360-liq-trend-v1",
      "expectancy_r": 0.0,
      "gross_loss_r": 0.0,
      "gross_win_r": 0.0,
      "last_r": 0.0,
      "losses": 0,
      "max_drawdown_r": 0.0,
      "peak_cum_r": 0.0,
      "profit_factor": 0.0,
      "rolling_sharpe": 0.0,
      "sum_downside_r_squared": 0.0,
      "sum_r_squared": 0.0,
      "total_decisions": 0,
      "total_pnl_usd": 0.0,
      "total_r": 0.0,
      "win_rate": 0.0,
      "wins": 0
    },
    {
      "active": true,
      "agent_id": "gen203-mut361-liq-fade-v0",
      "expectancy_r": 0.0,
      "gross_loss_r": 0.0,
      "gross_win_r": 0.0,
      "last_r": 0.0,
      "losses": 0,
      "max_drawdown_r": 0.0,
      "peak_cum_r": 0.0,
      "profit_factor": 0.0,
      "rolling_sharpe": 0.0,
      "sum_downside_r_squared": 0.0,
      "sum_r_squared": 0.0,
      "total_decisions": 0,
      "total_pnl_usd": 0.0,
      "total_r": 0.0,
      "win_rate": 0.0,
      "wins": 0
    },
    {
      "active": true,
      "agent_id": "gen203-mut362-funding-trend-v1",
      "expectancy_r": 0.0,
      "gross_loss_r": 0.0,
      "gross_win_r": 0.0,
      "last_r": 0.0,
      "losses": 0,
      "max_drawdown_r": 0.0,
      "peak_cum_r": 0.0,
      "profit_factor": 0.0,
      "rolling_sharpe": 0.0,
      "sum_downside_r_squared": 0.0,
      "sum_r_squared": 0.0,
      "total_decisions": 0,
      "total_pnl_usd": 0.0,
      "total_r": 0.0,
      "win_rate": 0.0,
      "wins": 0
    },
    {
      "active": true,
      "agent_id": "gen203-mut363-funding-arb-v1",
      "expectancy_r": 0.0,
      "gross_loss_r": 0.0,
      "gross_win_r": 0.0,
      "last_r": 0.0,
      "losses": 0,
      "max_drawdown_r": 0.0,
      "peak_cum_r": 0.0,
      "profit_factor": 0.0,
      "rolling_sharpe": 0.0,
      "sum_downside_r_squared": 0.0,
      "sum_r_squared": 0.0,
      "total_decisions": 0,
      "total_pnl_usd": 0.0,
      "total_r": 0.0,
      "win_rate": 0.0,
      "wins": 0
    },
    {
      "active": true,
      "agent_id": "gen203-mut364-polyedge-v1",
      "expectancy_r": 0.0,
      "gross_loss_r": 0.0,
      "gross_win_r": 0.0,
      "last_r": 0.0,
      "losses": 0,
      "max_drawdown_r": 0.0,
      "peak_cum_r": 0.0,
      "profit_factor": 0.0,