{
  "agents": [
    {
      "active": true,
      "agent_id": "vol-breakout-v1",
      "expectancy_r": 0.842159846936318,
      "gross_loss_r": 44.110155944576924,
      "gross_win_r": 150.22229665855298,
      "last_r": -1.1417083845731337,
      "losses": 43,
      "max_drawdown_r": 5.497204776236835,
      "peak_cum_r": 107.2538490985492,
      "profit_factor": 3.405616993222666,
      "rolling_sharpe": 0.6075910612173372,
      "sum_downside_r_squared": 47.7505208189035,
      "sum_r_squared": 329.50991826493157,
      "total_decisions": 126,
      "total_pnl_usd": 1061.1214071397608,
      "total_r": 106.11214071397606,
      "win_rate": 0.6587301587301587,
      "wins": 83
    },
    {
      "active": true,
      "agent_id": "vol-breakout-v0",
      "expectancy_r": 0.7807626782889111,
      "gross_loss_r": 71.28103557685549,
      "gross_win_r": 225.09128319977083,
      "last_r": 1.8858774502590763,
      "losses": 70,
      "max_drawdown_r": 5.04549615505735,
      "peak_cum_r": 153.81024762291548,
      "profit_factor": 3.1578004076144004,
      "rolling_sharpe": 0.5642560960572123,
      "sum_downside_r_squared": 76.81106269398823,
      "sum_r_squared": 495.35739552078326,
      "total_decisions": 197,
      "total_pnl_usd": 1538.1024762291543,
      "total_r": 153.81024762291548,
      "win_rate": 0.6446700507614214,
      "wins": 127
    },
    {
      "active": true,
      "agent_id": "gen2-mut25-vol-breakout-v0",
      "expectancy_r": 0.7101119697829058,
      "gross_loss_r": 60.0922344034033,
      "gross_win_r": 167.31914184062205,
      "last_r": 1.921353388428812,
      "losses": 59,
      "max_drawdown_r": 5.5079571769171025,
      "peak_cum_r": 107.22690743721877,
      "profit_factor": 2.784372115661354,
      "rolling_sharpe": 0.4995261967687684,
      "sum_downside_r_squared": 64.46906413278823,
      "sum_r_squared": 379.27273922404345,
      "total_decisions": 151,
      "total_pnl_usd": 1072.269074372187,
      "total_r": 107.22690743721877,
      "win_rate": 0.609271523178808,
      "wins": 92
    },
    {
      "active": true,
      "agent_id": "gen19-mut261-liq-fade-v0",
      "expectancy_r": 0.2450360176963403,
      "gross_loss_r": 5.1322574188120464,
      "gross_win_r": 9.29786971964983,
      "last_r": -0.4262191690727655,
      "losses": 7,
      "max_drawdown_r": 2.8431909817244483,
      "peak_cum_r": 7.0088032825622335,
      "profit_factor": 1.8116530331407246,
      "rolling_sharpe": 0.22802611621937136,
      "sum_downside_r_squared": 5.14271145218323,
      "sum_r_squared": 19.496839910101112,
      "total_decisions": 17,
      "total_pnl_usd": 41.65612300837782,
      "total_r": 4.165612300837785,
      "win_rate": 0.5882352941176471,
      "wins": 10
    },
    {
      "active": true,
      "agent_id": "gen8-mut106-liq-trend-v1",
      "expectancy_r": 0.17913783133738218,
      "gross_loss_r": 17.13778818173334,
      "gross_win_r": 24.303301435228626,
      "last_r": -1.0578151640546016,
      "losses": 20,
      "max_drawdown_r": 8.459410640376621,
      "peak_cum_r": 11.481274172409925,
      "profit_factor": 1.418111904378232,
      "rolling_sharpe": 0.14884928550255452,
      "sum_downside_r_squared": 17.378123492642768,
      "sum_r_squared": 57.770251989088116,
      "total_decisions": 40,
      "total_pnl_usd": 71.65513253495286,
      "total_r": 7.165513253495287,
      "win_rate": 0.5,
      "wins": 20
    },
    {
      "active": true,
      "agent_id": "funding-trend-v0",
      "expectancy_r": 0.0,
      "gross_loss_r": 0.0,
      "gross_win_r": 0.0,
      "last_r": 0.0,
      "losses": 0,
      "max_drawdown_r": 0.0,
      "peak_cum_r": 0.0,
      "profit_factor": 0.0,
      "rolling_sharpe": 0.0,
      "sum_downside_r_squared": 0.0,
      "sum_r_squared": 0.0,
      "total_decisions": 0,
      "total_pnl_usd": 0.0,
      "total_r": 0.0,
      "win_rate": 0.0,
      "wins": 0
    },
    {
      "active": true,
      "agent_id": "funding-arb-v0",
      "expectancy_r": 0.0,
      "gross_loss_r": 0.0,
      "gross_win_r": 0.0,
      "last_r": 0.0,
      "losses": 0,
      "max_drawdown_r": 0.0,
      "peak_cum_r": 0.0,
      "profit_factor": 0.0,
      "rolling_sharpe": 0.0,
      "sum_downside_r_squared": 0.0,
      "sum_r_squared": 0.0,
      "total_decisions": 0,
      "total_pnl_usd": 0.0,
      "total_r": 0.0,
      "win_rate": 0.0,
      "wins": 0
    },
    {
      "active": true,
      "agent_id": "polyedge-v0",
      "expectancy_r": 0.0,
      "gross_loss_r": 0.0,
      "gross_win_r": 0.0,
      "last_r": 0.0,
      "losses": 0,
      "max_drawdown_r": 0.0,
      "peak_cum_r": 0.0,
      "profit_factor": 0.0,
      "rolling_sharpe": 0.0,
      "sum_downside_r_squared": 0.0,
      "sum_r_squared": 0.0,
      "total_decisions": 0,
      "total_pnl_usd": 0.0,
      "total_r": 0.0,
      "win_rate": 0.0,
      "wins": 0
    },
    {
      "active": true,
      "agent_id": "gen29-mut394-liq-trend-v0",
      "expectancy_r": 0.0,
      "gross_loss_r": 0.0,
      "gross_win_r": 0.0,
      "last_r": 0.0,
      "losses": 0,
      "max_drawdown_r": 0.0,
      "peak_cum_r": 0.0,
      "profit_factor": 0.0,
      "rolling_sharpe": 0.0,
      "sum_downside_r_squared": 0.0,
      "sum_r_squared": 0.0,
      "total_decisions": 0,
      "total_pnl_usd": 0.0,
      "total_r": 0.0,
      "win_rate": 0.0,
      "wins": 0
    },
    {
      "active": true,
      "agent_id": "gen29-mut395-liq-fade-v0",
      "expectancy_r": 0.0,
      "gross_loss_r": 0.0,
      "gross_win_r": 0.0,
      "last_r": 0.0,
      "losses": 0,
      "max_drawdown_r": 0.0,
      "peak_cum_r": 0.0,
      "profit_factor": 0.0,
      "rolling_sharpe": 0.0,
      "sum_downside_r_squared": 0.0,
      "sum_r_squared": 0.0,
      "total_decisions": 0,
      "total_pnl_usd": 0.0,
      "total_r": 0.0,
      "win_rate": 0.0,
      "wins": 0
    },
    {
      "active": true,
      "agent_id": "gen29-mut396-funding-trend-v1",
      "expectancy_r": 0.0,
      "gross_loss_r": 0.0,
      "gross_win_r": 0.0,
      "last_r": 0.0,
      "losses": 0,
      "max_drawdown_r": 0.0,
      "peak_cum_r": 0.0,
      "profit_factor": 0.0,
      "rolling_sharpe": 0.0,
      "sum_downside_r_squared": 0.0,
      "sum_r_squared": 0.0,
      "total_decisions": 0,
      "total_pnl_usd": 0.0,
      "total_r": 0.0,
      "win_rate": 0.0,
      "wins": 0
    },
    {
      "active": true,
      "agent_id": "gen29-mut397-funding-arb-v1",
      "expectancy_r": 0.0,
      "gross_loss_r": 0.0,
      "gross_win_r": 0.0,
      "last_r": 0.0,
      "losses": 0,
      "max_drawdown_r": 0.0,
      "peak_cum_r": 0.0,
      "profit_factor": 0.0,
      "rolling_sharpe": 0.0,
      "sum_downside_r_squared": 0.0,
      "sum_r_squared": 0.0,
      "total_decisions": 0,
      "total_pnl_usd": 0.0,
      "total_r": 0.0,
      "win_rate": 0.0,
      "wins": 0
    },
    {
      "active": true,
      "agent_id": "gen29-mut398-polyedge-v1",
      "expectancy_r": 0.0,
      "gross_loss_r": 0.0,
      "gross_win_r": 0.0,
      "last_r": 0.0,
      "losses": 0,
      "max_drawdown_r": 0.0,
      "peak_cum_r": 0.0,
      "profit_factor": 0.0,
      "rolling_sharpe": 0.0,
      "sum_downside_r_squared": 0.0,
      "sum_r_squared": 0.0,
      "total_decisions": 0,
      "total_pnl_usd": 0.0,
      "total_r": 0.0,
      "win_rate": 0.0,
      "wins": 0
    },
    {
      "active": true,
      "agent_id": "gen29-mut399-liq-trend-v1",
      "expectancy_r": 0.0,
      "gross_loss_r": 0.0,
      "gross_win_r": 0.0,
      "last_r": 0.0,
      "losses": 0,
      "max_drawdown_r": 0.0,
      "peak_cum_r": 0.0,
      "profit_factor": 0.0,
      "rolling_sharpe": 0.0,
      "sum_downside_r_squared": 0.0,
      "sum_r_squared": 0.0,
      "total_decisions": 0,
      "total_pnl_usd": 0.0,
      "total_r": 0.0,
      "win_rate": 0.0,
      "wins": 0
    },
    {
      "active": true,
      "agent_id": "gen29-mut400-liq-fade-v0",
      "expectancy_r": 0.0,
      "gross_loss_r": 0.0,