{
  "agents": [
    {
      "active": true,
      "agent_id": "vol-breakout-v1",
      "expectancy_r": 0.8421598469363182,
      "gross_loss_r": 264.6609356674614,
      "gross_win_r": 901.3337799513181,
      "last_r": -1.1417083845731337,
      "losses": 258,
      "max_drawdown_r": 5.497204776236856,
      "peak_cum_r": 637.8145526684297,
      "profit_factor": 3.405616993222669,
      "rolling_sharpe": 0.6096130004538546,
      "sum_downside_r_squared": 286.503124913421,
      "sum_r_squared": 1977.0595095895903,
      "total_decisions": 756,
      "total_pnl_usd": 6366.728442838559,
      "total_r": 636.6728442838565,
      "win_rate": 0.6587301587301587,
      "wins": 498
    },
    {
      "active": true,
      "agent_id": "vol-breakout-v0",
      "expectancy_r": 0.7807577860069087,
      "gross_loss_r": 427.68621346113224,
      "gross_win_r": 1350.5419165212988,
      "last_r": 1.8849678350943353,
      "losses": 420,
      "max_drawdown_r": 5.3746873532020345,
      "peak_cum_r": 922.8557030601661,
      "profit_factor": 3.157786886773321,
      "rolling_sharpe": 0.5654524301608183,
      "sum_downside_r_squared": 460.86637616392943,
      "sum_r_squared": 2972.1223976701986,
      "total_decisions": 1182,
      "total_pnl_usd": 9228.557030601669,
      "total_r": 922.8557030601661,
      "win_rate": 0.6446700507614214,
      "wins": 762
    },
    {
      "active": true,
      "agent_id": "gen2-mut25-vol-breakout-v0",
      "expectancy_r": 0.7651935642814377,
      "gross_loss_r": 371.5149677103166,
      "gross_win_r": 1118.3438864489988,
      "last_r": 1.921353388428812,
      "losses": 366,
      "max_drawdown_r": 5.507957176917159,
      "peak_cum_r": 746.8289187386832,
      "profit_factor": 3.010225653468183,
      "rolling_sharpe": 0.5431703940834965,
      "sum_downside_r_squared": 397.83039460288813,
      "sum_r_squared": 2506.4423193011185,
      "total_decisions": 976,
      "total_pnl_usd": 7468.289187386812,
      "total_r": 746.8289187386832,
      "win_rate": 0.625,
      "wins": 610
    },
    {
      "active": true,
      "agent_id": "gen58-mut389-liq-trend-v1",
      "expectancy_r": 0.3144873896258216,
      "gross_loss_r": 16.813860586394874,
      "gross_win_r": 30.651305729931025,
      "last_r": -1.0795628261391592,
      "losses": 16,
      "max_drawdown_r": 9.997512762743884,
      "peak_cum_r": 17.093247681986963,
      "profit_factor": 1.8229784630623664,
      "rolling_sharpe": 0.2585112978892188,
      "sum_downside_r_squared": 17.927360247200337,
      "sum_r_squared": 67.98960653810465,
      "total_decisions": 44,
      "total_pnl_usd": 138.37445143536158,
      "total_r": 13.83744514353615,
      "win_rate": 0.6363636363636364,
      "wins": 28
    },
    {
      "active": true,
      "agent_id": "gen32-mut40-liq-fade-v0",
      "expectancy_r": 0.18297121513098635,
      "gross_loss_r": 12.968555825523156,
      "gross_win_r": 19.921462000500632,
      "last_r": -1.160831620355443,
      "losses": 17,
      "max_drawdown_r": 8.02040477993566,
      "peak_cum_r": 9.26253915118954,
      "profit_factor": 1.5361357323452778,
      "rolling_sharpe": 0.17768505655197506,
      "sum_downside_r_squared": 12.848010606994496,
      "sum_r_squared": 40.50644107489358,
      "total_decisions": 38,
      "total_pnl_usd": 69.52906174977483,
      "total_r": 6.952906174977482,
      "win_rate": 0.5526315789473685,
      "wins": 21
    },
    {
      "active": true,
      "agent_id": "funding-trend-v0",
      "expectancy_r": 0.0,
      "gross_loss_r": 0.0,
      "gross_win_r": 0.0,
      "last_r": 0.0,
      "losses": 0,
      "max_drawdown_r": 0.0,
      "peak_cum_r": 0.0,
      "profit_factor": 0.0,
      "rolling_sharpe": 0.0,
      "sum_downside_r_squared": 0.0,
      "sum_r_squared": 0.0,
      "total_decisions": 0,
      "total_pnl_usd": 0.0,
      "total_r": 0.0,
      "win_rate": 0.0,
      "wins": 0
    },
    {
      "active": true,
      "agent_id": "polyedge-v0",
      "expectancy_r": 0.0,
      "gross_loss_r": 0.0,
      "gross_win_r": 0.0,
      "last_r": 0.0,
      "losses": 0,
      "max_drawdown_r": 0.0,
      "peak_cum_r": 0.0,
      "profit_factor": 0.0,
      "rolling_sharpe": 0.0,
      "sum_downside_r_squared": 0.0,
      "sum_r_squared": 0.0,
      "total_decisions": 0,
      "total_pnl_usd": 0.0,
      "total_r": 0.0,
      "win_rate": 0.0,
      "wins": 0
    },
    {
      "active": true,
      "agent_id": "gen174-mut374-liq-trend-v1",
      "expectancy_r": 0.0,
      "gross_loss_r": 0.0,
      "gross_win_r": 0.0,
      "last_r": 0.0,
      "losses": 0,
      "max_drawdown_r": 0.0,
      "peak_cum_r": 0.0,
      "profit_factor": 0.0,
      "rolling_sharpe": 0.0,
      "sum_downside_r_squared": 0.0,
      "sum_r_squared": 0.0,
      "total_decisions": 0,
      "total_pnl_usd": 0.0,
      "total_r": 0.0,
      "win_rate": 0.0,
      "wins": 0
    },
    {
      "active": true,
      "agent_id": "gen174-mut375-liq-fade-v0",
      "expectancy_r": 0.0,
      "gross_loss_r": 0.0,
      "gross_win_r": 0.0,
      "last_r": 0.0,
      "losses": 0,
      "max_drawdown_r": 0.0,
      "peak_cum_r": 0.0,
      "profit_factor": 0.0,
      "rolling_sharpe": 0.0,
      "sum_downside_r_squared": 0.0,
      "sum_r_squared": 0.0,
      "total_decisions": 0,
      "total_pnl_usd": 0.0,
      "total_r": 0.0,
      "win_rate": 0.0,
      "wins": 0
    },
    {
      "active": true,
      "agent_id": "gen174-mut376-funding-trend-v1",
      "expectancy_r": 0.0,
      "gross_loss_r": 0.0,
      "gross_win_r": 0.0,
      "last_r": 0.0,
      "losses": 0,
      "max_drawdown_r": 0.0,
      "peak_cum_r": 0.0,
      "profit_factor": 0.0,
      "rolling_sharpe": 0.0,
      "sum_downside_r_squared": 0.0,
      "sum_r_squared": 0.0,
      "total_decisions": 0,
      "total_pnl_usd": 0.0,
      "total_r": 0.0,
      "win_rate": 0.0,
      "wins": 0
    },
    {
      "active": true,
      "agent_id": "gen174-mut377-funding-arb-v1",
      "expectancy_r": 0.0,
      "gross_loss_r": 0.0,
      "gross_win_r": 0.0,
      "last_r": 0.0,
      "losses": 0,
      "max_drawdown_r": 0.0,
      "peak_cum_r": 0.0,
      "profit_factor": 0.0,
      "rolling_sharpe": 0.0,
      "sum_downside_r_squared": 0.0,
      "sum_r_squared": 0.0,
      "total_decisions": 0,
      "total_pnl_usd": 0.0,
      "total_r": 0.0,
      "win_rate": 0.0,
      "wins": 0
    },
    {
      "active": true,
      "agent_id": "gen174-mut378-polyedge-v1",
      "expectancy_r": 0.0,
      "gross_loss_r": 0.0,
      "gross_win_r": 0.0,
      "last_r": 0.0,
      "losses": 0,
      "max_drawdown_r": 0.0,
      "peak_cum_r": 0.0,
      "profit_factor": 0.0,
      "rolling_sharpe": 0.0,
      "sum_downside_r_squared": 0.0,
      "sum_r_squared": 0.0,
      "total_decisions": 0,
      "total_pnl_usd": 0.0,
      "total_r": 0.0,
      "win_rate": 0.0,
      "wins": 0
    },
    {
      "active": true,
      "agent_id": "gen174-mut379-liq-trend-v1",
      "expectancy_r": 0.0,
      "gross_loss_r": 0.0,
      "gross_win_r": 0.0,
      "last_r": 0.0,
      "losses": 0,
      "max_drawdown_r": 0.0,
      "peak_cum_r": 0.0,
      "profit_factor": 0.0,
      "rolling_sharpe": 0.0,
      "sum_downside_r_squared": 0.0,
      "sum_r_squared": 0.0,
      "total_decisions": 0,
      "total_pnl_usd": 0.0,
      "total_r": 0.0,
      "win_rate": 0.0,
      "wins": 0
    },
    {
      "active": true,
      "agent_id": "gen174-mut380-liq-fade-v0",
      "expectancy_r": 0.0,
      "gross_loss_r": 0.0,
      "gross_win_r": 0.0,
      "last_r": 0.0,
      "losses": 0,
      "max_drawdown_r": 0.0,
      "peak_cum_r": 0.0,
      "profit_factor": 0.0,
      "rolling_sharpe": 0.0,
      "sum_downside_r_squared": 0.0,
      "sum_r_squared": 0.0,
      "total_decisions": 0,
      "total_pnl_usd": 0.0,
      "total_r": 0.0,
      "win_rate": 0.0,
      "wins": 0
    },
    {
      "active": true,
      "agent_id": "gen174-mut381-funding-trend-v0",
      "expectancy_r": 0.0,