{
  "agents": [
    {
      "active": true,
      "agent_id": "gen58-mut394-liq-trend-v1",
      "expectancy_r": 0.15060803649930604,
      "gross_loss_r": 0.0,
      "gross_win_r": 0.3012160729986121,
      "last_r": 0.1305698524371311,
      "losses": 0,
      "max_drawdown_r": 0.0,
      "peak_cum_r": 0.3012160729986121,
      "profit_factor": null,
      "rolling_sharpe": 5.314651446429104,
      "sum_downside_r_squared": 0.0,
      "sum_r_squared": 0.0461686189573718,
      "total_decisions": 2,
      "total_pnl_usd": 3.0121607299861206,
      "total_r": 0.3012160729986121,
      "win_rate": 1.0,
      "wins": 2
    },
    {
      "active": true,
      "agent_id": "gen58-mut384-liq-trend-v1",
      "expectancy_r": 1.339946808456419,
      "gross_loss_r": 0.0,
      "gross_win_r": 2.679893616912838,
      "last_r": 1.8471593574459206,
      "losses": 0,
      "max_drawdown_r": 0.0,
      "peak_cum_r": 2.679893616912838,
      "profit_factor": null,
      "rolling_sharpe": 1.8680245127539565,
      "sum_downside_r_squared": 0.0,
      "sum_r_squared": 4.105444038689941,
      "total_decisions": 2,
      "total_pnl_usd": 26.798936169128382,
      "total_r": 2.679893616912838,
      "win_rate": 1.0,
      "wins": 2
    },
    {
      "active": true,
      "agent_id": "vol-breakout-v1",
      "expectancy_r": 0.855363571069253,
      "gross_loss_r": 88.22031188915385,
      "gross_win_r": 308.9041132250211,
      "last_r": 1.845675294395121,
      "losses": 86,
      "max_drawdown_r": 5.497204776236856,
      "peak_cum_r": 220.68380133586726,
      "profit_factor": 3.5015078343086086,
      "rolling_sharpe": 0.6236973304567871,
      "sum_downside_r_squared": 95.50104163780698,
      "sum_r_squared": 672.142854258727,
      "total_decisions": 258,
      "total_pnl_usd": 2206.838013358672,
      "total_r": 220.68380133586726,
      "win_rate": 0.6666666666666666,
      "wins": 172
    },
    {
      "active": true,
      "agent_id": "vol-breakout-v0",
      "expectancy_r": 0.7901891927178571,
      "gross_loss_r": 142.56207115371083,
      "gross_win_r": 458.6377482408535,
      "last_r": 0.9347532886742178,
      "losses": 140,
      "max_drawdown_r": 5.374687353201978,
      "peak_cum_r": 316.0756770871429,
      "profit_factor": 3.217109182893036,
      "rolling_sharpe": 0.5747964743874253,
      "sum_downside_r_squared": 153.62212538797655,
      "sum_r_squared": 1003.8212715756181,
      "total_decisions": 400,
      "total_pnl_usd": 3160.756770871423,
      "total_r": 316.0756770871429,
      "win_rate": 0.65,
      "wins": 260
    },
    {
      "active": true,
      "agent_id": "gen2-mut25-vol-breakout-v0",
      "expectancy_r": 0.7539119445109254,
      "gross_loss_r": 122.72818195201411,
      "gross_win_r": 365.487828084532,
      "last_r": 1.845675294395121,
      "losses": 122,
      "max_drawdown_r": 5.507957176917131,
      "peak_cum_r": 242.75964613251796,
      "profit_factor": 2.978026906871604,
      "rolling_sharpe": 0.5361435634301651,
      "sum_downside_r_squared": 131.2176776853891,
      "sum_r_squared": 817.7421800847369,
      "total_decisions": 322,
      "total_pnl_usd": 2427.5964613251786,
      "total_r": 242.75964613251796,
      "win_rate": 0.6211180124223602,
      "wins": 200
    },
    {
      "active": true,
      "agent_id": "gen32-mut40-liq-fade-v0",
      "expectancy_r": 0.18297121513098633,
      "gross_loss_r": 12.968555825523156,
      "gross_win_r": 19.921462000500632,
      "last_r": -1.160831620355443,
      "losses": 17,
      "max_drawdown_r": 8.02040477993566,
      "peak_cum_r": 9.262539151189541,
      "profit_factor": 1.5361357323452778,
      "rolling_sharpe": 0.17768505655197503,
      "sum_downside_r_squared": 12.848010606994494,
      "sum_r_squared": 40.50644107489358,
      "total_decisions": 38,
      "total_pnl_usd": 69.52906174977483,
      "total_r": 6.95290617497748,
      "win_rate": 0.5526315789473685,
      "wins": 21
    },
    {
      "active": true,
      "agent_id": "gen8-mut106-liq-trend-v1",
      "expectancy_r": 0.17913783133738218,
      "gross_loss_r": 17.13778818173334,
      "gross_win_r": 24.303301435228622,
      "last_r": -1.0578151640546016,
      "losses": 20,
      "max_drawdown_r": 8.459410640376621,
      "peak_cum_r": 11.481274172409924,
      "profit_factor": 1.418111904378232,
      "rolling_sharpe": 0.14884928550255452,
      "sum_downside_r_squared": 17.378123492642768,
      "sum_r_squared": 57.77025198908811,
      "total_decisions": 40,
      "total_pnl_usd": 71.65513253495286,
      "total_r": 7.165513253495287,
      "win_rate": 0.5,
      "wins": 20
    },
    {
      "active": true,
      "agent_id": "gen58-mut389-liq-trend-v1",
      "expectancy_r": 0.48583910658764023,
      "gross_loss_r": 0.0,
      "gross_win_r": 0.48583910658764023,
      "last_r": 0.48583910658764023,
      "losses": 0,
      "max_drawdown_r": 0.0,
      "peak_cum_r": 0.48583910658764023,
      "profit_factor": null,
      "rolling_sharpe": 0.0,
      "sum_downside_r_squared": 0.0,
      "sum_r_squared": 0.23603963748987644,
      "total_decisions": 1,
      "total_pnl_usd": 4.858391065876402,
      "total_r": 0.48583910658764023,
      "win_rate": 1.0,
      "wins": 1
    },
    {
      "active": true,
      "agent_id": "funding-trend-v0",
      "expectancy_r": 0.0,
      "gross_loss_r": 0.0,
      "gross_win_r": 0.0,
      "last_r": 0.0,
      "losses": 0,
      "max_drawdown_r": 0.0,
      "peak_cum_r": 0.0,
      "profit_factor": 0.0,
      "rolling_sharpe": 0.0,
      "sum_downside_r_squared": 0.0,
      "sum_r_squared": 0.0,
      "total_decisions": 0,
      "total_pnl_usd": 0.0,
      "total_r": 0.0,
      "win_rate": 0.0,
      "wins": 0
    },
    {
      "active": true,
      "agent_id": "funding-arb-v0",
      "expectancy_r": 0.0,
      "gross_loss_r": 0.0,
      "gross_win_r": 0.0,
      "last_r": 0.0,
      "losses": 0,
      "max_drawdown_r": 0.0,
      "peak_cum_r": 0.0,
      "profit_factor": 0.0,
      "rolling_sharpe": 0.0,
      "sum_downside_r_squared": 0.0,
      "sum_r_squared": 0.0,
      "total_decisions": 0,
      "total_pnl_usd": 0.0,
      "total_r": 0.0,
      "win_rate": 0.0,
      "wins": 0
    },
    {
      "active": true,
      "agent_id": "polyedge-v0",
      "expectancy_r": 0.0,
      "gross_loss_r": 0.0,
      "gross_win_r": 0.0,
      "last_r": 0.0,
      "losses": 0,
      "max_drawdown_r": 0.0,
      "peak_cum_r": 0.0,
      "profit_factor": 0.0,
      "rolling_sharpe": 0.0,
      "sum_downside_r_squared": 0.0,
      "sum_r_squared": 0.0,
      "total_decisions": 0,
      "total_pnl_usd": 0.0,
      "total_r": 0.0,
      "win_rate": 0.0,
      "wins": 0
    },
    {
      "active": true,
      "agent_id": "gen58-mut385-liq-fade-v0",
      "expectancy_r": 0.0,
      "gross_loss_r": 0.0,
      "gross_win_r": 0.0,
      "last_r": 0.0,
      "losses": 0,
      "max_drawdown_r": 0.0,
      "peak_cum_r": 0.0,
      "profit_factor": 0.0,
      "rolling_sharpe": 0.0,
      "sum_downside_r_squared": 0.0,
      "sum_r_squared": 0.0,
      "total_decisions": 0,
      "total_pnl_usd": 0.0,
      "total_r": 0.0,
      "win_rate": 0.0,
      "wins": 0
    },
    {
      "active": true,
      "agent_id": "gen58-mut386-funding-trend-v1",
      "expectancy_r": 0.0,
      "gross_loss_r": 0.0,
      "gross_win_r": 0.0,
      "last_r": 0.0,
      "losses": 0,
      "max_drawdown_r": 0.0,
      "peak_cum_r": 0.0,
      "profit_factor": 0.0,
      "rolling_sharpe": 0.0,
      "sum_downside_r_squared": 0.0,
      "sum_r_squared": 0.0,
      "total_decisions": 0,
      "total_pnl_usd": 0.0,
      "total_r": 0.0,
      "win_rate": 0.0,
      "wins": 0
    },
    {
      "active": true,
      "agent_id": "gen58-mut387-funding-arb-v1",
      "expectancy_r": 0.0,
      "gross_loss_r": 0.0,
      "gross_win_r": 0.0,
      "last_r": 0.0,
      "losses": 0,
      "max_drawdown_r": 0.0,
      "peak_cum_r": 0.0,
      "profit_factor": 0.0,
      "rolling_sharpe": 0.0,