{
  "agents": [
    {
      "active": true,
      "agent_id": "vol-breakout-v1",
      "expectancy_r": 0.8784727989024397,
      "gross_loss_r": 570.6500616389573,
      "gross_win_r": 2083.3802213489616,
      "last_r": -0.08772117560013937,
      "losses": 562,
      "max_drawdown_r": 5.49720477623714,
      "peak_cum_r": 1512.8178808856012,
      "profit_factor": 3.6508893302583902,
      "rolling_sharpe": 0.6454648625651692,
      "sum_downside_r_squared": 615.5551032424027,
      "sum_r_squared": 4516.701328024928,
      "total_decisions": 1722,
      "total_pnl_usd": 15127.301597100077,
      "total_r": 1512.730159710001,
      "win_rate": 0.6736353077816493,
      "wins": 1160
    },
    {
      "active": true,
      "agent_id": "vol-breakout-v0",
      "expectancy_r": 0.7627164742234589,
      "gross_loss_r": 985.2656560237084,
      "gross_win_r": 3052.227301169296,
      "last_r": -0.08772117560013937,
      "losses": 975,
      "max_drawdown_r": 5.374687353202262,
      "peak_cum_r": 2067.5242566443544,
      "profit_factor": 3.097872418985292,
      "rolling_sharpe": 0.5532848041491688,
      "sum_downside_r_squared": 1058.6427579685499,
      "sum_r_squared": 6724.496637903939,
      "total_decisions": 2710,
      "total_pnl_usd": 20669.6164514558,
      "total_r": 2066.9616451455736,
      "win_rate": 0.6402214022140221,
      "wins": 1735
    },
    {
      "active": true,
      "agent_id": "gen2-mut25-vol-breakout-v0",
      "expectancy_r": 0.7710155212322349,
      "gross_loss_r": 852.7048546074157,
      "gross_win_r": 2590.573839464869,
      "last_r": -0.08772117560013937,
      "losses": 840,
      "max_drawdown_r": 5.507957176917216,
      "peak_cum_r": 1737.9872232119121,
      "profit_factor": 3.03806624937953,
      "rolling_sharpe": 0.5482431743590558,
      "sum_downside_r_squared": 912.6544622844804,
      "sum_r_squared": 5795.880708991025,
      "total_decisions": 2254,
      "total_pnl_usd": 17378.689848574577,
      "total_r": 1737.8689848574575,
      "win_rate": 0.6273291925465838,
      "wins": 1414
    },
    {
      "active": true,
      "agent_id": "gen31-mut40-liq-fade-v0",
      "expectancy_r": 0.18297121513098635,
      "gross_loss_r": 12.968555825523156,
      "gross_win_r": 19.921462000500632,
      "last_r": -1.160831620355443,
      "losses": 17,
      "max_drawdown_r": 8.02040477993566,
      "peak_cum_r": 9.26253915118954,
      "profit_factor": 1.5361357323452778,
      "rolling_sharpe": 0.17768505655197506,
      "sum_downside_r_squared": 12.848010606994494,
      "sum_r_squared": 40.50644107489358,
      "total_decisions": 38,
      "total_pnl_usd": 69.52906174977483,
      "total_r": 6.952906174977482,
      "win_rate": 0.5526315789473685,
      "wins": 21
    },
    {
      "active": true,
      "agent_id": "gen8-mut106-liq-trend-v1",
      "expectancy_r": 0.17913783133738218,
      "gross_loss_r": 17.13778818173334,
      "gross_win_r": 24.303301435228622,
      "last_r": -1.0578151640546016,
      "losses": 20,
      "max_drawdown_r": 8.459410640376621,
      "peak_cum_r": 11.481274172409924,
      "profit_factor": 1.418111904378232,
      "rolling_sharpe": 0.14884928550255452,
      "sum_downside_r_squared": 17.378123492642768,
      "sum_r_squared": 57.77025198908811,
      "total_decisions": 40,
      "total_pnl_usd": 71.65513253495286,
      "total_r": 7.165513253495287,
      "win_rate": 0.5,
      "wins": 20
    },
    {
      "active": true,
      "agent_id": "funding-trend-v0",
      "expectancy_r": 0.0,
      "gross_loss_r": 0.0,
      "gross_win_r": 0.0,
      "last_r": 0.0,
      "losses": 0,
      "max_drawdown_r": 0.0,
      "peak_cum_r": 0.0,
      "profit_factor": 0.0,
      "rolling_sharpe": 0.0,
      "sum_downside_r_squared": 0.0,
      "sum_r_squared": 0.0,
      "total_decisions": 0,
      "total_pnl_usd": 0.0,
      "total_r": 0.0,
      "win_rate": 0.0,
      "wins": 0
    },
    {
      "active": true,
      "agent_id": "funding-arb-v0",
      "expectancy_r": 0.0,
      "gross_loss_r": 0.0,
      "gross_win_r": 0.0,
      "last_r": 0.0,
      "losses": 0,
      "max_drawdown_r": 0.0,
      "peak_cum_r": 0.0,
      "profit_factor": 0.0,
      "rolling_sharpe": 0.0,
      "sum_downside_r_squared": 0.0,
      "sum_r_squared": 0.0,
      "total_decisions": 0,
      "total_pnl_usd": 0.0,
      "total_r": 0.0,
      "win_rate": 0.0,
      "wins": 0
    },
    {
      "active": true,
      "agent_id": "polyedge-v0",
      "expectancy_r": 0.0,
      "gross_loss_r": 0.0,
      "gross_win_r": 0.0,
      "last_r": 0.0,
      "losses": 0,
      "max_drawdown_r": 0.0,
      "peak_cum_r": 0.0,
      "profit_factor": 0.0,
      "rolling_sharpe": 0.0,
      "sum_downside_r_squared": 0.0,
      "sum_r_squared": 0.0,
      "total_decisions": 0,
      "total_pnl_usd": 0.0,
      "total_r": 0.0,
      "win_rate": 0.0,
      "wins": 0
    },
    {
      "active": true,
      "agent_id": "gen392-mut378-liq-fade-v0",
      "expectancy_r": 0.0,
      "gross_loss_r": 0.0,
      "gross_win_r": 0.0,
      "last_r": 0.0,
      "losses": 0,
      "max_drawdown_r": 0.0,
      "peak_cum_r": 0.0,
      "profit_factor": 0.0,
      "rolling_sharpe": 0.0,
      "sum_downside_r_squared": 0.0,
      "sum_r_squared": 0.0,
      "total_decisions": 0,
      "total_pnl_usd": 0.0,
      "total_r": 0.0,
      "win_rate": 0.0,
      "wins": 0
    },
    {
      "active": true,
      "agent_id": "gen392-mut379-funding-trend-v1",
      "expectancy_r": 0.0,
      "gross_loss_r": 0.0,
      "gross_win_r": 0.0,
      "last_r": 0.0,
      "losses": 0,
      "max_drawdown_r": 0.0,
      "peak_cum_r": 0.0,
      "profit_factor": 0.0,
      "rolling_sharpe": 0.0,
      "sum_downside_r_squared": 0.0,
      "sum_r_squared": 0.0,
      "total_decisions": 0,
      "total_pnl_usd": 0.0,
      "total_r": 0.0,
      "win_rate": 0.0,
      "wins": 0
    },
    {
      "active": true,
      "agent_id": "gen392-mut380-funding-arb-v1",
      "expectancy_r": 0.0,
      "gross_loss_r": 0.0,
      "gross_win_r": 0.0,
      "last_r": 0.0,
      "losses": 0,
      "max_drawdown_r": 0.0,
      "peak_cum_r": 0.0,
      "profit_factor": 0.0,
      "rolling_sharpe": 0.0,
      "sum_downside_r_squared": 0.0,
      "sum_r_squared": 0.0,
      "total_decisions": 0,
      "total_pnl_usd": 0.0,
      "total_r": 0.0,
      "win_rate": 0.0,
      "wins": 0
    },
    {
      "active": true,
      "agent_id": "gen392-mut381-polyedge-v1",
      "expectancy_r": 0.0,
      "gross_loss_r": 0.0,
      "gross_win_r": 0.0,
      "last_r": 0.0,
      "losses": 0,
      "max_drawdown_r": 0.0,
      "peak_cum_r": 0.0,
      "profit_factor": 0.0,
      "rolling_sharpe": 0.0,
      "sum_downside_r_squared": 0.0,
      "sum_r_squared": 0.0,
      "total_decisions": 0,
      "total_pnl_usd": 0.0,
      "total_r": 0.0,
      "win_rate": 0.0,
      "wins": 0
    },
    {
      "active": true,
      "agent_id": "gen392-mut383-liq-fade-v0",
      "expectancy_r": 0.0,
      "gross_loss_r": 0.0,
      "gross_win_r": 0.0,
      "last_r": 0.0,
      "losses": 0,
      "max_drawdown_r": 0.0,
      "peak_cum_r": 0.0,
      "profit_factor": 0.0,
      "rolling_sharpe": 0.0,
      "sum_downside_r_squared": 0.0,
      "sum_r_squared": 0.0,
      "total_decisions": 0,
      "total_pnl_usd": 0.0,
      "total_r": 0.0,
      "win_rate": 0.0,
      "wins": 0
    },
    {
      "active": true,
      "agent_id": "gen392-mut384-funding-trend-v0",
      "expectancy_r": 0.0,
      "gross_loss_r": 0.0,
      "gross_win_r": 0.0,
      "last_r": 0.0,
      "losses": 0,
      "max_drawdown_r": 0.0,
      "peak_cum_r": 0.0,
      "profit_factor": 0.0,
      "rolling_sharpe": 0.0,
      "sum_downside_r_squared": 0.0,
      "sum_r_squared": 0.0,
      "total_decisions": 0,
      "total_pnl_usd": 0.0,
      "total_r": 0.0,
      "win_rate": 0.0,
      "wins": 0
    },
    {
      "active": true,
      "agent_id": "gen392-mut385-funding-arb-v0",
      "expectancy_r": 0.0,