{
  "agents": [
    {
      "active": true,
      "agent_id": "gen58-mut394-liq-trend-v1",
      "expectancy_r": 0.3157391521175815,
      "gross_loss_r": 0.0,
      "gross_win_r": 0.9472174563527446,
      "last_r": 0.6049507141470182,
      "losses": 0,
      "max_drawdown_r": 0.0,
      "peak_cum_r": 0.9472174563527446,
      "profit_factor": null,
      "rolling_sharpe": 1.2606117016009424,
      "sum_downside_r_squared": 0.0,
      "sum_r_squared": 0.4245391025883478,
      "total_decisions": 3,
      "total_pnl_usd": 9.472174563527446,
      "total_r": 0.9472174563527446,
      "win_rate": 1.0,
      "wins": 3
    },
    {
      "active": true,
      "agent_id": "vol-breakout-v1",
      "expectancy_r": 0.873290701786716,
      "gross_loss_r": 88.22031188915383,
      "gross_win_r": 315.2758943536999,
      "last_r": 1.859400248876088,
      "losses": 86,
      "max_drawdown_r": 5.497204776236856,
      "peak_cum_r": 227.05558246454615,
      "profit_factor": 3.573733617603105,
      "rolling_sharpe": 0.6360564555189173,
      "sum_downside_r_squared": 95.50104163780698,
      "sum_r_squared": 686.5173782853391,
      "total_decisions": 260,
      "total_pnl_usd": 2270.5558246454602,
      "total_r": 227.05558246454615,
      "win_rate": 0.6692307692307692,
      "wins": 174
    },
    {
      "active": true,
      "agent_id": "vol-breakout-v0",
      "expectancy_r": 0.8021081050144817,
      "gross_loss_r": 142.56207115371083,
      "gross_win_r": 465.00952936953234,
      "last_r": 1.8741088646395359,
      "losses": 140,
      "max_drawdown_r": 5.0454961550573785,
      "peak_cum_r": 322.44745821582165,
      "profit_factor": 3.261803967958334,
      "rolling_sharpe": 0.5828067837391909,
      "sum_downside_r_squared": 153.62212538797658,
      "sum_r_squared": 1018.1957956022301,
      "total_decisions": 402,
      "total_pnl_usd": 3224.474582158213,
      "total_r": 322.44745821582165,
      "win_rate": 0.6517412935323383,
      "wins": 262
    },
    {
      "active": true,
      "agent_id": "gen2-mut25-vol-breakout-v0",
      "expectancy_r": 0.7689241582135703,
      "gross_loss_r": 122.72818195201411,
      "gross_win_r": 371.8596092132108,
      "last_r": 1.859400248876088,
      "losses": 122,
      "max_drawdown_r": 5.507957176917131,
      "peak_cum_r": 249.1314272611968,
      "profit_factor": 3.0299447388425045,
      "rolling_sharpe": 0.5460181161090522,
      "sum_downside_r_squared": 131.2176776853891,
      "sum_r_squared": 832.1167041113489,
      "total_decisions": 324,
      "total_pnl_usd": 2491.314272611967,
      "total_r": 249.1314272611968,
      "win_rate": 0.6234567901234568,
      "wins": 202
    },
    {
      "active": true,
      "agent_id": "gen58-mut384-liq-trend-v1",
      "expectancy_r": 0.4313491512180996,
      "gross_loss_r": 1.1261175336846851,
      "gross_win_r": 2.8515141385570835,
      "last_r": -1.1261175336846851,
      "losses": 1,
      "max_drawdown_r": 1.1261175336846851,
      "peak_cum_r": 2.8515141385570835,
      "profit_factor": 2.5321638756718907,
      "rolling_sharpe": 0.3461409718940022,
      "sum_downside_r_squared": 1.2681406996720779,
      "sum_r_squared": 5.403038341811461,
      "total_decisions": 4,
      "total_pnl_usd": 17.25396604872398,
      "total_r": 1.7253966048723983,
      "win_rate": 0.75,
      "wins": 3
    },
    {
      "active": true,
      "agent_id": "gen32-mut40-liq-fade-v0",
      "expectancy_r": 0.18297121513098633,
      "gross_loss_r": 12.968555825523156,
      "gross_win_r": 19.921462000500632,
      "last_r": -1.160831620355443,
      "losses": 17,
      "max_drawdown_r": 8.02040477993566,
      "peak_cum_r": 9.262539151189541,
      "profit_factor": 1.5361357323452778,
      "rolling_sharpe": 0.17768505655197503,
      "sum_downside_r_squared": 12.848010606994494,
      "sum_r_squared": 40.50644107489358,
      "total_decisions": 38,
      "total_pnl_usd": 69.52906174977483,
      "total_r": 6.95290617497748,
      "win_rate": 0.5526315789473685,
      "wins": 21
    },
    {
      "active": true,
      "agent_id": "gen8-mut106-liq-trend-v1",
      "expectancy_r": 0.17913783133738218,
      "gross_loss_r": 17.13778818173334,
      "gross_win_r": 24.303301435228622,
      "last_r": -1.0578151640546016,
      "losses": 20,
      "max_drawdown_r": 8.459410640376621,
      "peak_cum_r": 11.481274172409924,
      "profit_factor": 1.418111904378232,
      "rolling_sharpe": 0.1488492855025545,
      "sum_downside_r_squared": 17.378123492642768,
      "sum_r_squared": 57.77025198908812,
      "total_decisions": 40,
      "total_pnl_usd": 71.65513253495286,
      "total_r": 7.165513253495287,
      "win_rate": 0.5,
      "wins": 20
    },
    {
      "active": true,
      "agent_id": "gen58-mut395-liq-fade-v0",
      "expectancy_r": 0.510256343912227,
      "gross_loss_r": 0.0,
      "gross_win_r": 0.510256343912227,
      "last_r": 0.510256343912227,
      "losses": 0,
      "max_drawdown_r": 0.0,
      "peak_cum_r": 0.510256343912227,
      "profit_factor": null,
      "rolling_sharpe": 0.0,
      "sum_downside_r_squared": 0.0,
      "sum_r_squared": 0.26036153650267285,
      "total_decisions": 1,
      "total_pnl_usd": 5.10256343912227,
      "total_r": 0.510256343912227,
      "win_rate": 1.0,
      "wins": 1
    },
    {
      "active": true,
      "agent_id": "funding-trend-v0",
      "expectancy_r": 0.0,
      "gross_loss_r": 0.0,
      "gross_win_r": 0.0,
      "last_r": 0.0,
      "losses": 0,
      "max_drawdown_r": 0.0,
      "peak_cum_r": 0.0,
      "profit_factor": 0.0,
      "rolling_sharpe": 0.0,
      "sum_downside_r_squared": 0.0,
      "sum_r_squared": 0.0,
      "total_decisions": 0,
      "total_pnl_usd": 0.0,
      "total_r": 0.0,
      "win_rate": 0.0,
      "wins": 0
    },
    {
      "active": true,
      "agent_id": "funding-arb-v0",
      "expectancy_r": 0.0,
      "gross_loss_r": 0.0,
      "gross_win_r": 0.0,
      "last_r": 0.0,
      "losses": 0,
      "max_drawdown_r": 0.0,
      "peak_cum_r": 0.0,
      "profit_factor": 0.0,
      "rolling_sharpe": 0.0,
      "sum_downside_r_squared": 0.0,
      "sum_r_squared": 0.0,
      "total_decisions": 0,
      "total_pnl_usd": 0.0,
      "total_r": 0.0,
      "win_rate": 0.0,
      "wins": 0
    },
    {
      "active": true,
      "agent_id": "polyedge-v0",
      "expectancy_r": 0.0,
      "gross_loss_r": 0.0,
      "gross_win_r": 0.0,
      "last_r": 0.0,
      "losses": 0,
      "max_drawdown_r": 0.0,
      "peak_cum_r": 0.0,
      "profit_factor": 0.0,
      "rolling_sharpe": 0.0,
      "sum_downside_r_squared": 0.0,
      "sum_r_squared": 0.0,
      "total_decisions": 0,
      "total_pnl_usd": 0.0,
      "total_r": 0.0,
      "win_rate": 0.0,
      "wins": 0
    },
    {
      "active": true,
      "agent_id": "gen58-mut385-liq-fade-v0",
      "expectancy_r": 0.0,
      "gross_loss_r": 0.0,
      "gross_win_r": 0.0,
      "last_r": 0.0,
      "losses": 0,
      "max_drawdown_r": 0.0,
      "peak_cum_r": 0.0,
      "profit_factor": 0.0,
      "rolling_sharpe": 0.0,
      "sum_downside_r_squared": 0.0,
      "sum_r_squared": 0.0,
      "total_decisions": 0,
      "total_pnl_usd": 0.0,
      "total_r": 0.0,
      "win_rate": 0.0,
      "wins": 0
    },
    {
      "active": true,
      "agent_id": "gen58-mut386-funding-trend-v1",
      "expectancy_r": 0.0,
      "gross_loss_r": 0.0,
      "gross_win_r": 0.0,
      "last_r": 0.0,
      "losses": 0,
      "max_drawdown_r": 0.0,
      "peak_cum_r": 0.0,
      "profit_factor": 0.0,
      "rolling_sharpe": 0.0,
      "sum_downside_r_squared": 0.0,
      "sum_r_squared": 0.0,
      "total_decisions": 0,
      "total_pnl_usd": 0.0,
      "total_r": 0.0,
      "win_rate": 0.0,
      "wins": 0
    },
    {
      "active": true,
      "agent_id": "gen58-mut387-funding-arb-v1",
      "expectancy_r": 0.0,
      "gross_loss_r": 0.0,
      "gross_win_r": 0.0,
      "last_r": 0.0,
      "losses": 0,
      "max_drawdown_r": 0.0,