{
  "agents": [
    {
      "active": true,
      "agent_id": "vol-breakout-v1",
      "expectancy_r": 0.8421598469363178,
      "gross_loss_r": 485.2117153903464,
      "gross_win_r": 1652.4452632440841,
      "last_r": -1.1417083845731337,
      "losses": 473,
      "max_drawdown_r": 5.49720477623714,
      "peak_cum_r": 1168.3752562383097,
      "profit_factor": 3.4056169932226674,
      "rolling_sharpe": 0.6097964806688299,
      "sum_downside_r_squared": 525.2557290079378,
      "sum_r_squared": 3624.6091009142524,
      "total_decisions": 1386,
      "total_pnl_usd": 11672.335478537383,
      "total_r": 1167.2335478537366,
      "win_rate": 0.6587301587301587,
      "wins": 913
    },
    {
      "active": true,
      "agent_id": "vol-breakout-v0",
      "expectancy_r": 0.7807518660432734,
      "gross_loss_r": 784.0913913454089,
      "gross_win_r": 2475.9806850611885,
      "last_r": 1.9152699185287279,
      "losses": 770,
      "max_drawdown_r": 5.374687353202262,
      "peak_cum_r": 1691.8892937157734,
      "profit_factor": 3.157770525719835,
      "rolling_sharpe": 0.5655589240911364,
      "sum_downside_r_squared": 844.9216896338702,
      "sum_r_squared": 5448.842178424552,
      "total_decisions": 2167,
      "total_pnl_usd": 16918.892937157776,
      "total_r": 1691.8892937157734,
      "win_rate": 0.6446700507614214,
      "wins": 1397
    },
    {
      "active": true,
      "agent_id": "gen2-mut25-vol-breakout-v0",
      "expectancy_r": 0.7693528430204444,
      "gross_loss_r": 683.2722619282999,
      "gross_win_r": 2068.8767322081194,
      "last_r": -0.42020278384532495,
      "losses": 676,
      "max_drawdown_r": 5.507957176917216,
      "peak_cum_r": 1386.0246730636657,
      "profit_factor": 3.027895097584423,
      "rolling_sharpe": 0.5464330985038349,
      "sum_downside_r_squared": 731.465795427494,
      "sum_r_squared": 4634.222412386183,
      "total_decisions": 1801,
      "total_pnl_usd": 13856.044702798174,
      "total_r": 1385.6044702798204,
      "win_rate": 0.6246529705719045,
      "wins": 1125
    },
    {
      "active": true,
      "agent_id": "gen287-mut319-liq-trend-v1",
      "expectancy_r": 0.23560685252703828,
      "gross_loss_r": 19.930263726562657,
      "gross_win_r": 33.59546117313087,
      "last_r": -1.0513753820252074,
      "losses": 23,
      "max_drawdown_r": 10.989866734285396,
      "peak_cum_r": 16.551842991683404,
      "profit_factor": 1.6856506082433578,
      "rolling_sharpe": 0.21412532344913945,
      "sum_downside_r_squared": 20.075755633817593,
      "sum_r_squared": 72.23002721033147,
      "total_decisions": 58,
      "total_pnl_usd": 136.65197446568223,
      "total_r": 13.66519744656822,
      "win_rate": 0.603448275862069,
      "wins": 35
    },
    {
      "active": true,
      "agent_id": "gen175-mut13-funding-arb-v1",
      "expectancy_r": 0.1823833296685997,
      "gross_loss_r": 37.866021971509056,
      "gross_win_r": 50.63285504831104,
      "last_r": -1.0804231105841575,
      "losses": 37,
      "max_drawdown_r": 7.793902855139553,
      "peak_cum_r": 20.56073593194153,
      "profit_factor": 1.3371580222080877,
      "rolling_sharpe": 0.13301059966762246,
      "sum_downside_r_squared": 40.53717142025037,
      "sum_r_squared": 132.06038424207438,
      "total_decisions": 70,
      "total_pnl_usd": 127.6683307680198,
      "total_r": 12.766833076801976,
      "win_rate": 0.4714285714285714,
      "wins": 33
    },
    {
      "active": true,
      "agent_id": "gen280-mut231-liq-fade-v0",
      "expectancy_r": 0.14685810307518174,
      "gross_loss_r": 22.00171625293165,
      "gross_win_r": 28.610330891314835,
      "last_r": 0.15357229363131017,
      "losses": 25,
      "max_drawdown_r": 8.747796285818414,
      "peak_cum_r": 13.195295895576852,
      "profit_factor": 1.300368142303563,
      "rolling_sharpe": 0.11467631807669436,
      "sum_downside_r_squared": 22.632860785423293,
      "sum_r_squared": 73.13127619602584,
      "total_decisions": 45,
      "total_pnl_usd": 66.08614638383182,
      "total_r": 6.6086146383831785,
      "win_rate": 0.4444444444444444,
      "wins": 20
    },
    {
      "active": true,
      "agent_id": "gen316-mut307-liq-trend-v1",
      "expectancy_r": 0.0737741890210616,
      "gross_loss_r": 4.732446920646521,
      "gross_win_r": 5.617737188899261,
      "last_r": -0.8196063937641226,
      "losses": 7,
      "max_drawdown_r": 2.31166787837537,
      "peak_cum_r": 3.196958146628109,
      "profit_factor": 1.1870681875776423,
      "rolling_sharpe": 0.06620916929127971,
      "sum_downside_r_squared": 4.700455525382039,
      "sum_r_squared": 13.722625602567264,
      "total_decisions": 12,
      "total_pnl_usd": 8.852902682527391,
      "total_r": 0.8852902682527392,
      "win_rate": 0.4166666666666667,
      "wins": 5
    },
    {
      "active": true,
      "agent_id": "gen319-mut357-funding-arb-v1",
      "expectancy_r": 0.04447859235606738,
      "gross_loss_r": 0.5854757829474506,
      "gross_win_r": 0.6744329676595854,
      "last_r": 0.6744329676595854,
      "losses": 1,
      "max_drawdown_r": 0.5854757829474506,
      "peak_cum_r": 0.08895718471213476,
      "profit_factor": 1.151939990180805,
      "rolling_sharpe": 0.04992601925727389,
      "sum_downside_r_squared": 0.34278189241793033,
      "sum_r_squared": 0.7976417202840457,
      "total_decisions": 2,
      "total_pnl_usd": 0.8895718471213474,
      "total_r": 0.08895718471213476,
      "win_rate": 0.5,
      "wins": 1
    },
    {
      "active": true,
      "agent_id": "gen279-mut217-funding-trend-v0",
      "expectancy_r": 0.0,
      "gross_loss_r": 0.0,
      "gross_win_r": 0.0,
      "last_r": 0.0,
      "losses": 0,
      "max_drawdown_r": 0.0,
      "peak_cum_r": 0.0,
      "profit_factor": 0.0,
      "rolling_sharpe": 0.0,
      "sum_downside_r_squared": 0.0,
      "sum_r_squared": 0.0,
      "total_decisions": 0,
      "total_pnl_usd": 0.0,
      "total_r": 0.0,
      "win_rate": 0.0,
      "wins": 0
    },
    {
      "active": true,
      "agent_id": "polyedge-v0",
      "expectancy_r": 0.0,
      "gross_loss_r": 0.0,
      "gross_win_r": 0.0,
      "last_r": 0.0,
      "losses": 0,
      "max_drawdown_r": 0.0,
      "peak_cum_r": 0.0,
      "profit_factor": 0.0,
      "rolling_sharpe": 0.0,
      "sum_downside_r_squared": 0.0,
      "sum_r_squared": 0.0,
      "total_decisions": 0,
      "total_pnl_usd": 0.0,
      "total_r": 0.0,
      "win_rate": 0.0,
      "wins": 0
    },
    {
      "active": true,
      "agent_id": "gen319-mut346-liq-fade-v0",
      "expectancy_r": 0.0,
      "gross_loss_r": 0.0,
      "gross_win_r": 0.0,
      "last_r": 0.0,
      "losses": 0,
      "max_drawdown_r": 0.0,
      "peak_cum_r": 0.0,
      "profit_factor": 0.0,
      "rolling_sharpe": 0.0,
      "sum_downside_r_squared": 0.0,
      "sum_r_squared": 0.0,
      "total_decisions": 0,
      "total_pnl_usd": 0.0,
      "total_r": 0.0,
      "win_rate": 0.0,
      "wins": 0
    },
    {
      "active": true,
      "agent_id": "gen319-mut347-funding-trend-v1",
      "expectancy_r": 0.0,
      "gross_loss_r": 0.0,
      "gross_win_r": 0.0,
      "last_r": 0.0,
      "losses": 0,
      "max_drawdown_r": 0.0,
      "peak_cum_r": 0.0,
      "profit_factor": 0.0,
      "rolling_sharpe": 0.0,
      "sum_downside_r_squared": 0.0,
      "sum_r_squared": 0.0,
      "total_decisions": 0,
      "total_pnl_usd": 0.0,
      "total_r": 0.0,
      "win_rate": 0.0,
      "wins": 0
    },
    {
      "active": true,
      "agent_id": "gen319-mut348-polyedge-v1",
      "expectancy_r": 0.0,
      "gross_loss_r": 0.0,
      "gross_win_r": 0.0,
      "last_r": 0.0,
      "losses": 0,
      "max_drawdown_r": 0.0,
      "peak_cum_r": 0.0,
      "profit_factor": 0.0,
      "rolling_sharpe": 0.0,
      "sum_downside_r_squared": 0.0,
      "sum_r_squared": 0.0,
      "total_decisions": 0,
      "total_pnl_usd": 0.0,
      "total_r": 0.0,
      "win_rate": 0.0,