{"starting_equity":1000.0,"final_equity":63858.02153841578,"pnl_usd":62858.02153841578,"roi_pct":6285.802153841578,"n_trades":578,"win_rate":0.7491349480968859,"profit_factor":5.429673007017002,"sharpe":0.42614903647598745,"sortino":0.8603743484407336,"max_drawdown":0.031207645321368205,"calmar":2014.1866164883713,"start_ts":1745589600,"end_ts":1776870000,"strategy":"liq-trend @ 1% risk, compounded","universe":"Binance Futures BTCUSDT + ETHUSDT perps","data_points":86546}