{
  "agents": [
    {
      "active": true,
      "agent_id": "vol-breakout-v1",
      "expectancy_r": 0.8732864580155816,
      "gross_loss_r": 352.8812475566154,
      "gross_win_r": 1261.0991638928201,
      "last_r": 1.8377889238327885,
      "losses": 344,
      "max_drawdown_r": 5.497204776236856,
      "peak_cum_r": 908.2179163362049,
      "profit_factor": 3.5737211105004736,
      "rolling_sharpe": 0.6369752073500714,
      "sum_downside_r_squared": 382.00416655122774,
      "sum_r_squared": 2746.052105174213,
      "total_decisions": 1040,
      "total_pnl_usd": 9082.17916336204,
      "total_r": 908.2179163362049,
      "win_rate": 0.6692307692307692,
      "wins": 696
    },
    {
      "active": true,
      "agent_id": "vol-breakout-v0",
      "expectancy_r": 0.8021053602868808,
      "gross_loss_r": 570.248284614843,
      "gross_win_r": 1860.0337039561484,
      "last_r": 1.8591339151130082,
      "losses": 560,
      "max_drawdown_r": 5.374687353202262,
      "peak_cum_r": 1289.7854193413043,
      "profit_factor": 3.261796228308608,
      "rolling_sharpe": 0.5833505432636477,
      "sum_downside_r_squared": 614.4885015519054,
      "sum_r_squared": 4072.7657744417843,
      "total_decisions": 1608,
      "total_pnl_usd": 12897.85419341306,
      "total_r": 1289.7854193413043,
      "win_rate": 0.6517412935323383,
      "wins": 1048
    },
    {
      "active": true,
      "agent_id": "gen2-mut25-vol-breakout-v0",
      "expectancy_r": 0.7916034976947541,
      "gross_loss_r": 497.1672000923195,
      "gross_win_r": 1556.3326800078983,
      "last_r": 1.859115321326751,
      "losses": 494,
      "max_drawdown_r": 5.507957176917216,
      "peak_cum_r": 1059.165479915581,
      "profit_factor": 3.130400959111746,
      "rolling_sharpe": 0.5645782909511855,
      "sum_downside_r_squared": 531.3934902600552,
      "sum_r_squared": 3466.8815134093015,
      "total_decisions": 1338,
      "total_pnl_usd": 10591.654799155785,
      "total_r": 1059.165479915581,
      "win_rate": 0.6307922272047832,
      "wins": 844
    },
    {
      "active": true,
      "agent_id": "gen33-mut40-liq-fade-v0",
      "expectancy_r": 0.18297121513098633,
      "gross_loss_r": 12.968555825523156,
      "gross_win_r": 19.921462000500632,
      "last_r": -1.160831620355443,
      "losses": 17,
      "max_drawdown_r": 8.02040477993566,
      "peak_cum_r": 9.26253915118954,
      "profit_factor": 1.5361357323452778,
      "rolling_sharpe": 0.177685056551975,
      "sum_downside_r_squared": 12.848010606994494,
      "sum_r_squared": 40.50644107489359,
      "total_decisions": 38,
      "total_pnl_usd": 69.52906174977483,
      "total_r": 6.95290617497748,
      "win_rate": 0.5526315789473685,
      "wins": 21
    },
    {
      "active": true,
      "agent_id": "gen8-mut106-liq-trend-v1",
      "expectancy_r": 0.17913783133738218,
      "gross_loss_r": 17.13778818173334,
      "gross_win_r": 24.303301435228622,
      "last_r": -1.0578151640546016,
      "losses": 20,
      "max_drawdown_r": 8.459410640376621,
      "peak_cum_r": 11.481274172409924,
      "profit_factor": 1.418111904378232,
      "rolling_sharpe": 0.1488492855025545,
      "sum_downside_r_squared": 17.378123492642768,
      "sum_r_squared": 57.77025198908812,
      "total_decisions": 40,
      "total_pnl_usd": 71.65513253495286,
      "total_r": 7.165513253495287,
      "win_rate": 0.5,
      "wins": 20
    },
    {
      "active": true,
      "agent_id": "funding-trend-v0",
      "expectancy_r": 0.0,
      "gross_loss_r": 0.0,
      "gross_win_r": 0.0,
      "last_r": 0.0,
      "losses": 0,
      "max_drawdown_r": 0.0,
      "peak_cum_r": 0.0,
      "profit_factor": 0.0,
      "rolling_sharpe": 0.0,
      "sum_downside_r_squared": 0.0,
      "sum_r_squared": 0.0,
      "total_decisions": 0,
      "total_pnl_usd": 0.0,
      "total_r": 0.0,
      "win_rate": 0.0,
      "wins": 0
    },
    {
      "active": true,
      "agent_id": "funding-arb-v0",
      "expectancy_r": 0.0,
      "gross_loss_r": 0.0,
      "gross_win_r": 0.0,
      "last_r": 0.0,
      "losses": 0,
      "max_drawdown_r": 0.0,
      "peak_cum_r": 0.0,
      "profit_factor": 0.0,
      "rolling_sharpe": 0.0,
      "sum_downside_r_squared": 0.0,
      "sum_r_squared": 0.0,
      "total_decisions": 0,
      "total_pnl_usd": 0.0,
      "total_r": 0.0,
      "win_rate": 0.0,
      "wins": 0
    },
    {
      "active": true,
      "agent_id": "polyedge-v0",
      "expectancy_r": 0.0,
      "gross_loss_r": 0.0,
      "gross_win_r": 0.0,
      "last_r": 0.0,
      "losses": 0,
      "max_drawdown_r": 0.0,
      "peak_cum_r": 0.0,
      "profit_factor": 0.0,
      "rolling_sharpe": 0.0,
      "sum_downside_r_squared": 0.0,
      "sum_r_squared": 0.0,
      "total_decisions": 0,
      "total_pnl_usd": 0.0,
      "total_r": 0.0,
      "win_rate": 0.0,
      "wins": 0
    },
    {
      "active": true,
      "agent_id": "gen240-mut406-liq-trend-v1",
      "expectancy_r": 0.0,
      "gross_loss_r": 0.0,
      "gross_win_r": 0.0,
      "last_r": 0.0,
      "losses": 0,
      "max_drawdown_r": 0.0,
      "peak_cum_r": 0.0,
      "profit_factor": 0.0,
      "rolling_sharpe": 0.0,
      "sum_downside_r_squared": 0.0,
      "sum_r_squared": 0.0,
      "total_decisions": 0,
      "total_pnl_usd": 0.0,
      "total_r": 0.0,
      "win_rate": 0.0,
      "wins": 0
    },
    {
      "active": true,
      "agent_id": "gen240-mut407-liq-fade-v0",
      "expectancy_r": 0.0,
      "gross_loss_r": 0.0,
      "gross_win_r": 0.0,
      "last_r": 0.0,
      "losses": 0,
      "max_drawdown_r": 0.0,
      "peak_cum_r": 0.0,
      "profit_factor": 0.0,
      "rolling_sharpe": 0.0,
      "sum_downside_r_squared": 0.0,
      "sum_r_squared": 0.0,
      "total_decisions": 0,
      "total_pnl_usd": 0.0,
      "total_r": 0.0,
      "win_rate": 0.0,
      "wins": 0
    },
    {
      "active": true,
      "agent_id": "gen240-mut408-funding-trend-v1",
      "expectancy_r": 0.0,
      "gross_loss_r": 0.0,
      "gross_win_r": 0.0,
      "last_r": 0.0,
      "losses": 0,
      "max_drawdown_r": 0.0,
      "peak_cum_r": 0.0,
      "profit_factor": 0.0,
      "rolling_sharpe": 0.0,
      "sum_downside_r_squared": 0.0,
      "sum_r_squared": 0.0,
      "total_decisions": 0,
      "total_pnl_usd": 0.0,
      "total_r": 0.0,
      "win_rate": 0.0,
      "wins": 0
    },
    {
      "active": true,
      "agent_id": "gen240-mut409-funding-arb-v1",
      "expectancy_r": 0.0,
      "gross_loss_r": 0.0,
      "gross_win_r": 0.0,
      "last_r": 0.0,
      "losses": 0,
      "max_drawdown_r": 0.0,
      "peak_cum_r": 0.0,
      "profit_factor": 0.0,
      "rolling_sharpe": 0.0,
      "sum_downside_r_squared": 0.0,
      "sum_r_squared": 0.0,
      "total_decisions": 0,
      "total_pnl_usd": 0.0,
      "total_r": 0.0,
      "win_rate": 0.0,
      "wins": 0
    },
    {
      "active": true,
      "agent_id": "gen240-mut410-polyedge-v1",
      "expectancy_r": 0.0,
      "gross_loss_r": 0.0,
      "gross_win_r": 0.0,
      "last_r": 0.0,
      "losses": 0,
      "max_drawdown_r": 0.0,
      "peak_cum_r": 0.0,
      "profit_factor": 0.0,
      "rolling_sharpe": 0.0,
      "sum_downside_r_squared": 0.0,
      "sum_r_squared": 0.0,
      "total_decisions": 0,
      "total_pnl_usd": 0.0,
      "total_r": 0.0,
      "win_rate": 0.0,
      "wins": 0
    },
    {
      "active": true,
      "agent_id": "gen240-mut411-liq-trend-v1",
      "expectancy_r": 0.0,
      "gross_loss_r": 0.0,
      "gross_win_r": 0.0,
      "last_r": 0.0,
      "losses": 0,
      "max_drawdown_r": 0.0,
      "peak_cum_r": 0.0,
      "profit_factor": 0.0,
      "rolling_sharpe": 0.0,
      "sum_downside_r_squared": 0.0,
      "sum_r_squared": 0.0,
      "total_decisions": 0,
      "total_pnl_usd": 0.0,
      "total_r": 0.0,
      "win_rate": 0.0,
      "wins": 0
    },
    {
      "active": true,
      "agent_id": "gen240-mut412-liq-fade-v0",
      "expectancy_r": 0.0,
      "gross_loss_r": 0.0,